# Blender 5.0.1
# www.blender.org
mtllib MidasCloud.mtl
o Mball.010
v -0.937939 1.220862 6.137064
v -0.949174 1.048718 5.855768
v -0.686269 1.058983 6.426989
v -0.706619 0.812007 6.126983
v -0.651548 0.752571 6.111481
v -0.411752 1.230375 6.665282
v -0.472942 0.517631 5.543269
v -0.097245 1.042759 6.664802
v -0.373711 0.763599 6.401883
v -0.259737 0.524555 5.958879
v -0.318180 0.474705 5.532359
v 0.010199 0.723976 6.418893
v -0.022275 0.512083 5.978507
v -0.664684 -0.843615 3.813345
v -0.715418 -1.013764 3.640373
v -0.402213 -1.092480 3.880087
v -0.464832 -1.321770 3.540397
v -0.542999 -1.150885 3.685248
v -0.251048 -0.811861 4.078259
v -0.281242 -1.299667 3.718371
v -0.035125 -0.887637 4.074995
v -0.039141 -1.281044 3.803198
v -1.715480 1.204119 4.586477
v -1.718460 0.786536 4.315029
v -1.833565 1.292499 4.193625
v -1.701759 0.657956 3.951047
v -1.831474 1.066072 3.944029
v -1.720202 0.772022 3.596596
v -1.834630 1.316631 3.672320
v -1.465909 0.807098 4.848809
v -1.506241 1.267558 4.937204
v -1.482464 0.525592 4.574422
v -1.464011 0.292503 4.075511
v -1.454280 0.302102 3.708048
v -1.295993 0.536892 4.855715
v -1.261210 0.239253 4.529830
v -1.195068 0.074618 4.212106
v -0.952034 0.891536 5.501221
v -1.112219 1.170747 5.376262
v -1.067717 0.303765 4.852623
v -1.041452 0.886492 5.330576
v -0.904944 0.217442 4.881892
v -0.901609 0.010807 4.581168
v -0.925869 -0.183194 3.897517
v -1.069431 -0.057835 3.728572
v -0.768516 0.615303 5.359715
v -0.743033 -0.230634 4.131680
v -0.701973 -0.407196 3.976906
v -0.877147 -0.319324 3.716759
v -0.547372 0.038114 4.831743
v -0.566484 0.393638 5.235502
v -0.393498 -0.258776 4.352170
v -0.398912 -0.556213 4.092482
v -0.361261 -0.392925 4.219543
v -0.290530 0.339526 5.245407
v -0.298392 0.011398 4.836602
v -0.031777 0.449337 5.497039
v 0.079064 0.351622 5.234868
v -0.042709 -0.298763 4.318507
v 0.079859 -0.649934 4.135182
v -1.214151 -1.052687 1.987795
v -1.238047 -1.508911 1.763161
v -1.380911 -1.056443 1.618118
v -0.836944 -1.161388 2.390166
v -0.852631 -0.860087 2.396523
v -1.009930 -1.490483 2.100637
v -0.945169 -1.808367 1.947225
v -0.932565 -2.066709 1.530376
v -1.175168 -1.773004 1.538761
v -0.695993 -1.153081 3.434158
v -0.876706 -0.810538 3.385059
v -0.742290 -1.111386 3.175191
v -0.887076 -0.787735 3.181309
v -0.696576 -1.072893 2.696813
v -0.746426 -0.906339 2.657999
v -0.709775 -1.709788 2.236366
v -0.657451 -1.354239 2.483497
v -0.601574 -2.032580 2.020975
v -0.773932 -2.102407 1.727414
v -0.556548 -1.304138 3.179011
v -0.536427 -1.264703 2.911131
v -0.549715 -1.308145 2.651905
v -0.382543 -1.816378 2.325957
v -0.336166 -2.088275 2.091346
v -0.442088 -2.351864 1.507143
v -0.297447 -1.434230 3.334920
v -0.289760 -1.393750 2.917208
v -0.302679 -1.482482 2.626068
v -0.176069 -2.324003 1.775779
v -0.028946 -1.465163 3.376966
v -0.031777 -1.442548 2.917208
v -0.030154 -1.634105 2.530823
v -0.031777 -1.484961 2.706134
v -0.035159 -2.051735 2.185750
v 0.048339 -2.433135 1.399011
v -1.719438 1.134681 3.316353
v -1.715972 1.280505 2.004775
v -1.707816 0.927834 1.848108
v -1.713028 0.775362 1.500389
v -1.773855 1.184702 1.511750
v -1.466020 0.428261 3.413246
v -1.412738 0.663707 2.909873
v -1.510047 0.879908 2.929583
v -1.573138 1.167510 2.917208
v -1.481085 0.880525 2.559144
v -1.551354 1.292809 2.659844
v -1.584667 1.288034 2.413218
v -1.525437 0.498563 2.007093
v -1.408521 0.167989 1.746325
v -1.146584 0.084034 3.431904
v -1.169039 0.237678 3.129880
v -1.262331 0.428713 2.915817
v -1.252493 0.428320 2.652765
v -1.396440 0.658347 2.553852
v -1.271756 0.374711 2.430680
v -1.138186 -0.063886 2.122875
v -1.198937 -0.364332 1.902766
v -1.213389 -0.150137 1.924738
v -1.291338 -0.389871 1.669945
v -1.339809 -0.110111 1.524422
v -0.919991 -0.092321 3.101661
v -0.920507 0.032500 2.878691
v -0.911437 -0.392223 2.294745
v -0.904978 -0.043027 2.516445
v -0.934023 -0.248299 3.499003
v -0.912926 -0.202712 3.188560
v -0.784474 -0.653354 2.649223
v -0.784407 -0.408835 2.664369
v -0.875664 -0.021262 2.679530
v -0.963677 1.411791 6.131459
v -0.937864 1.635788 6.156384
v -0.922342 1.851783 5.958467
v -1.090299 1.421325 5.523271
v -1.053856 1.672720 5.511179
v -0.774744 1.425077 6.435278
v -0.703258 1.802230 6.427043
v -0.688560 2.098686 6.138803
v -0.782759 2.134750 5.495935
v -0.444877 1.412650 6.678273
v -0.416069 1.621664 6.670959
v -0.380824 2.095399 6.431471
v -0.433394 2.329306 5.908235
v -0.204567 1.827755 6.662351
v -0.220856 2.334434 6.131413
v -0.035254 1.486539 6.740361
v -0.030547 2.115264 6.469051
v -0.014006 2.324306 6.167760
v -0.011382 2.391112 5.830251
v -1.731807 1.820729 4.333864
v -1.836988 1.564610 3.948093
v -1.738043 1.835412 3.578419
v -1.500962 1.704814 4.868320
v -1.428351 1.945899 4.843689
v -1.709845 1.520483 4.588085
v -1.484162 2.118119 4.602974
v -1.695022 2.028822 4.047799
v -1.479472 2.363565 3.950711
v -1.661224 2.056747 3.713731
v -1.458829 2.331137 3.574410
v -1.185973 1.427393 5.299188
v -1.146637 1.682630 5.292446
v -1.282198 2.379466 4.571661
v -1.454485 2.330724 4.316617
v -1.203619 2.626176 3.952384
v -1.189432 2.602775 3.615023
v -0.965556 1.908413 5.482275
v -1.025224 1.944372 5.290891
v -1.161547 2.338874 4.794005
v -1.172255 2.604158 4.299831
v -0.816188 2.208284 5.243361
v -0.785438 2.450470 4.964142
v -0.932476 2.633193 4.601640
v -0.796245 2.844091 3.949740
v -0.701703 2.852393 3.643584
v -0.420405 2.360433 5.491297
v -0.568063 2.336915 5.293618
v -0.608280 2.610318 4.849291
v -0.657816 2.852884 4.309665
v -0.402852 2.933126 3.946960
v -0.275072 2.445152 5.183062
v -0.302206 2.681207 4.805448
v -0.296544 2.851009 4.463727
v -0.163201 2.938066 4.061139
v -0.271477 2.911837 3.609036
v -0.045747 2.417519 5.285434
v 0.109727 2.511491 5.014380
v 0.106741 2.856618 4.348767
v -1.706007 1.566060 3.280206
v -1.708606 1.642447 1.864422
v -1.773374 1.439390 1.507222
v -1.493757 2.148737 3.331492
v -1.440303 1.959383 2.953128
v -1.562475 1.552156 2.901250
v -1.457192 1.819616 2.659554
v -1.529222 1.696341 2.411451
v -1.447842 1.947495 2.404623
v -1.530827 2.098163 1.982806
v -1.714621 1.813782 1.492409
v -1.459637 2.323068 1.737790
v -1.113130 2.387281 2.948226
v -1.234966 2.252471 2.900387
v -1.178256 2.301351 2.664177
v -1.241908 2.268750 2.449291
v -1.201415 2.566970 1.972248
v -1.233215 2.605186 1.690467
v -0.926475 2.660581 3.314871
v -0.988658 2.560384 2.404281
v -0.838278 2.589669 2.971792
v -0.836816 2.593400 2.596226
v -0.698173 2.915361 2.028795
v -0.925486 2.859298 1.740815
v -0.544362 2.708435 3.006026
v -0.553886 2.737721 2.595838
v -0.426794 3.106109 1.499470
v -0.305007 2.757022 2.965876
v -0.190492 2.820706 2.654738
v -0.250621 3.086774 1.947598
v -0.063715 2.811351 3.265218
v 0.123223 2.761408 2.904537
v 0.070807 3.107018 2.020327
v -0.014585 3.167571 1.511750
v -1.206434 -1.799019 1.315537
v -1.389905 -1.409433 1.240205
v -1.434909 -1.046634 1.351886
v -1.210383 -1.774046 0.969955
v -1.443369 -0.973805 1.105225
v -1.375254 -1.281266 0.849801
v -1.388002 -0.840176 0.844998
v -1.218104 -1.548719 0.630666
v -1.231265 -1.207495 0.462440
v -1.237745 -0.812549 0.474238
v -0.946337 -2.089190 1.048405
v -0.963078 -1.835431 0.508072
v -0.831940 -1.634013 0.114454
v -0.888968 -1.441110 0.054290
v -0.921560 -1.153666 -0.015098
v -0.909387 -0.888286 -0.009846
v -0.959368 -1.725382 -0.687150
v -1.092703 -1.410207 -0.811141
v -1.024557 -0.694366 -0.728948
v -0.655852 -2.296109 1.234157
v -0.908214 -2.058756 0.792805
v -0.658323 -2.092709 0.503952
v -0.661401 -1.937650 0.275749
v -0.562352 -1.890017 0.046257
v -0.736441 -1.695760 -0.156242
v -0.876735 -1.384076 -0.235240
v -0.919209 -1.141791 -0.289660
v -0.886685 -0.913524 -0.214758
v -0.700247 -2.062345 -0.626090
v -0.909969 -0.858321 -0.384023
v -0.367458 -2.397050 1.115390
v -0.395902 -2.327408 0.750627
v -0.505648 -1.958813 -0.176065
v -0.311418 -2.124149 0.316392
v -0.184011 -2.079345 0.074052
v -0.273713 -2.071453 -0.142069
v -0.246931 -2.322244 -0.581614
v 0.109294 -2.439395 1.116746
v -0.040879 -2.368208 0.724256
v 0.093614 -2.177989 0.342584
v 0.128837 -2.160759 -0.180425
v -0.066338 -2.366012 -0.572031
v -1.714775 1.285654 0.981076
v -1.411540 0.139550 1.236209
v -1.687550 0.810896 1.170515
v -1.478489 0.573652 0.773816
v -1.615532 0.909527 0.853343
v -1.484608 1.055783 0.513838
v -1.345847 -0.382245 1.393239
v -1.319577 -0.184350 1.119130
v -1.224633 -0.135865 0.755834
v -1.267242 0.144726 0.754915
v -1.377136 0.996678 0.345175
v -1.209536 0.639617 0.250897
v -1.160526 0.663974 0.064642
v -1.259005 0.971903 0.070026
v -1.187050 0.624250 -0.221721
v -1.210026 0.851836 -0.099407
v -1.256119 1.167510 -0.178590
v -1.230207 0.310570 -0.520080
v -1.362895 1.046411 -0.443967
v -1.181115 -0.379685 0.582083
v -0.993114 0.130083 0.328423
v -0.806193 -0.374055 0.084556
v -0.964360 -0.124671 0.344059
v -0.859742 0.096855 0.093535
v -1.011846 0.372798 0.067255
v -0.864989 0.081199 -0.192777
v -0.936598 0.283991 -0.053892
v -0.917735 -0.217397 -0.525651
v -0.725416 -0.357472 -0.155754
v -0.743378 -0.144742 -0.155754
v -0.844295 -0.380389 -0.436573
v -0.676976 -0.257195 -0.056045
v -1.116733 -1.173434 -0.859985
v -0.972343 -1.822787 -0.910949
v -0.978787 -1.828458 -1.236336
v -1.125836 -1.331383 -1.212415
v -1.103992 -0.659252 -1.373328
v -0.952714 -1.728111 -1.539421
v -1.081828 -1.320905 -1.455216
v -0.959435 -1.366787 -1.740612
v -0.960160 -0.718718 -1.810076
v -0.742720 -2.116215 -0.897136
v -0.744451 -2.123379 -1.210522
v -0.690448 -2.070109 -1.572374
v -0.687061 -1.766101 -1.909828
v -0.700185 -1.412550 -2.041694
v -0.705089 -0.923577 -2.102630
v -0.451039 -2.331913 -0.887283
v -0.468475 -2.321305 -1.316056
v -0.404559 -2.084213 -1.869812
v -0.435413 -1.526805 -2.198134
v -0.376142 -1.012586 -2.328907
v -0.408872 -0.771822 -2.387989
v -0.098384 -2.459620 -0.957309
v -0.111037 -2.462727 -1.192779
v -0.240269 -2.325795 -1.610382
v -0.304626 -1.813400 -2.141119
v -0.082189 -2.359410 -1.636496
v -0.015210 -2.021060 -2.083405
v -0.031777 -1.670304 -2.276818
v -0.058165 -1.360530 -2.369826
v 0.004663 -1.041461 -2.568209
v -1.720325 0.957977 -1.596954
v -1.719874 1.099739 -1.594948
v -1.489044 0.537825 -0.804560
v -1.563289 0.898540 -0.835690
v -1.570536 1.184850 -0.873122
v -1.487155 0.254961 -1.067462
v -1.641096 0.651544 -1.210522
v -1.679539 1.032042 -1.207356
v -1.464262 0.076803 -1.493460
v -1.655601 0.523430 -1.553895
v -1.458368 0.091699 -1.844040
v -1.595133 0.411755 -1.858242
v -1.618098 0.659852 -2.059995
v -1.671505 1.033657 -1.988760
v -1.457327 0.266934 -2.185795
v -1.598603 1.034748 -2.242272
v -1.461382 0.543818 -2.410942
v -1.448321 0.900975 -2.542310
v -1.443493 1.173877 -2.546801
v -1.128715 -0.104538 -0.740687
v -1.152523 -0.298268 -1.016126
v -1.169283 -0.356673 -1.213744
v -1.160047 -0.414406 -1.488377
v -1.124151 -0.405197 -1.755519
v -1.219321 0.006100 -2.370827
v -0.997124 -0.390953 -0.693937
v -1.081775 -0.638372 -0.952539
v -0.968262 -0.459127 -2.069661
v -0.899087 -0.184537 -2.569540
v -0.887098 -0.658823 -1.998832
v -0.710436 -0.565174 -2.292369
v -0.346592 -0.513504 -2.649868
v -1.212106 0.314435 -2.657381
v -1.069492 0.684981 -3.003925
v -0.862124 0.207594 -2.989480
v -1.134761 1.019215 -2.981109
v -0.905856 0.415132 -3.090395
v -0.903746 0.635442 -3.312669
v -0.943845 0.951868 -3.379498
v -0.935113 1.180173 -3.341703
v -0.551536 -0.052261 -3.030941
v -0.738121 0.267721 -3.282709
v -0.703624 0.278355 -3.575720
v -0.686022 0.302009 -3.967465
v -0.839687 0.647031 -3.981950
v -0.886423 0.906571 -3.976012
v -0.871590 1.174229 -3.992343
v -0.699065 0.522157 -4.287190
v -0.707785 0.865460 -4.442495
v -0.687892 1.249768 -4.432845
v -0.416635 -0.260454 -2.874824
v -0.388111 -0.074996 -3.247965
v -0.400945 -0.027149 -3.533521
v -0.423129 0.242795 -4.429162
v -0.398676 0.614107 -4.704669
v -0.435917 0.871375 -4.740911
v -0.092834 -0.299875 -3.182663
v -0.383857 -0.008897 -3.977254
v -0.211736 -0.000782 -4.283535
v -0.138809 0.324798 -4.708526
v 0.122031 -0.842209 -2.933858
v -0.088183 -0.436460 -3.024197
v -0.020966 -0.218973 -3.344327
v -0.028060 -0.182102 -3.964037
v -0.006329 -0.008771 -4.433983
v -0.422632 1.228720 -4.730590
v 0.170977 0.238963 -4.748796
v 0.117306 0.688223 -4.959583
v -0.011626 0.899019 -4.957263
v 0.021792 1.189630 -4.951935
v -1.691628 1.770721 1.167026
v -1.473001 2.315189 1.328381
v -1.462354 2.196058 0.965259
v -1.515542 1.882606 0.725580
v -1.466914 1.565841 0.487729
v -1.382530 1.421157 0.333101
v -1.216746 2.600624 1.171848
v -1.230709 2.397510 0.763572
v -1.224988 2.106782 0.438653
v -1.213147 1.474000 -0.026026
v -1.163428 1.687292 0.030287
v -1.201413 1.517223 -0.180315
v -1.306877 1.425493 -0.436573
v -1.164983 1.745323 -0.381933
v -0.926274 2.855285 1.251488
v -0.970686 2.610852 0.684881
v -0.944616 2.229318 0.214513
v -1.015319 1.975513 0.031492
v -1.008940 1.917694 -0.178590
v -1.023407 1.966499 -0.385838
v -0.654435 2.859562 0.764774
v -0.760839 2.584324 0.440827
v -0.745276 2.264104 0.022611
v -0.796534 2.162359 -0.180488
v -0.759894 2.237643 -0.400747
v -0.385272 3.084680 1.175462
v -0.377670 2.531164 0.099692
v -0.403260 2.425860 -0.181844
v -0.549852 2.389517 -0.440027
v -0.314953 2.974638 0.775953
v -0.140296 2.856807 0.477943
v -0.140532 2.545789 -0.445048
v 0.093376 3.107566 0.978552
v 0.101047 2.575297 0.013031
v 0.121620 2.530107 -0.175390
v -1.483693 1.546708 -0.833026
v -1.458133 1.851578 -1.108609
v -1.616998 1.496224 -1.220702
v -1.670833 1.426326 -1.597856
v -1.559997 1.781272 -1.598482
v -1.612466 1.489755 -1.971399
v -1.461084 1.842922 -2.058231
v -1.468243 1.557521 -2.360009
v -1.176181 2.287731 -1.221976
v -1.389707 2.078976 -1.599363
v -1.187826 2.257377 -2.004641
v -1.216980 2.050114 -2.334592
v -1.304562 1.429436 -2.676262
v -1.219192 1.781939 -2.606247
v -1.201996 2.094467 -0.860157
v -1.169898 2.342113 -1.599142
v -0.950959 2.331828 -2.343850
v -0.970312 2.350991 -0.885461
v -0.857354 2.582926 -1.349470
v -0.841040 2.598814 -1.721115
v -0.708205 2.597521 -2.127262
v -0.613860 2.608920 -0.932540
v -0.544855 2.742070 -1.345105
v -0.521599 2.746329 -1.843036
v -0.155505 2.766100 -0.964250
v -0.142877 2.852495 -1.280148
v -0.177522 2.870013 -1.513160
v -0.162921 2.855476 -1.856748
v -0.378731 2.621755 -2.410308
v 0.093749 2.769083 -2.257375
v 0.083963 2.615146 -2.572618
v -0.986507 2.059796 -2.640621
v -0.930859 1.416561 -3.176793
v -0.675358 2.340258 -2.625846
v -0.877216 1.667217 -3.070187
v -0.616441 2.012714 -3.031864
v -0.716760 1.735500 -3.303024
v -0.848524 1.425493 -3.532370
v -0.809248 1.421288 -3.962882
v -0.689869 1.698304 -3.795484
v -0.704898 1.560645 -4.148514
v -0.466308 1.859876 -4.140603
v -0.429784 1.791312 -4.327550
v -0.496617 1.517741 -4.515843
v -0.139857 2.270167 -3.028526
v -0.443385 2.023930 -3.212511
v -0.131796 2.169862 -3.300817
v -0.430105 1.970161 -3.756839
v -0.125398 2.081163 -4.158147
v -0.189102 1.573755 -4.738603
v -0.270331 1.793096 -4.491027
v -0.133706 2.131598 -3.871534
v -0.043034 1.853502 -4.563229
v 0.133750 1.332751 -4.951764
v 0.185062 1.173961 6.664145
v 0.264711 0.812791 6.418312
v 0.374030 0.763688 6.294522
v 0.150775 0.526773 5.930561
v 0.266053 0.519063 5.483987
v 0.475946 1.060561 6.463754
v 0.549290 0.763939 6.002066
v 0.626964 0.795338 5.787093
v 0.627917 1.184178 6.388336
v 0.673566 0.954546 6.113122
v 0.865023 1.261289 5.893894
v 0.632068 0.793663 5.537836
v 0.871987 1.306184 5.566562
v 0.154519 -0.825567 4.072507
v 0.223385 -1.178569 3.839610
v 0.336809 -1.312446 3.596633
v 0.423050 -1.090526 3.797003
v 0.477789 -0.904714 3.863867
v 0.649867 -1.005031 3.596225
v 0.065623 0.037437 4.827550
v 0.304864 -0.053312 4.538511
v 0.190783 -0.271018 4.284136
v 0.358886 -0.431495 4.080125
v 0.466367 0.559955 5.245653
v 0.588986 0.252110 4.785065
v 0.405367 -0.308906 4.107893
v 0.566285 -0.061116 4.196598
v 0.835668 1.173369 5.348330
v 0.695477 0.760513 5.194874
v 0.893763 0.275166 4.350572
v 0.634701 -0.666875 3.781507
v 0.615024 -0.380389 3.823214
v 0.654996 -0.112006 3.925306
v 0.798819 0.077718 3.855596
v 0.700738 -0.161485 3.663590
v 0.812992 0.132323 3.479530
v 0.882741 1.040092 5.120805
v 0.912674 0.563523 4.734114
v 1.202174 1.131610 4.603986
v 1.147793 0.816245 4.558558
v 1.144894 0.590582 4.229592
v 1.151403 0.533559 3.943310
v 1.304206 0.912421 4.038719
v 1.338477 1.299784 4.190332
v 1.359246 1.300311 3.903373
v 0.227305 -1.424511 3.315705
v 0.226206 -1.390390 2.917208
v 0.211311 -1.507596 2.611311
v 0.245913 -2.066430 2.139999
v 0.203438 -2.323267 1.743990
v 0.443854 -1.297936 3.435638
v 0.460807 -1.305362 3.173759
v 0.411160 -1.298596 2.913998
v 0.466701 -1.341311 2.635638
v 0.618446 -1.134413 2.674242
v 0.514838 -1.822363 2.258934
v 0.408247 -1.534382 2.499168
v 0.632533 -2.069511 1.925336
v 0.478399 -2.334255 1.470511
v 0.695677 -1.006808 3.458506
v 0.719613 -1.011988 3.170996
v 0.636178 -1.057710 2.917208
v 0.678048 -0.907141 2.705742
v 0.643002 -1.308532 2.489624
v 0.825319 -1.637151 2.176408
v 0.805563 -0.766466 2.418911
v 0.871695 -1.809234 2.006757
v 0.866739 -2.059191 1.642239
v 0.756371 -1.168512 2.438488
v 1.123619 -1.380649 1.997831
v 1.144455 -1.649706 1.764573
v 0.894631 -2.104720 1.417512
v 1.152504 -1.173911 2.026769
v 1.249884 -1.080601 1.860133
v 1.166263 -1.810026 1.414459
v 1.289391 -1.412321 1.627292
v 1.398626 -1.054087 1.500968
v 0.791213 -0.638372 3.433174
v 0.745782 -0.110587 3.462844
v 0.803711 -0.641296 3.200107
v 0.751738 -0.144015 2.949029
v 0.817211 0.146546 3.168221
v 0.756898 -0.638372 2.917208
v 0.835240 0.061238 2.861661
v 0.747257 -0.461137 2.623207
v 0.842559 -0.150906 2.583922
v 0.824488 -0.399475 2.463798
v 1.145026 0.638087 3.234615
v 1.099755 0.437598 2.928587
v 1.161645 -0.161472 2.189429
v 1.169078 -0.607558 2.000121
v 1.254009 0.905130 3.243071
v 1.324458 1.296663 3.434890
v 1.331698 1.281968 3.175828
v 1.307913 0.696386 2.864272
v 1.339043 0.899141 2.944067
v 1.382821 1.293842 2.989140
v 1.211455 -0.393857 1.967488
v 1.355843 -0.091357 1.932216
v 1.377789 -0.638328 1.495919
v 1.381502 -0.362746 1.459330
v 1.387531 -0.217584 1.571256
v 1.419788 0.337169 2.420208
v 1.718066 0.868579 2.348027
v 1.666738 0.567256 2.238636
v 1.669019 1.123067 2.510237
v 1.908854 1.306232 2.017144
v 1.666824 0.295996 1.760793
v 1.886536 0.823853 1.828505
v 1.909077 0.779338 1.504784
v 1.967883 1.154126 1.489299
v 0.299291 1.428672 6.670741
v 0.170828 1.748674 6.672669
v 0.240702 2.070428 6.447168
v 0.349410 2.083189 6.374867
v 0.177143 2.331305 6.036849
v 0.300699 2.328845 5.738870
v 0.474877 1.776916 6.491271
v 0.649311 1.747767 6.339376
v 0.443896 2.167662 6.108318
v 0.657344 1.460201 6.415751
v 0.642591 2.007128 6.080658
v 0.876428 1.545585 5.922982
v 0.647366 2.076636 5.820605
v 0.869591 1.611218 5.661187
v 0.243666 2.339867 5.455947
v 0.247004 2.359094 5.224420
v 0.061923 2.663708 4.783981
v 0.339560 2.833148 3.851799
v 0.555564 2.132774 5.301327
v 0.581924 2.266144 4.996060
v 0.471249 2.616244 4.590052
v 0.667805 2.659763 3.832778
v 0.681800 1.984562 5.316092
v 0.869897 1.435699 5.288877
v 0.868787 1.657215 5.162453
v 0.840535 1.971195 4.966636
v 0.890311 2.290659 4.550721
v 0.639326 2.631348 4.304045
v 0.918544 2.439743 3.871463
v 0.991207 1.425493 4.981072
v 1.223836 1.426058 4.578362
v 1.162491 1.762057 4.586902
v 1.140982 2.067360 4.303779
v 0.909640 2.399265 4.271478
v 1.122470 2.175746 3.896534
v 1.314466 1.676977 4.097796
v 1.231834 1.951278 3.893422
v 1.270715 1.673216 3.243052
v 0.157268 2.853700 3.583202
v 0.226206 2.742406 3.175191
v 0.348061 2.791102 2.678663
v 0.240103 3.167089 1.507222
v 0.584350 2.593493 3.208159
v 0.508849 2.642750 2.945840
v 0.505551 2.965826 2.245512
v 0.815199 2.873743 2.229747
v 0.442307 3.101507 1.870429
v 0.614417 3.108357 1.492336
v 0.868284 2.435218 2.933538
v 0.851575 2.567469 2.698092
v 0.815385 2.976484 1.909615
v 1.133897 2.053696 3.422867
v 1.127215 2.058834 3.127980
v 0.899154 2.356304 3.175191
v 1.121572 2.198092 2.879639
v 1.122057 2.854065 1.742319
v 1.345745 1.819907 2.879100
v 1.198251 2.599147 2.285906
v 1.386103 2.576583 1.981477
v 1.666436 1.484648 2.510334
v 1.447580 2.313109 2.320636
v 1.737517 1.752976 2.291565
v 1.666108 2.043842 2.220591
v 1.659262 2.314041 1.751241
v 1.434991 2.618961 1.442569
v 1.880494 1.793222 1.821304
v 1.906754 1.820762 1.495040
v 1.968346 1.407587 1.484944
v 0.271515 -2.341156 0.725524
v 0.352909 -2.071998 0.084436
v 0.279292 -2.350900 -0.519507
v 0.558446 -2.323590 1.115860
v 0.422218 -2.317221 0.772379
v 0.544826 -2.067713 0.356852
v 0.715640 -1.933558 0.339328
v 0.480343 -2.091673 -0.167466
v 0.690830 -1.954203 -0.135918
v 0.896802 -2.117571 1.089181
v 0.861623 -2.079650 0.784127
v 0.717388 -1.864365 0.081196
v 0.740382 -2.136341 -0.443569
v 1.187076 -1.800857 1.103582
v 1.152246 -1.754758 0.791104
v 0.904518 -1.722604 0.295688
v 1.100062 -1.398421 0.339710
v 1.111589 -1.147329 0.260027
v 1.051918 -0.907938 0.131386
v 0.922279 -1.622909 0.079393
v 1.058025 -1.264071 0.072019
v 0.905461 -1.724942 -0.117376
v 1.080985 -1.427419 -0.173304
v 1.096792 -1.136778 -0.130043
v 1.095472 -0.932400 -0.179346
v 0.938907 -2.081230 -0.570508
v 1.263817 -0.644656 -0.598246
v 1.391466 -1.305900 1.312092
v 1.377562 -1.331807 0.988443
v 1.385966 -0.827571 0.903956
v 1.272786 -1.055450 0.559294
v 1.181285 -1.810908 -0.600527
v 1.408444 -1.090272 0.980017
v 0.853961 -0.258661 -0.046177
v 1.085926 -0.326474 0.430375
v 0.908122 -0.383808 0.070430
v 0.936979 -0.140813 0.070430
v 1.126858 0.181015 0.077732
v 0.939282 -0.386188 -0.160290
v 1.010766 -0.139480 -0.200358
v 1.087094 0.063495 -0.110948
v 1.372171 -0.464872 1.135773
v 1.316260 -0.380389 0.853343
v 1.381828 -0.042074 0.898712
v 1.203841 -0.401959 0.596516
v 1.109383 -0.085647 0.424379
v 1.142617 0.119672 0.314736
v 1.393898 0.608842 0.086614
v 1.244711 0.207128 -0.181446
v 1.185122 -0.380389 -0.494980
v 1.369752 -0.143460 -0.644096
v 1.414404 -0.178843 1.208011
v 1.625532 0.218916 1.292460
v 1.757861 0.541466 1.062230
v 1.684770 0.583751 0.790620
v 1.362821 0.444071 0.346744
v 1.430994 0.619294 0.273333
v 1.486742 0.909527 0.079393
v 1.513610 1.308398 0.081874
v 1.433410 0.621654 -0.113282
v 1.547339 0.925801 -0.218033
v 1.558592 1.166423 -0.234572
v 1.459864 0.281736 -0.414192
v 1.902288 0.951686 1.126313
v 1.908433 1.312845 0.981090
v 1.762349 0.871753 0.749434
v 1.602981 1.057852 0.361550
v 1.679950 0.555635 -0.557420
v 0.215471 -2.470200 -0.857963
v 0.218401 -2.469636 -1.331974
v 0.230126 -2.325752 -1.727386
v 0.235558 -2.084194 -2.030644
v 0.228721 -1.843762 -2.208612
v 0.243186 -1.394782 -2.397432
v 0.226206 -1.186758 -2.540396
v 0.629014 -2.327304 -0.666589
v 0.467642 -2.456020 -1.087103
v 0.533335 -2.336069 -1.589723
v 0.573939 -2.104431 -1.917111
v 0.565475 -1.825635 -2.155249
v 0.481854 -1.351196 -2.381928
v 0.665744 -1.241654 -2.370389
v 0.527246 -1.187308 -2.522239
v 0.763706 -2.326999 -0.952091
v 0.759848 -2.325438 -1.295966
v 0.812663 -2.078179 -1.767283
v 0.850615 -1.887423 -1.930660
v 0.867868 -1.513414 -2.118718
v 0.742729 -1.086704 -2.449726
v 1.135293 -2.024261 -0.960503
v 1.144775 -2.017179 -1.203708
v 0.951990 -2.101481 -1.554207
v 1.202574 -1.823903 -1.521512
v 1.127202 -1.829350 -1.656696
v 1.143699 -1.552388 -1.845061
v 0.959092 -1.105863 -2.171497
v 0.974932 -0.912411 -2.260650
v 0.884510 -0.772105 -2.834444
v 1.394713 -1.406245 -0.812912
v 1.403227 -1.117573 -0.786122
v 1.391245 -1.557799 -1.013691
v 1.395899 -0.638911 -1.056800
v 1.376437 -1.582061 -1.231260
v 1.394129 -1.317735 -1.414707
v 1.387373 -0.678679 -1.469060
v 1.275460 -1.355918 -1.684752
v 1.230030 -0.920942 -1.846598
v 1.427646 -1.225984 -1.214048
v 1.159616 -0.667775 -2.081550
v 1.357564 -0.394089 -0.797180
v 1.379451 -0.517217 -1.721445
v 1.312733 -0.223356 -2.454041
v 1.164543 -0.368612 -2.568542
v 1.683408 0.227954 -0.786466
v 1.662572 -0.032161 -1.111322
v 1.498960 -0.358814 -1.379420
v 1.685403 -0.075930 -1.750795
v 1.665717 -0.003502 -2.088792
v 1.662776 0.189126 -2.369582
v 1.479278 0.361980 -2.795616
v 1.895710 1.030053 -0.827010
v 1.917328 0.517918 -1.071527
v 1.744330 -0.000909 -1.471845
v 1.912066 0.325505 -1.467750
v 1.886352 0.281853 -1.818469
v 1.906620 0.537411 -2.130866
v 1.890469 0.908376 -2.323394
v 1.932373 1.187395 -2.226969
v 1.601068 0.615553 -2.768893
v 1.980616 1.187955 -1.122162
v 2.002180 0.830770 -1.218669
v 2.036926 0.772466 -1.600518
v 2.028067 1.281206 -1.475704
v 2.023302 1.277127 -1.733466
v 1.996438 0.840075 -1.971611
v 0.239525 -0.996288 -2.791301
v 0.494559 -0.922911 -2.947055
v 0.781712 -0.833914 -2.889076
v 0.261416 -0.541001 -3.151910
v 0.227073 -0.376336 -3.276552
v 0.371679 -0.264056 -3.554469
v 0.358402 -0.250835 -3.933653
v 0.208345 -0.054118 -4.442927
v 0.519693 -0.571604 -3.147753
v 0.489329 -0.359343 -3.301344
v 0.732618 -0.212696 -3.327805
v 0.530190 -0.034431 -4.457422
v 0.724775 -0.335379 -3.187199
v 0.749227 -0.165518 -3.951021
v 0.840453 -0.019659 -4.293742
v 0.733324 0.138094 -4.561144
v 0.850949 0.410849 -4.738115
v 0.984104 -0.169741 -3.020858
v 0.989010 -0.051871 -3.291348
v 1.084852 0.000413 -3.778136
v 1.015023 -0.008286 -4.046497
v 1.099292 0.244110 -4.405656
v 1.128349 0.419357 -4.527825
v 1.132900 0.796096 -4.706086
v 1.125150 1.240131 -4.696385
v 1.242801 0.130642 -2.971523
v 1.401307 0.371827 -3.007468
v 1.348812 0.317210 -3.293358
v 1.383927 0.321388 -3.758132
v 1.223893 0.203897 -4.117875
v 1.401887 0.480650 -4.150532
v 1.402351 0.816788 -4.374069
v 1.407440 1.164822 -4.358241
v 1.583473 0.911426 -2.898907
v 1.568434 1.157721 -2.928682
v 1.491420 0.646103 -3.091066
v 1.546178 1.043375 -3.275372
v 1.523015 0.650046 -3.755915
v 1.565628 0.908865 -3.762568
v 1.557951 1.161298 -3.879089
v 1.529270 0.827637 -4.043589
v 0.240819 0.994173 -5.001199
v 0.530328 0.249491 -4.752909
v 0.594992 0.731426 -4.961527
v 0.629636 1.204658 -4.959753
v 0.650504 0.931167 -4.971438
v 0.352271 2.867218 0.494934
v 0.371557 2.548079 -0.424618
v 0.570456 3.085596 1.167312
v 0.484189 3.009584 0.853343
v 0.509195 2.532550 0.056064
v 0.638834 2.440529 -0.183056
v 0.774706 2.864398 0.717130
v 0.720699 2.484691 0.123548
v 0.881323 2.311765 -0.003649
v 1.094747 2.138806 -0.171495
v 0.853061 2.359032 -0.362400
v 1.116339 2.866336 1.328002
v 0.997068 2.855555 0.964238
v 1.134317 2.163179 0.109960
v 0.987342 2.583399 0.464149
v 1.360876 2.590719 0.992332
v 1.167176 2.622175 0.707397
v 1.412038 2.370903 0.695446
v 1.336761 1.901438 0.126965
v 1.411314 1.708251 0.057882
v 1.297298 1.895926 -0.183575
v 1.323317 2.042912 -0.465847
v 1.664890 2.050163 0.779200
v 1.573732 1.590004 0.341578
v 1.507008 1.425493 -0.178590
v 1.422974 1.699791 -0.231966
v 1.600952 1.541203 -0.454979
v 1.656716 2.322678 1.249883
v 1.885672 1.631428 1.024778
v 1.810271 1.941459 1.111326
v 1.701263 1.524593 0.550126
v 0.331605 2.772242 -0.922242
v 0.317147 2.873624 -1.290146
v 0.239844 2.872439 -1.897495
v 0.609009 2.847483 -1.664150
v 0.568886 2.827357 -1.916127
v 0.515182 2.675641 -2.402110
v 0.843132 2.619281 -0.863484
v 0.692438 2.809988 -1.353096
v 0.779759 2.608021 -2.375529
v 1.235453 2.364722 -0.824948
v 1.111783 2.587623 -1.147367
v 1.135853 2.626216 -1.457529
v 1.138997 2.617122 -1.778186
v 1.026173 2.598073 -2.129316
v 1.067153 2.347087 -2.554521
v 1.379033 2.353171 -2.126143
v 1.383622 2.130068 -2.478227
v 1.699241 1.810709 -0.828414
v 1.665412 2.056939 -1.110386
v 1.406665 2.349251 -1.099274
v 1.468014 2.376249 -1.549848
v 1.653083 2.064799 -2.076137
v 1.619938 1.425523 -2.731119
v 1.883244 1.432366 -0.936430
v 1.914390 1.570411 -1.146054
v 1.898608 1.756541 -1.595884
v 1.706185 2.087592 -1.457485
v 1.689556 2.111482 -1.741371
v 1.907686 1.538852 -2.090338
v 1.679076 1.820086 -2.365457
v 0.224139 2.303699 -3.049270
v 0.213190 2.238184 -3.278293
v 0.238473 2.209870 -3.941204
v 0.225266 2.081169 -4.337144
v 0.269034 1.815389 -4.693188
v 0.491288 2.296932 -3.003745
v 0.478095 2.223441 -3.283282
v 0.482033 2.199819 -3.954967
v 0.581869 2.088586 -4.288931
v 0.452704 1.796940 -4.704044
v 0.676627 2.270636 -2.955826
v 0.851760 2.106018 -3.269659
v 0.880001 2.105098 -3.826419
v 0.853765 2.082581 -4.038124
v 0.840170 1.861070 -4.487057
v 1.206978 1.946326 -2.914927
v 0.982081 2.087899 -3.012703
v 0.978118 1.799558 -4.447930
v 1.422562 1.733616 -2.824801
v 1.182539 1.866636 -3.274387
v 1.391970 1.633652 -3.782485
v 1.193216 1.878829 -3.782958
v 1.396978 1.555459 -4.069739
v 1.393804 1.422380 -4.235165
v 1.154812 1.830915 -4.170612
v 1.179999 1.533571 -4.488259
v 1.439289 1.559296 -3.021260
v 1.406214 1.555773 -3.261121
v 1.488842 1.420889 -3.750466
v 0.489619 1.338461 -4.950557
v 0.848976 1.563121 -4.745639
vn -0.8206 -0.4722 0.3218
vn -0.5482 -0.6271 0.5534
vn -0.5412 -0.6428 0.5422
vn -0.3873 -0.4768 0.7891
vn -0.0991 -0.6285 0.7715
vn -0.0623 -0.9903 0.1243
vn -0.5669 -0.4981 0.6562
vn -0.4653 -0.6973 0.5452
vn -0.1982 -0.6724 0.7132
vn -0.9550 -0.1568 0.2518
vn -0.8315 -0.1741 0.5275
vn -0.8409 -0.3516 0.4114
vn -0.8511 -0.5061 0.1397
vn -0.7441 -0.2825 0.6054
vn -0.7207 -0.1911 0.6664
vn -0.7360 -0.4499 0.5059
vn -0.6557 -0.3959 0.6429
vn -0.7441 -0.6154 0.2600
vn -0.5268 -0.5247 0.6687
vn -0.6483 -0.7584 0.0667
vn -0.8039 -0.5413 0.2465
vn -0.6739 -0.6383 0.3720
vn -0.4749 -0.7278 0.4948
vn -0.2769 -0.7276 0.6276
vn -0.3358 -0.6745 0.6575
vn -0.3178 -0.7831 0.5346
vn -0.4271 -0.6855 0.5896
vn -0.3019 -0.8802 0.3663
vn -0.5038 -0.4551 0.7342
vn -0.4774 -0.3438 0.8086
vn -0.4913 -0.3290 0.8065
vn 0.0433 -0.7795 0.6249
vn -0.0122 -0.7045 0.7096
vn -0.9002 -0.1536 0.4076
vn -0.7356 -0.0525 0.6754
vn -0.6020 -0.3941 0.6945
vn -0.5173 -0.5882 0.6217
vn -0.6366 -0.6640 0.3922
vn -0.6531 -0.6408 0.4035
vn -0.4856 -0.8704 0.0808
vn -0.4647 -0.7323 0.4977
vn -0.3193 -0.6497 0.6899
vn -0.2988 -0.8310 0.4692
vn -0.3356 -0.8433 0.4198
vn -0.1944 -0.7480 0.6346
vn -0.1187 -0.6316 0.7661
vn -0.0999 -0.6518 0.7518
vn -0.1505 -0.6604 0.7356
vn -0.9597 -0.1706 -0.2234
vn -0.8364 -0.4572 -0.3024
vn -0.8709 -0.3616 -0.3329
vn -0.9111 -0.2150 -0.3516
vn -0.9708 -0.1984 0.1350
vn -0.9432 -0.1303 0.3056
vn -0.9176 -0.2886 0.2734
vn -0.9058 -0.4087 0.1120
vn -0.9284 -0.3349 0.1608
vn -0.7015 -0.6649 -0.2566
vn -0.9341 -0.3550 -0.0374
vn -0.9120 -0.4039 -0.0720
vn -0.8860 -0.3449 0.3098
vn -0.8174 -0.5061 0.2751
vn -0.9082 0.0903 0.4088
vn -0.7716 -0.5558 -0.3094
vn -0.7474 -0.6232 -0.2304
vn -0.7589 0.0459 0.6496
vn -0.8052 -0.5928 0.0169
vn -0.9876 -0.1312 -0.0864
vn -0.9682 -0.1900 -0.1627
vn -0.9652 -0.2218 -0.1387
vn -0.7930 0.1631 0.5870
vn -0.7946 0.4402 0.4181
vn -0.7698 0.6210 0.1476
vn -0.5500 0.5961 0.5850
vn -0.4007 0.4447 0.8010
vn -0.0985 0.9926 0.0710
vn -0.9566 0.0156 0.2910
vn -0.9650 0.1247 0.2306
vn -0.9999 -0.0111 0.0017
vn -0.9749 0.1423 0.1713
vn -0.9579 0.2763 0.0778
vn -0.9999 -0.0111 0.0014
vn -0.9768 0.1551 -0.1478
vn -0.9535 0.2993 -0.0359
vn -0.8597 0.0127 0.5106
vn -0.8217 0.5599 0.1064
vn -0.7571 0.1336 0.6395
vn -0.7678 0.1087 0.6313
vn -0.6990 0.7081 -0.0994
vn -0.6871 0.7223 -0.0790
vn -0.9237 0.3616 0.1268
vn -0.9112 -0.1462 0.3851
vn -0.7009 0.3289 0.6329
vn -0.6393 0.5071 0.5780
vn -0.5116 0.7524 0.4150
vn -0.5703 0.5599 0.6010
vn -0.4547 0.7075 0.5410
vn -0.5277 0.8482 0.0469
vn -0.2560 0.8727 0.4158
vn -0.1179 0.8382 0.5325
vn -0.0747 0.9795 0.1871
vn -0.1204 0.9912 0.0556
vn -0.0259 0.9490 0.3142
vn 0.0721 0.8390 0.5393
vn -0.9638 0.1381 -0.2283
vn -0.9509 0.0037 -0.3096
vn -0.9933 0.0039 0.1158
vn -0.8839 0.2959 -0.3622
vn -0.9971 0.0246 -0.0724
vn -0.9585 0.1712 -0.2281
vn -0.9512 0.2964 -0.0864
vn -0.9434 0.3090 0.1204
vn -0.9454 0.1343 0.2968
vn -0.7937 0.4916 -0.3582
vn -0.8148 0.4764 0.3304
vn -0.7822 0.5560 0.2812
vn -0.7350 0.6771 -0.0363
vn -0.7405 0.6614 0.1190
vn -0.6815 0.6451 0.3455
vn -0.6438 0.7452 0.1737
vn -0.5483 0.7798 -0.3021
vn -0.5535 0.7751 0.3046
vn -0.3437 0.8942 -0.2867
vn -0.4223 0.8288 0.3671
vn -0.3888 0.9122 0.1294
vn -0.2290 0.9491 -0.2165
vn -0.3258 0.9304 0.1682
vn -0.0321 0.9876 -0.1534
vn 0.0197 0.9780 0.2074
vn -0.9925 -0.1225 -0.0021
vn -0.9264 -0.3461 -0.1484
vn -0.9854 -0.1474 -0.0854
vn -0.9160 -0.3631 0.1706
vn -0.7466 -0.4576 -0.4829
vn -0.7681 -0.3863 -0.5107
vn -0.8060 -0.2237 -0.5480
vn -0.6021 -0.7965 0.0544
vn -0.6023 -0.6640 -0.4430
vn -0.9828 0.0864 0.1634
vn -0.4621 -0.8339 -0.3018
vn -0.6972 -0.7120 -0.0836
vn -0.3529 -0.7761 -0.5226
vn -0.3953 -0.8434 -0.3638
vn -0.4083 -0.8426 -0.3511
vn -0.4512 -0.8788 0.1552
vn -0.4500 -0.8791 0.1573
vn -0.1138 -0.9703 0.2133
vn -0.1129 -0.9648 -0.2377
vn -0.2116 -0.9760 0.0522
vn -0.9151 -0.3872 -0.1124
vn -0.8632 -0.2481 -0.4397
vn -0.9117 -0.1057 -0.3971
vn -0.9668 -0.2548 0.0199
vn -0.9892 0.1281 0.0718
vn -0.8696 -0.4166 -0.2652
vn -0.8534 -0.2557 -0.4542
vn -0.9302 -0.2422 0.2759
vn -0.7884 -0.3665 -0.4941
vn -0.7910 -0.4057 -0.4580
vn -0.7794 0.2610 -0.5695
vn -0.7930 -0.4736 -0.3833
vn -0.9511 -0.3031 -0.0601
vn -0.8342 -0.4803 0.2711
vn -0.7379 -0.4090 0.5368
vn -0.7830 0.1352 -0.6072
vn -0.8554 -0.4880 -0.1736
vn -0.9666 0.2186 -0.1340
vn -0.9117 0.2948 -0.2861
vn -0.9441 -0.0280 0.3285
vn -0.9096 -0.2149 -0.3555
vn -0.9207 -0.0426 -0.3880
vn -0.7703 -0.5915 0.2383
vn -0.7614 -0.0877 -0.6423
vn -0.6209 -0.7569 -0.2041
vn -0.5933 -0.5951 -0.5421
vn -0.4865 -0.7817 0.3902
vn -0.5142 -0.7653 -0.3870
vn -0.4879 -0.5213 -0.7001
vn -0.5119 -0.3862 -0.7674
vn -0.2406 -0.9384 0.2480
vn -0.2392 -0.9421 -0.2349
vn -0.2986 -0.6182 -0.7271
vn -0.3333 -0.1961 -0.9222
vn -0.5270 -0.2694 -0.8061
vn -0.9258 -0.2606 0.2738
vn -0.9527 0.0156 0.3036
vn -0.9739 -0.1906 -0.1235
vn -0.9575 -0.0843 -0.2757
vn -0.8146 -0.3369 0.4721
vn -0.8038 -0.4078 0.4330
vn -0.8477 -0.5242 0.0817
vn -0.8606 -0.4847 0.1564
vn -0.7926 -0.3917 -0.4674
vn -0.8789 -0.3511 0.3229
vn -0.9961 0.0735 0.0489
vn -0.9760 -0.2174 0.0129
vn -0.8518 -0.3835 -0.3569
vn -0.7598 -0.5887 -0.2760
vn -0.8120 -0.3869 -0.4371
vn -0.7684 -0.3084 -0.5608
vn -0.6380 -0.6342 -0.4367
vn -0.7842 -0.2352 -0.5742
vn -0.8142 0.0049 -0.5805
vn -0.6520 -0.5247 -0.5473
vn -0.7935 -0.1141 -0.5978
vn -0.6871 -0.4297 -0.5859
vn -0.5630 -0.5788 -0.5900
vn -0.8201 -0.4025 -0.4067
vn -0.8379 -0.3837 -0.3882
vn -0.4771 -0.6595 -0.5809
vn -0.4556 -0.7039 -0.5450
vn -0.6216 -0.6751 -0.3973
vn -0.6189 -0.6758 -0.4003
vn -0.6923 -0.7161 -0.0889
vn -0.6987 -0.7072 -0.1079
vn -0.7030 -0.3933 -0.5925
vn -0.7386 0.0551 -0.6718
vn -0.5295 -0.7871 -0.3163
vn -0.6793 -0.5304 -0.5071
vn -0.4261 -0.7189 -0.5492
vn -0.3922 -0.9099 -0.1348
vn -0.4344 -0.7091 -0.5554
vn -0.7442 0.0469 -0.6663
vn -0.3797 -0.3295 -0.8644
vn -0.8980 0.4395 0.0209
vn -0.9294 0.1700 -0.3276
vn -0.8756 0.0056 -0.4831
vn -0.7551 0.5969 -0.2711
vn -0.7779 0.4597 -0.4285
vn -0.8471 -0.0259 -0.5307
vn -0.7771 0.2972 -0.5547
vn -0.8251 0.3272 -0.4605
vn -0.9014 0.3585 0.2427
vn -0.6499 0.5722 -0.5002
vn -0.7600 0.3927 -0.5179
vn -0.9733 0.2294 -0.0097
vn -0.5521 0.6323 -0.5435
vn -0.5938 0.6280 -0.5030
vn -0.7408 0.6416 -0.1991
vn -0.7238 0.6725 -0.1542
vn -0.7386 0.6428 0.2029
vn -0.7087 0.6953 0.1198
vn -0.4012 0.9092 -0.1115
vn -0.5373 0.8005 -0.2654
vn -0.5332 0.8071 -0.2534
vn -0.5462 0.8162 0.1881
vn -0.5498 0.8115 0.1979
vn -0.3550 0.9322 0.0704
vn -0.0909 0.9067 -0.4118
vn -0.1778 0.7982 -0.5756
vn -0.1919 0.9512 0.2419
vn -0.8918 0.1233 0.4354
vn -0.8684 0.1563 0.4706
vn -0.8174 0.4225 0.3915
vn -0.7826 0.5706 0.2490
vn -0.8628 0.4938 0.1085
vn -0.8620 0.4927 -0.1194
vn -0.8365 0.1953 -0.5120
vn -0.8004 0.4298 -0.4178
vn -0.7610 0.4945 0.4199
vn -0.7651 0.6390 0.0794
vn -0.7636 0.6380 -0.0996
vn -0.6137 0.7895 0.0068
vn -0.4638 0.7745 -0.4302
vn -0.4324 0.7894 -0.4358
vn -0.3192 0.8496 0.4199
vn -0.2760 0.8819 0.3822
vn -0.2802 0.9532 0.1133
vn -0.1862 0.9291 -0.3197
vn -0.1385 0.8916 -0.4311
vn -0.7878 0.1225 -0.6036
vn -0.7947 0.1142 -0.5962
vn -0.6504 0.4710 -0.5959
vn -0.5562 0.6447 -0.5243
vn -0.5910 0.5149 -0.6210
vn -0.5314 0.6200 -0.5773
vn -0.7346 0.5913 -0.3328
vn -0.9610 0.1696 -0.2183
vn -0.8744 0.4635 -0.1435
vn -0.5524 0.6764 -0.4872
vn -0.8048 0.4572 -0.3786
vn -0.4744 0.8214 -0.3166
vn -0.4943 0.8674 -0.0565
vn -0.5418 0.8200 -0.1845
vn -0.5169 0.7661 -0.3820
vn -0.6021 0.5472 -0.5813
vn -0.7015 0.3006 -0.6462
vn 0.1961 -0.5566 0.8073
vn 0.2389 -0.5098 0.8264
vn 0.2753 -0.7853 0.5546
vn 0.6806 -0.5250 0.5110
vn 0.6510 -0.6515 0.3896
vn 0.7688 -0.6111 0.1885
vn 0.8756 -0.4714 0.1051
vn 0.2360 -0.8004 0.5511
vn 0.4289 -0.6915 0.5812
vn 0.2241 -0.8784 0.4221
vn 0.4553 -0.8587 0.2354
vn 0.1805 -0.7858 0.5916
vn 0.2757 -0.8280 0.4882
vn 0.1801 -0.4051 0.8964
vn 0.5384 -0.7801 0.3187
vn 0.3573 -0.7650 0.5359
vn 0.4691 -0.5516 0.6897
vn 0.5473 -0.3768 0.7473
vn 0.6702 -0.7166 0.1932
vn 0.9015 -0.3818 0.2036
vn 0.7124 -0.0529 0.6997
vn 0.8035 -0.4795 0.3527
vn 0.9697 -0.2441 -0.0128
vn 0.8472 -0.2160 0.4854
vn 0.6601 -0.6157 0.4303
vn 0.7946 -0.5035 0.3394
vn 0.6692 -0.7254 0.1610
vn 0.7779 -0.6206 0.0984
vn 0.9199 -0.3271 0.2163
vn 0.9139 -0.3936 0.0992
vn 0.0264 -0.9559 0.2926
vn 0.7597 -0.6027 0.2441
vn 0.3281 -0.6095 0.7217
vn 0.7202 -0.6749 0.1605
vn 0.9669 -0.2549 0.0099
vn 0.4709 -0.4576 0.7542
vn 0.5810 -0.5797 0.5713
vn 0.5004 -0.5357 0.6802
vn 0.4721 -0.4551 0.7550
vn 0.4660 -0.6243 0.6269
vn 0.7057 -0.1940 0.6815
vn 0.7067 -0.4314 0.5608
vn 0.5801 -0.6754 0.4553
vn 0.6999 -0.5934 0.3974
vn 0.8900 -0.1828 0.4177
vn 0.9511 -0.2731 0.1442
vn 0.9943 0.1063 0.0046
vn 0.9365 -0.2576 0.2378
vn 0.9310 -0.2779 0.2368
vn 0.9242 -0.0741 0.3745
vn 0.9099 -0.0963 0.4036
vn 0.9073 -0.2346 0.3489
vn 0.8327 -0.5535 -0.0140
vn 0.6909 -0.5656 0.4503
vn 0.7264 -0.3411 0.5967
vn 0.7715 -0.1163 0.6255
vn 0.6312 -0.5701 0.5258
vn 0.8638 -0.0016 0.5039
vn 0.7905 -0.3235 0.5201
vn 0.7641 -0.5311 0.3662
vn 0.8059 -0.5332 0.2572
vn 0.8885 -0.3989 0.2266
vn 0.9088 -0.2702 0.3180
vn 0.9335 -0.1672 0.3171
vn 0.2165 0.0810 0.9729
vn 0.2889 0.8360 0.4665
vn 0.2182 0.9724 0.0824
vn 0.4897 0.1915 0.8506
vn 0.6034 0.6733 0.4273
vn 0.8852 0.3399 0.3178
vn 0.9990 -0.0417 0.0155
vn 0.2118 0.9737 0.0839
vn 0.2282 0.9717 0.0610
vn 0.5263 0.8472 -0.0731
vn 0.4813 0.7872 0.3855
vn 0.4472 0.8371 0.3151
vn 0.4070 0.7437 0.5303
vn 0.3939 0.8762 0.2778
vn 0.8761 0.4803 0.0429
vn 0.6270 0.6663 0.4036
vn 0.6498 0.7554 0.0848
vn 0.9676 -0.0714 0.2420
vn 0.9127 0.2060 0.3529
vn 0.7993 0.3681 0.4749
vn 0.7984 0.4275 0.4239
vn 0.7761 0.5677 0.2745
vn 0.9541 -0.0444 0.2963
vn 0.9941 0.0810 0.0721
vn 0.9661 0.2533 -0.0506
vn 0.1550 0.9594 -0.2355
vn 0.0463 0.9834 0.1753
vn 0.0040 0.9931 0.1176
vn 0.3831 0.9038 -0.1908
vn 0.2395 0.9028 0.3571
vn 0.2761 0.8523 0.4442
vn 0.1413 0.9383 0.3156
vn 0.5004 0.8656 0.0185
vn 0.4670 0.7847 0.4076
vn 0.3834 0.8859 0.2612
vn 0.7903 0.5977 -0.1349
vn 0.5904 0.7992 -0.1122
vn 0.6040 0.7771 0.1766
vn 0.9918 0.1036 -0.0745
vn 0.9884 0.1508 0.0191
vn 0.6267 0.6058 0.4901
vn 0.8157 0.1730 0.5521
vn 0.7512 0.4207 0.5086
vn 0.6664 0.7361 0.1183
vn 0.9066 0.0951 0.4112
vn 0.9098 0.4009 0.1071
vn 0.0070 -0.9499 0.3125
vn -0.0341 -0.8781 0.4773
vn 0.1832 -0.9575 0.2226
vn 0.5486 -0.7474 -0.3747
vn 0.4869 -0.8166 0.3101
vn 0.1444 -0.8344 0.5319
vn 0.4809 -0.8477 -0.2240
vn 0.7149 -0.6766 -0.1765
vn 0.4763 -0.8316 0.2858
vn 0.7082 -0.6787 0.1942
vn 0.6307 -0.6518 -0.4211
vn 0.7988 -0.4238 -0.4269
vn 0.7412 -0.6307 -0.2298
vn 0.9718 -0.1107 -0.2082
vn 0.9475 0.0683 -0.3124
vn 0.7371 -0.6236 0.2603
vn 0.9870 -0.0748 0.1422
vn 0.6019 -0.6056 0.5206
vn 0.6772 -0.5533 0.4850
vn 0.7795 -0.3640 0.5098
vn 0.9493 -0.2055 0.2380
vn 0.9002 -0.4049 -0.1601
vn 0.9515 -0.0076 -0.3074
vn 0.8839 -0.0305 -0.4667
vn 0.8691 0.1851 -0.4588
vn 0.9564 0.2695 0.1128
vn 0.8694 0.4811 0.1125
vn 0.7367 -0.1049 0.6681
vn 0.8416 0.2235 0.4917
vn 0.9996 -0.0166 -0.0236
vn 0.9789 0.1352 -0.1533
vn 0.9175 0.1184 -0.3796
vn 0.9089 0.0957 -0.4059
vn 0.8984 0.1189 -0.4227
vn 0.8970 -0.4139 -0.1550
vn 0.6877 -0.4933 0.5327
vn 0.8906 -0.4298 0.1485
vn 0.8058 0.0086 0.5921
vn 0.9938 -0.0905 0.0639
vn 0.9884 -0.1508 0.0191
vn 0.8728 -0.4057 -0.2713
vn 0.7615 -0.4732 -0.4430
vn 0.7834 -0.4528 -0.4257
vn 0.7765 -0.4754 -0.4136
vn 0.7294 -0.4207 0.5394
vn 0.7860 -0.3743 0.4920
vn 0.8550 -0.1492 0.4968
vn 0.8930 -0.4500 -0.0047
vn 0.9373 -0.1436 -0.3176
vn -0.1095 -0.9638 0.2433
vn -0.1185 -0.9654 -0.2325
vn -0.0946 -0.4841 -0.8699
vn 0.0554 -0.9985 -0.0008
vn 0.1209 -0.9340 -0.3363
vn 0.1576 -0.5846 -0.7959
vn 0.3796 -0.7878 0.4850
vn 0.2864 -0.9397 -0.1868
vn 0.5099 -0.4051 -0.7589
vn 0.3417 -0.4891 -0.8025
vn 0.4895 -0.5777 -0.6532
vn 0.4815 -0.7699 0.4188
vn 0.4413 -0.8140 -0.3776
vn 0.6766 -0.4412 -0.5895
vn 0.9046 -0.3476 0.2468
vn 0.8320 -0.1151 -0.5428
vn 0.9981 0.0415 0.0464
vn 0.8347 -0.2854 -0.4709
vn 0.8517 -0.4620 -0.2472
vn 0.8992 0.0955 0.4269
vn 0.8127 -0.3320 0.4788
vn 0.9464 0.1698 0.2747
vn 0.9520 -0.1399 0.2724
vn 0.8093 -0.2626 -0.5255
vn 0.8650 -0.4314 -0.2563
vn 0.7779 -0.5389 -0.3232
vn 0.7438 -0.4330 0.5092
vn 0.8362 -0.3149 0.4490
vn 0.7758 -0.5159 0.3633
vn 0.8204 -0.5472 0.1661
vn 0.9430 -0.3325 0.0126
vn 0.9408 -0.2713 -0.2031
vn 0.8209 -0.5706 -0.0226
vn 0.7150 -0.6240 -0.3154
vn 0.7411 -0.5500 -0.3851
vn 0.7783 -0.3542 0.5185
vn 0.8909 -0.1646 0.4234
vn 0.8630 -0.4200 0.2809
vn 0.8331 -0.5344 0.1426
vn 0.8221 -0.5690 -0.0207
vn 0.8894 -0.4570 -0.0083
vn 0.8479 -0.5061 -0.1578
vn 0.8758 -0.1917 -0.4429
vn 0.9630 -0.0146 0.2692
vn 0.9597 -0.2787 -0.0357
vn 0.9544 -0.0412 -0.2955
vn -0.3587 -0.7665 -0.5328
vn 0.0349 -0.7969 -0.6031
vn -0.1831 -0.7392 -0.6481
vn 0.3469 -0.7841 -0.5147
vn 0.6127 -0.7073 -0.3526
vn -0.4175 -0.3981 -0.8168
vn -0.1299 -0.9911 -0.0300
vn 0.0261 -0.9315 -0.3628
vn 0.4130 -0.7723 -0.4827
vn 0.3637 -0.7118 -0.6008
vn 0.6480 -0.3209 -0.6907
vn 0.8422 -0.2815 -0.4598
vn 0.7535 -0.6076 -0.2511
vn 0.4443 -0.6823 -0.5805
vn 0.7056 -0.6887 -0.1668
vn 0.8315 -0.5535 -0.0469
vn 0.6014 -0.7132 -0.3601
vn 0.7671 -0.4073 -0.4956
vn 0.9404 -0.0884 -0.3284
vn 0.9345 -0.3396 -0.1067
vn 0.9954 0.0510 -0.0807
vn 0.9987 0.0433 0.0279
vn 0.9923 -0.0257 -0.1210
vn 0.8820 0.0301 -0.4703
vn -0.1802 -0.7211 -0.6690
vn -0.2337 -0.4357 -0.8692
vn -0.1429 -0.0765 -0.9868
vn -0.1857 0.0394 -0.9818
vn 0.3403 -0.6107 -0.7150
vn 0.2481 -0.4127 -0.8764
vn 0.5713 -0.3567 -0.7392
vn 0.4392 -0.1659 -0.8829
vn 0.1513 0.9504 -0.2717
vn 0.3085 0.9017 -0.3031
vn 0.2865 0.7950 -0.5346
vn 0.3383 0.8027 -0.4911
vn 0.2789 0.9372 -0.2095
vn 0.5277 0.8075 0.2634
vn 0.4397 0.8979 0.0205
vn 0.4988 0.7572 -0.4218
vn 0.3939 0.7533 -0.5267
vn 0.5495 0.8222 -0.1485
vn 0.5754 0.7578 -0.3075
vn 0.6555 0.6565 -0.3731
vn 0.7223 0.5839 0.3706
vn 0.5761 0.7954 0.1882
vn 0.7857 0.5412 -0.2997
vn 0.7688 0.5702 -0.2897
vn 0.9622 0.0428 -0.2691
vn 0.9814 0.1830 0.0574
vn 0.8379 0.3398 0.4271
vn 0.9496 0.2736 -0.1527
vn 0.9094 0.4033 -0.1018
vn 0.8988 -0.0123 -0.4381
vn 0.9164 0.1179 -0.3826
vn 0.8871 0.2346 -0.3975
vn 0.8566 0.0278 -0.5152
vn 0.9931 -0.0038 -0.1174
vn -0.0205 0.9110 0.4120
vn -0.0068 1.0000 -0.0011
vn 0.1295 0.9866 -0.0994
vn 0.2789 0.8545 0.4383
vn 0.2646 0.9118 -0.3139
vn 0.3601 0.9014 0.2403
vn 0.4076 0.9018 0.1438
vn 0.4521 0.7865 -0.4207
vn 0.5787 0.6923 -0.4311
vn 0.5264 0.7534 -0.3940
vn 0.6804 0.6206 0.3897
vn 0.6427 0.7551 -0.1295
vn 0.8786 0.3283 0.3467
vn 0.8585 0.2734 -0.4339
vn 0.9353 0.1196 0.3330
vn 0.9660 0.2576 -0.0219
vn -0.1076 0.8175 -0.5658
vn -0.2145 0.9755 -0.0498
vn -0.1536 0.9412 -0.3008
vn 0.0928 0.8410 -0.5331
vn 0.2705 0.9532 -0.1349
vn 0.2426 0.9398 -0.2405
vn 0.3704 0.7773 -0.5085
vn 0.4617 0.8196 -0.3393
vn 0.5679 0.6511 -0.5036
vn 0.7194 0.5488 -0.4257
vn 0.5863 0.8095 0.0317
vn 0.7519 0.5065 -0.4219
vn 0.4513 0.4586 -0.7655
vn 0.6595 0.5741 -0.4851
vn -0.1300 0.1029 -0.9862
vn 0.2836 0.3579 -0.8897
vn 0.1912 0.4767 -0.8580
vn -0.7827 -0.4534 0.4263
vn -0.2899 -0.4882 0.8232
vn -0.3545 -0.8580 0.3718
vn -0.2548 -0.9558 0.1466
vn -0.4208 -0.8774 0.2305
vn -0.1346 -0.5457 0.8271
vn -0.6251 -0.4981 0.6010
vn -0.4967 -0.3060 0.8122
vn -0.4615 -0.6869 0.5614
vn -0.8433 -0.5313 -0.0808
vn -0.9515 -0.3013 0.0628
vn -0.9704 -0.1829 0.1578
vn -0.9517 -0.3033 -0.0481
vn -0.9707 -0.1822 -0.1567
vn -0.8671 -0.2672 0.4205
vn -0.8213 -0.5279 0.2162
vn -0.6728 -0.7396 -0.0182
vn -0.6645 -0.5857 0.4640
vn -0.6793 -0.6998 0.2212
vn -0.8859 -0.4214 0.1940
vn -0.8460 -0.2832 0.4517
vn -0.6184 -0.6120 0.4930
vn -0.5225 -0.7198 0.4571
vn -0.5077 -0.8208 0.2618
vn -0.5420 -0.7869 0.2949
vn -0.5149 -0.8244 0.2350
vn -0.7428 -0.6317 0.2219
vn -0.8381 -0.2503 0.4847
vn -0.5710 -0.5051 0.6472
vn -0.4454 -0.6214 0.6446
vn -0.7081 -0.5514 0.4412
vn -0.1996 -0.8900 0.4100
vn -0.7269 -0.6283 0.2772
vn -0.7792 -0.5833 0.2293
vn -0.4295 -0.8742 0.2265
vn -0.5196 -0.7260 0.4504
vn -0.2520 -0.8569 0.4496
vn -0.4220 -0.6511 0.6308
vn -0.1690 -0.7437 0.6468
vn 0.0088 -0.9198 0.3923
vn -0.0954 -0.7754 0.6242
vn -0.1020 -0.8601 0.4997
vn -0.0715 -0.9889 0.1303
vn 0.0143 -0.8548 0.5188
vn 0.0717 -0.7909 0.6077
vn -0.0935 -0.1546 0.9835
vn -0.1482 -0.5287 0.8358
vn -0.7698 -0.2032 0.6051
vn -0.7466 -0.4063 0.5268
vn -0.8986 -0.4359 0.0493
vn -0.7168 -0.6021 0.3515
vn -0.7668 -0.5118 0.3875
vn -0.8769 -0.4326 0.2096
vn -0.9169 -0.3734 -0.1407
vn -0.9100 -0.0996 0.4024
vn -0.6974 -0.7039 -0.1350
vn -0.6577 -0.2722 0.7024
vn -0.6168 -0.4405 0.6523
vn -0.6330 -0.6678 0.3915
vn -0.6205 -0.7750 0.1197
vn -0.7201 -0.6936 0.0171
vn -0.7114 -0.4848 0.5089
vn -0.8290 -0.5430 0.1335
vn -0.4214 -0.8986 -0.1218
vn -0.3870 -0.5980 0.7019
vn -0.5487 -0.6815 0.4842
vn -0.3584 -0.8387 0.4099
vn -0.2108 -0.9196 0.3316
vn -0.5037 -0.8343 0.2243
vn -0.4293 -0.5096 0.7457
vn -0.1129 -0.9243 0.3646
vn -0.1437 -0.9870 -0.0718
vn -0.1313 -0.9583 0.2536
vn -0.9877 -0.1131 0.1075
vn -0.0796 -0.8176 0.5703
vn -0.9785 -0.1721 -0.1136
vn -0.8350 -0.5171 -0.1880
vn -0.9108 -0.2512 -0.3276
vn -0.8414 -0.5395 -0.0305
vn -0.9447 -0.1512 0.2912
vn -0.6950 -0.6604 -0.2843
vn -0.7207 -0.5955 -0.3548
vn -0.8353 -0.5375 -0.1157
vn -0.9447 -0.0389 0.3256
vn -0.8669 -0.4622 0.1868
vn -0.8056 -0.4845 0.3408
vn -0.8007 -0.4971 0.3342
vn -0.8532 -0.2747 0.4434
vn -0.9299 0.0653 0.3619
vn -0.7897 -0.5645 -0.2404
vn -0.8817 -0.4075 0.2377
vn -0.8377 -0.5444 -0.0425
vn -0.6679 -0.7240 -0.1725
vn -0.7621 -0.6473 -0.0143
vn -0.7549 -0.6191 0.2164
vn -0.8213 -0.2197 0.5265
vn -0.7144 -0.5345 0.4516
vn -0.7999 0.0910 0.5932
vn -0.9285 -0.2084 0.3074
vn -0.9972 -0.0691 -0.0300
vn -0.9769 -0.0246 -0.2121
vn -0.9625 -0.1525 -0.2241
vn -0.9498 -0.0406 0.3103
vn -0.9543 -0.2616 -0.1443
vn -0.9266 -0.1271 0.3539
vn -0.9401 -0.1975 0.2778
vn -0.9672 -0.1770 0.1823
vn -0.8133 -0.3011 0.4979
vn -0.9736 0.1223 0.1930
vn -0.5885 -0.1612 0.7923
vn -0.9535 0.2381 0.1850
vn -0.7929 -0.2046 0.5740
vn -0.8432 -0.0981 0.5286
vn -0.8493 0.0393 0.5264
vn -0.7922 0.4452 0.4175
vn -0.5910 0.1223 0.7974
vn -0.1050 -0.1345 0.9853
vn -0.5965 0.7917 0.1318
vn -0.4030 0.4310 0.8073
vn -0.4008 0.8087 0.4305
vn -0.4127 0.8305 0.3740
vn -0.0908 0.8112 0.5777
vn -0.1596 0.0565 0.9856
vn -0.1202 0.1642 0.9791
vn -0.1188 0.6025 0.7892
vn -0.8495 0.3023 0.4325
vn 0.0139 0.9809 0.1943
vn -0.1444 0.9858 0.0851
vn -0.8275 0.0971 0.5530
vn -0.8347 0.5465 -0.0674
vn -0.8466 0.3201 0.4253
vn -0.8420 0.4819 0.2423
vn -0.9301 0.3618 -0.0638
vn -0.6870 0.7183 0.1095
vn -0.7457 -0.0143 0.6661
vn -0.7287 0.2832 0.6236
vn -0.7138 0.5957 0.3683
vn -0.8535 0.4568 0.2507
vn -0.9077 0.1503 0.3917
vn -0.9496 -0.0925 0.2994
vn -0.8519 0.3811 0.3593
vn -0.7339 0.6076 0.3037
vn -0.6698 0.5216 0.5285
vn -0.6708 0.5746 0.4689
vn -0.5823 0.7109 0.3943
vn -0.6524 0.6923 0.3084
vn -0.7741 0.6165 0.1436
vn -0.4620 0.6945 0.5515
vn -0.4489 0.8849 0.1243
vn -0.3513 0.7710 0.5311
vn -0.4249 0.8689 0.2540
vn -0.4585 0.8833 -0.0982
vn -0.4965 0.8180 0.2905
vn -0.1623 0.8906 0.4248
vn -0.3691 0.7763 0.5111
vn -0.2199 0.9736 0.0608
vn -0.2208 0.9744 -0.0418
vn -0.3055 0.9451 0.1157
vn -0.1117 0.8418 0.5281
vn 0.0897 0.9002 0.4261
vn -0.0929 0.9839 0.1524
vn -0.1452 0.9823 -0.1183
vn -0.0018 0.9645 0.2643
vn 0.0835 0.8477 0.5239
vn -0.9371 0.0054 -0.3489
vn 0.0513 0.9725 0.2273
vn 0.0079 0.9982 -0.0598
vn -0.9878 0.0734 0.1374
vn -0.8504 0.4558 -0.2629
vn -0.8355 0.4903 -0.2480
vn -0.8528 0.4087 -0.3250
vn -0.9735 0.1561 0.1669
vn -0.8853 0.3098 -0.3467
vn -0.9154 0.2919 0.2771
vn -0.9447 0.1296 0.3013
vn -0.8424 0.5170 -0.1520
vn -0.9835 0.1578 0.0886
vn -0.9328 0.3215 0.1631
vn -0.9087 0.4036 0.1065
vn -0.7229 0.5984 -0.3454
vn -0.6768 0.6964 -0.2387
vn -0.8444 0.4977 0.1985
vn -0.6270 0.7782 -0.0365
vn -0.7818 0.5557 0.2829
vn -0.6548 0.6941 -0.2992
vn -0.5322 0.7859 -0.3149
vn -0.7542 0.6340 0.1711
vn -0.4353 0.8748 -0.2128
vn -0.5662 0.7703 0.2932
vn -0.5759 0.7494 0.3267
vn -0.4166 0.9081 0.0424
vn -0.1523 0.9553 -0.2533
vn -0.3331 0.9027 -0.2722
vn -0.2151 0.9721 0.0940
vn -0.2709 0.8947 0.3550
vn -0.1232 0.9856 0.1160
vn 0.0761 0.9685 -0.2371
vn -0.1394 0.9228 0.3591
vn -0.9527 -0.2106 0.2193
vn -0.9021 -0.3885 0.1881
vn -0.9313 -0.0184 -0.3639
vn -0.9030 -0.4292 -0.0207
vn -0.9743 -0.0306 -0.2230
vn -0.9088 -0.3568 -0.2163
vn -0.8999 -0.2203 -0.3764
vn -0.7565 -0.5646 -0.3300
vn -0.7560 -0.6296 0.1793
vn -0.7189 -0.6931 0.0529
vn -0.7613 -0.6473 -0.0381
vn -0.7295 -0.6578 -0.1871
vn -0.8328 0.0215 -0.5531
vn -0.8085 -0.2850 -0.5149
vn -0.9010 -0.3992 -0.1699
vn -0.4694 -0.8543 0.2231
vn -0.4945 -0.8514 -0.1751
vn -0.5712 -0.6957 -0.4356
vn -0.6025 -0.6111 -0.5134
vn -0.6789 -0.6035 -0.4183
vn -0.9877 -0.1502 -0.0439
vn -0.9936 0.0988 -0.0547
vn -0.1210 -0.9913 0.0513
vn -0.7714 -0.5292 0.3534
vn -0.8746 -0.2964 0.3838
vn -0.9041 -0.2447 0.3502
vn -0.9318 -0.0840 0.3532
vn -0.9130 0.1553 0.3771
vn -0.4926 -0.8437 0.2134
vn -0.3115 -0.9489 0.0501
vn -0.3795 -0.9138 -0.1449
vn -0.4680 -0.8617 -0.1958
vn -0.7512 -0.6600 0.0126
vn -0.6631 -0.6141 0.4280
vn -0.3199 -0.8327 -0.4520
vn -0.4453 -0.7891 0.4231
vn -0.1029 -0.9820 -0.1583
vn -0.1101 -0.8834 -0.4556
vn -0.1691 -0.8492 0.5002
vn -0.9858 -0.1216 -0.1161
vn -0.9732 0.1167 0.1982
vn -0.8983 -0.4383 0.0298
vn -0.8903 -0.3892 -0.2365
vn -0.9063 -0.2990 -0.2988
vn -0.9506 -0.1606 -0.2658
vn -0.9674 0.1768 -0.1816
vn -0.9791 -0.0703 0.1909
vn -0.9878 0.1546 0.0169
vn -0.9970 0.0506 -0.0590
vn -0.9618 -0.2738 0.0022
vn -0.9475 -0.1574 -0.2784
vn -0.9017 0.1809 -0.3927
vn -0.8942 -0.3093 -0.3236
vn -0.8415 -0.2717 -0.4671
vn -0.8102 0.1632 -0.5630
vn -0.9716 -0.1803 -0.1531
vn -0.9211 -0.0373 0.3876
vn -0.7754 0.2463 -0.5815
vn -0.8365 -0.1280 -0.5328
vn -0.8535 -0.4200 -0.3085
vn -0.8512 -0.5211 0.0626
vn -0.8410 -0.1799 -0.5103
vn -0.9807 -0.1597 0.1130
vn -0.8809 -0.4711 0.0454
vn -0.9296 0.2021 0.3081
vn -0.9342 -0.3549 0.0365
vn -0.8986 -0.1185 0.4224
vn -0.9583 -0.2849 0.0235
vn -0.8132 -0.3632 0.4547
vn -0.7749 0.5927 -0.2196
vn -0.8662 -0.0731 0.4943
vn -0.9424 0.0935 0.3212
vn -0.9287 -0.3174 0.1920
vn -0.9471 -0.2682 -0.1760
vn -0.9940 -0.0875 0.0649
vn -0.9993 0.0349 0.0102
vn -0.7858 -0.6181 0.0225
vn -0.9838 -0.0108 -0.1788
vn -0.1008 -0.8899 0.4449
vn -0.7840 -0.5512 0.2854
vn -0.7719 -0.2859 -0.5678
vn -0.7576 -0.6199 -0.2043
vn -0.7788 -0.5725 -0.2565
vn -0.7231 -0.5096 -0.4663
vn -0.5876 -0.8091 0.0114
vn -0.7751 -0.0682 -0.6281
vn -0.5818 -0.7755 0.2453
vn -0.5674 -0.1248 -0.8139
vn -0.4503 -0.8008 -0.3949
vn -0.5784 -0.3038 -0.7570
vn -0.3548 -0.9349 0.0055
vn -0.4912 -0.7963 0.3532
vn -0.2921 -0.9297 0.2245
vn -0.2214 -0.7684 -0.6004
vn -0.2946 -0.9313 -0.2142
vn -0.2852 -0.3038 -0.9090
vn -0.1744 -0.4818 -0.8588
vn -0.9492 -0.1335 0.2850
vn -0.5130 -0.3781 -0.7706
vn -0.9870 -0.1197 0.1075
vn -0.9190 -0.3789 0.1091
vn -0.9386 -0.3085 0.1547
vn -0.9176 -0.3960 -0.0345
vn -0.9946 0.0017 0.1038
vn -0.9821 -0.1391 -0.1273
vn -0.9150 -0.1238 -0.3840
vn -0.9924 0.0049 -0.1227
vn -0.8969 -0.3923 -0.2039
vn -0.9205 -0.2943 -0.2571
vn -0.9092 -0.2707 -0.3165
vn -0.8697 -0.1231 0.4779
vn -0.8926 0.0084 -0.4508
vn -0.8130 -0.4155 0.4078
vn -0.7853 -0.5593 -0.2655
vn -0.8951 0.0355 0.4445
vn -0.8046 -0.4508 0.3866
vn -0.8441 -0.4905 0.2165
vn -0.8422 -0.5230 -0.1312
vn -0.8260 -0.5623 -0.0378
vn -0.7398 -0.4432 0.5063
vn -0.9350 -0.0473 0.3514
vn -0.9560 0.1095 0.2721
vn -0.9716 -0.2190 0.0893
vn -0.9031 -0.3780 -0.2036
vn -0.9495 0.0070 -0.3137
vn -0.8964 0.1164 0.4277
vn -0.6443 -0.6292 -0.4348
vn -0.8906 -0.1727 -0.4207
vn -0.8532 -0.1052 0.5109
vn -0.7533 -0.2466 0.6097
vn -0.7639 -0.4680 -0.4442
vn -0.6790 -0.4746 -0.5601
vn -0.5916 -0.3841 -0.7089
vn -0.4543 -0.2701 -0.8489
vn -0.5604 -0.5191 -0.6453
vn -0.5977 -0.4952 -0.6306
vn -0.8036 -0.3950 -0.4452
vn -0.8001 -0.1811 -0.5719
vn -0.6728 -0.4951 -0.5497
vn -0.7563 -0.2673 -0.5971
vn -0.9015 -0.4247 -0.0835
vn -0.8894 0.1076 -0.4444
vn -0.8215 -0.3799 -0.4253
vn -0.9013 -0.4158 -0.1212
vn -0.9833 -0.1578 -0.0902
vn -0.9938 0.0515 -0.0985
vn -0.9229 -0.1704 -0.3452
vn -0.8826 -0.4032 -0.2416
vn -0.9283 0.0457 -0.3691
vn -0.7156 -0.6164 -0.3284
vn -0.4752 -0.6544 -0.5882
vn -0.7054 -0.7066 -0.0562
vn -0.7163 -0.6938 -0.0741
vn -0.5750 -0.6272 -0.5253
vn -0.7452 -0.2904 -0.6002
vn -0.7226 -0.1979 -0.6623
vn -0.4326 -0.9001 -0.0507
vn -0.5345 -0.7007 -0.4725
vn -0.5924 -0.7246 -0.3521
vn -0.5419 -0.4775 -0.6916
vn -0.6752 -0.4754 -0.5640
vn -0.3583 -0.8853 -0.2964
vn -0.4193 -0.2128 -0.8825
vn -0.4121 -0.6710 -0.6164
vn -0.2758 -0.6738 -0.6855
vn -0.4487 0.0539 -0.8920
vn -0.9855 0.1182 -0.1217
vn -0.9939 -0.0001 -0.1107
vn -0.9039 0.4043 -0.1394
vn -0.7637 0.6455 -0.0112
vn -0.8955 0.3561 -0.2670
vn -0.8954 0.0083 -0.4452
vn -0.9146 0.1435 -0.3780
vn -0.9106 -0.0084 -0.4132
vn -0.7824 0.5846 -0.2147
vn -0.7758 0.4634 -0.4283
vn -0.8668 0.1882 -0.4618
vn -0.9920 0.1212 0.0359
vn -0.9358 0.1397 0.3238
vn -0.6457 0.7634 -0.0165
vn -0.8829 0.4374 -0.1706
vn -0.6571 0.6837 -0.3176
vn -0.6293 0.5736 -0.5243
vn -0.6540 0.5538 -0.5153
vn -0.8492 0.4573 0.2641
vn -0.5651 0.7727 -0.2891
vn -0.4033 0.7585 -0.5120
vn -0.6214 0.5647 -0.5431
vn -0.4461 0.8949 -0.0066
vn -0.4068 0.8868 -0.2194
vn -0.1171 0.9865 -0.1141
vn -0.4038 0.7191 -0.5656
vn -0.2971 0.9059 -0.3018
vn -0.2663 0.8328 -0.4853
vn -0.2841 0.8075 -0.5169
vn -0.1629 0.9401 -0.2993
vn -0.1639 0.9433 -0.2887
vn -0.9483 0.1627 0.2725
vn -0.9826 0.1411 0.1206
vn -0.9078 0.3205 0.2704
vn -0.9809 0.1380 -0.1369
vn -0.9514 0.2972 0.0807
vn -0.9197 0.3675 0.1385
vn -0.9412 0.1511 -0.3021
vn -0.9500 0.2965 -0.0981
vn -0.9215 0.3581 -0.1502
vn -0.6705 0.5595 -0.4872
vn -0.9053 0.3191 -0.2803
vn -0.9065 0.1361 -0.3996
vn -0.8370 0.2923 0.4627
vn -0.8040 0.4489 0.3900
vn -0.8126 0.5638 0.1479
vn -0.8144 0.5577 -0.1602
vn -0.8115 0.4341 -0.3913
vn -0.7849 0.5535 -0.2783
vn -0.7933 0.2976 -0.5311
vn -0.6928 0.6554 0.3007
vn -0.6891 0.6395 -0.3408
vn -0.6448 0.6373 0.4219
vn -0.5740 0.7797 0.2500
vn -0.6180 0.7679 -0.1689
vn -0.6550 0.7494 0.0971
vn -0.4959 0.7700 0.4015
vn -0.6019 0.7571 -0.2541
vn -0.4364 0.8997 0.0010
vn -0.4463 0.8707 0.2064
vn -0.2966 0.9231 0.2450
vn -0.4621 0.8734 -0.1539
vn -0.3162 0.9484 -0.0258
vn -0.2960 0.9146 -0.2754
vn -0.7327 0.3413 -0.5888
vn -0.9610 0.2600 -0.0938
vn -0.8880 0.2737 -0.3695
vn -0.8129 0.3665 -0.4527
vn -0.8483 0.4966 -0.1839
vn -0.8944 0.4393 -0.0838
vn -0.9082 0.2588 -0.3290
vn -0.7113 0.6973 -0.0887
vn -0.7357 0.6558 -0.1695
vn -0.4182 0.7690 -0.4834
vn -0.7200 0.4465 -0.5312
vn -0.7256 0.5880 -0.3574
vn -0.3200 0.7651 -0.5588
vn -0.4395 0.8184 -0.3702
vn -0.3714 0.6956 -0.6150
vn -0.4449 0.8901 -0.0988
vn -0.5197 0.8387 -0.1626
vn -0.5613 0.5194 -0.6443
vn -0.1767 0.8247 -0.5373
vn -0.3988 0.2681 -0.8770
vn -0.5869 0.3807 -0.7145
vn 0.2238 -0.8797 0.4197
vn -0.3823 0.6258 -0.6799
vn 0.5148 -0.8489 0.1198
vn 0.3723 -0.4647 0.8034
vn 0.5043 -0.5518 0.6642
vn 0.4555 -0.8476 0.2723
vn 0.1370 -0.5467 0.8261
vn 0.6598 -0.5195 0.5429
vn 0.8820 -0.2794 0.3794
vn 0.3952 -0.4386 0.8071
vn 0.1876 -0.9776 0.0956
vn 0.6855 -0.4168 0.5970
vn 0.3616 -0.7357 0.5727
vn 0.1083 -0.2929 0.9500
vn 0.3307 -0.1894 0.9246
vn 0.4923 -0.4395 0.7513
vn 0.5984 -0.8010 0.0176
vn 0.8871 -0.4609 0.0249
vn 0.4923 -0.7761 0.3941
vn 0.5159 -0.7513 0.4116
vn 0.4768 -0.2635 0.8386
vn 0.6513 -0.1739 0.7386
vn 0.6233 -0.5657 0.5399
vn 0.7063 -0.3589 0.6103
vn 0.5773 -0.7298 0.3662
vn 0.8978 -0.4330 0.0809
vn 0.7242 -0.5951 0.3484
vn 0.7515 -0.2908 0.5922
vn 0.8850 -0.0070 0.4656
vn 0.9527 -0.2211 0.2083
vn 0.9510 -0.1886 0.2448
vn 0.8026 -0.4273 0.4163
vn 0.7663 -0.3751 0.5216
vn 0.7766 -0.3668 0.5121
vn 0.7951 -0.5033 0.3383
vn 0.7997 -0.5851 0.1347
vn 0.1663 -0.9176 0.3610
vn 0.9907 -0.1156 0.0715
vn 0.1696 -0.9833 -0.0658
vn 0.1109 -0.9505 0.2903
vn 0.1793 -0.7485 0.6384
vn 0.0855 -0.6375 0.7657
vn 0.0457 -0.8398 0.5409
vn 0.4237 -0.9015 -0.0887
vn 0.4127 -0.8900 0.1942
vn 0.6780 -0.6200 0.3949
vn 0.4806 -0.8752 0.0559
vn 0.4785 -0.8379 0.2626
vn 0.2659 -0.5938 0.7594
vn 0.6557 -0.6611 0.3646
vn 0.2726 -0.8203 0.5028
vn 0.3467 -0.6910 0.6343
vn 0.3455 -0.8572 0.3819
vn 0.7500 -0.6576 0.0709
vn 0.7340 -0.6646 -0.1398
vn 0.8927 -0.1623 0.4204
vn 0.8457 -0.4993 -0.1881
vn 0.5925 -0.5452 0.5930
vn 0.7527 -0.4261 0.5020
vn 0.6633 -0.2886 0.6905
vn 0.4415 -0.8324 0.3349
vn 0.9050 -0.1668 0.3913
vn 0.7192 -0.0543 0.6927
vn 0.7284 -0.3713 0.5758
vn 0.7376 -0.5954 0.3186
vn 0.8642 -0.2897 0.4114
vn 0.9105 -0.1870 0.3687
vn 0.9382 0.0108 0.3460
vn 0.9691 -0.2359 0.0715
vn 0.9684 -0.2487 0.0177
vn 0.9952 0.0827 0.0523
vn 0.9706 -0.1937 -0.1426
vn 0.9284 -0.3669 -0.0586
vn 0.9864 0.0208 -0.1630
vn 0.9365 -0.3197 0.1440
vn 0.9744 -0.1769 -0.1386
vn 0.9996 0.0121 -0.0255
vn 0.7950 -0.6038 -0.0577
vn 0.8112 -0.5774 -0.0925
vn 0.7821 -0.5869 0.2093
vn 0.7895 -0.5604 0.2503
vn 0.7535 0.0089 0.6574
vn 0.9859 -0.1540 -0.0649
vn 0.8950 -0.3244 0.3061
vn 0.9800 -0.1952 0.0385
vn 0.7834 -0.5667 0.2553
vn 0.9535 -0.1425 0.2656
vn 0.9230 0.0476 0.3819
vn 0.6343 -0.5779 0.5135
vn 0.7874 -0.0625 0.6132
vn 0.7305 -0.3832 0.5652
vn 0.7274 -0.5601 0.3965
vn 0.7960 -0.3200 0.5138
vn 0.9359 -0.0386 0.3501
vn 0.9047 -0.3464 0.2479
vn 0.8243 -0.1661 0.5412
vn 0.7168 -0.4427 0.5387
vn 0.7902 -0.3256 0.5192
vn 0.9856 -0.1178 0.1216
vn 0.7554 -0.4032 0.5165
vn 0.8047 -0.5163 0.2932
vn 0.9081 -0.0861 0.4097
vn 0.9114 -0.3944 0.1177
vn 0.1293 -0.1479 0.9805
vn 0.1167 0.5305 0.8396
vn 0.0224 0.2334 0.9721
vn 0.2046 0.8100 0.5495
vn 0.5708 -0.1624 0.8049
vn 0.0971 0.9762 0.1940
vn 0.4857 -0.2396 0.8406
vn 0.4243 0.4561 0.7823
vn 0.6183 0.4876 0.6165
vn 0.4491 0.4722 0.7585
vn 0.3980 0.8245 0.4024
vn 0.4758 0.8587 0.1902
vn 0.9091 -0.1068 0.4025
vn 0.5671 0.1329 0.8128
vn 0.6618 0.2096 0.7198
vn 0.6628 0.5374 0.5215
vn 0.9060 0.4106 0.1028
vn 0.8961 0.1372 0.4222
vn 0.6319 0.7458 0.2109
vn 0.2241 0.9744 0.0193
vn 0.5611 0.8161 0.1386
vn 0.1548 0.9855 -0.0702
vn 0.2638 0.8545 0.4476
vn 0.4245 0.8976 0.1191
vn 0.5774 0.8129 0.0758
vn 0.3201 0.8196 0.4751
vn 0.2953 0.8618 0.4124
vn 1.0000 0.0065 -0.0023
vn 0.8998 0.4359 -0.0181
vn 0.7629 0.6432 -0.0653
vn 0.5909 0.8066 -0.0173
vn 0.9864 -0.1458 -0.0754
vn 0.7213 0.6159 0.3168
vn 0.8682 0.3165 0.3822
vn 0.8584 -0.0399 0.5114
vn 0.6760 0.5431 0.4980
vn 0.5551 0.7158 0.4238
vn 0.9996 0.0148 -0.0224
vn 0.9215 -0.1262 0.3674
vn 0.8687 0.1205 0.4804
vn 0.7989 0.5931 0.0999
vn 0.6396 0.7005 0.3167
vn 0.9559 0.1445 0.2557
vn 0.6550 0.7502 0.0905
vn 0.7885 0.4471 0.4223
vn 0.3378 0.9412 0.0074
vn 0.9279 0.2865 0.2385
vn 0.9281 0.3574 0.1044
vn 0.8968 0.4359 0.0752
vn 0.9883 0.1439 -0.0512
vn 0.1188 0.9701 -0.2117
vn 0.2261 0.9739 -0.0177
vn 0.0311 0.9062 0.4218
vn 0.3917 0.9023 -0.1799
vn 0.2812 0.9153 0.2884
vn 0.0889 0.9121 0.4002
vn 0.1579 0.9834 0.0897
vn 0.0707 0.9878 0.1390
vn 0.4545 0.8774 -0.1538
vn 0.3361 0.8000 0.4970
vn 0.8142 0.5768 -0.0670
vn 0.2995 0.9417 0.1534
vn 0.6648 0.7284 -0.1661
vn 0.7449 0.6283 0.2243
vn 0.9607 0.1145 0.2531
vn 0.6829 0.6566 0.3203
vn 0.4798 0.8353 0.2684
vn 0.4107 0.9074 0.0889
vn 0.9181 0.3812 -0.1081
vn 0.8947 0.4372 -0.0911
vn 0.9386 0.3447 -0.0153
vn 0.7859 0.5446 0.2930
vn 0.8431 0.4156 0.3413
vn 0.8314 0.4925 0.2573
vn 0.5518 0.6563 0.5146
vn 0.4734 0.7536 0.4561
vn 0.5583 0.7785 0.2868
vn 0.5265 0.7957 0.2994
vn 0.8593 0.0060 0.5114
vn 0.7358 0.4354 0.5187
vn 0.8243 0.2102 0.5257
vn 0.8048 0.3196 0.5002
vn 0.6773 0.6354 0.3708
vn 0.9856 0.1226 0.1169
vn 0.7384 0.6637 0.1192
vn 0.8983 0.0063 0.4393
vn 0.9377 0.1753 0.3001
vn 0.9065 0.2960 0.3010
vn 0.8866 0.4063 0.2210
vn 0.9938 0.0001 0.1111
vn 0.2336 -0.9713 0.0450
vn 0.0852 -0.9741 -0.2093
vn 0.0799 -0.9031 -0.4219
vn 0.0198 -0.9317 -0.3627
vn 0.2343 -0.9636 -0.1289
vn 0.2375 -0.8561 -0.4589
vn 0.5039 -0.8614 0.0634
vn 0.2392 -0.9588 -0.1534
vn 0.1841 -0.9683 0.1688
vn 0.4922 -0.8392 0.2311
vn 0.4841 -0.8550 -0.1863
vn 0.7357 -0.6767 0.0304
vn 0.4515 -0.8175 -0.3576
vn 0.5346 -0.7351 -0.4169
vn 0.4145 -0.7523 0.5121
vn 0.5123 -0.7003 0.4971
vn 0.7180 -0.6595 0.2227
vn 0.7330 -0.6579 -0.1726
vn 0.8777 -0.4127 -0.2436
vn 0.6918 -0.6105 -0.3856
vn 0.8841 -0.3952 0.2495
vn 0.9870 0.0102 0.1605
vn 0.9010 -0.3854 0.1990
vn 0.9211 -0.3889 0.0203
vn 0.9171 -0.1935 -0.3485
vn 0.8853 -0.3098 -0.3469
vn 0.8994 -0.1025 -0.4250
vn 0.8882 -0.1755 -0.4246
vn 0.9988 -0.0449 0.0219
vn 0.9913 -0.1279 -0.0324
vn 0.8636 -0.4197 -0.2794
vn 0.8561 -0.1017 -0.5067
vn 0.8627 -0.4714 0.1831
vn 0.9529 0.2761 0.1258
vn 0.7051 -0.6835 0.1888
vn 0.9721 -0.1312 -0.1944
vn 0.8856 -0.0503 -0.4617
vn 0.8254 -0.5231 -0.2125
vn 0.7918 -0.0922 -0.6038
vn 0.8209 -0.3667 -0.4378
vn 0.8398 0.2086 -0.5012
vn 0.7776 -0.1756 0.6038
vn 0.7112 -0.6541 0.2575
vn 0.8025 -0.5074 0.3138
vn 0.6973 -0.4678 0.5430
vn 0.8797 -0.4754 0.0067
vn 0.9985 0.0529 0.0130
vn 0.8447 -0.4754 -0.2459
vn 0.9962 0.0705 -0.0510
vn 0.8517 -0.2632 -0.4532
vn 0.9294 -0.3112 -0.1986
vn 0.9414 -0.2899 0.1725
vn 0.9337 -0.0607 -0.3528
vn 0.9821 -0.0546 0.1801
vn 0.9162 -0.2820 -0.2846
vn 0.9012 -0.4261 -0.0789
vn 0.9391 -0.3062 -0.1563
vn -0.0269 -0.9996 0.0040
vn 0.9070 -0.0836 -0.4128
vn 0.9834 -0.1580 -0.0896
vn 0.9878 -0.0724 -0.1381
vn -0.0095 -0.9425 0.3340
vn -0.0827 -0.7846 -0.6145
vn 0.0018 -0.9397 -0.3419
vn -0.0612 -0.3484 -0.9354
vn 0.0195 -0.5945 -0.8039
vn -0.1795 -0.5237 -0.8328
vn 0.1895 -0.7920 -0.5804
vn 0.1873 -0.9370 0.2950
vn 0.2562 -0.8424 0.4740
vn 0.2357 -0.9509 0.2006
vn 0.2434 -0.9501 -0.1949
vn 0.1509 -0.3962 -0.9057
vn 0.2126 -0.6309 -0.7462
vn 0.0976 -0.6077 -0.7881
vn 0.4283 -0.6532 -0.6244
vn 0.5933 -0.7728 0.2253
vn 0.3338 -0.9296 0.1565
vn 0.4028 -0.9152 -0.0087
vn 0.5006 -0.7884 -0.3575
vn 0.3967 -0.7718 -0.4969
vn 0.4620 -0.6281 -0.6261
vn 0.4219 -0.5814 -0.6957
vn 0.4361 -0.3242 -0.8394
vn 0.6287 -0.7777 -0.0054
vn 0.7305 -0.6243 0.2767
vn 0.6868 -0.4565 -0.5656
vn 0.6406 -0.7483 -0.1724
vn 0.7330 -0.6322 -0.2511
vn 0.7104 -0.5975 -0.3720
vn 0.6412 -0.5952 -0.4843
vn 0.6349 -0.5715 -0.5198
vn 0.6264 -0.3731 -0.6845
vn 0.6177 -0.2354 -0.7503
vn 0.8995 -0.0895 0.4277
vn 0.7092 -0.6509 -0.2709
vn 0.8746 -0.2403 0.4210
vn 0.8799 -0.4752 0.0075
vn 0.8995 0.1079 0.4233
vn 0.8728 -0.4605 0.1614
vn 0.8890 -0.2680 -0.3712
vn 0.8719 -0.4724 -0.1287
vn 0.9083 -0.2778 -0.3127
vn 0.8236 -0.3517 -0.4450
vn 0.9243 -0.0316 -0.3803
vn 0.7479 -0.1615 -0.6438
vn 0.9964 0.0377 -0.0764
vn 0.9956 -0.0822 0.0448
vn 0.9888 -0.1397 -0.0517
vn 0.9972 -0.0355 0.0659
vn 0.9853 -0.1368 -0.1020
vn 0.8822 -0.4344 0.1817
vn 0.8679 0.0661 0.4923
vn 0.9364 -0.2816 -0.2095
vn 0.8713 -0.1810 -0.4562
vn 0.8108 -0.5140 -0.2800
vn 0.9689 -0.0919 0.2297
vn 0.8047 -0.5692 -0.1688
vn 0.8703 -0.1251 0.4764
vn 0.8685 -0.0065 0.4957
vn 0.8625 -0.2838 0.4190
vn 0.9678 -0.2267 0.1097
vn 0.8668 -0.4962 -0.0497
vn 0.8699 -0.4024 -0.2852
vn 0.8660 -0.4131 -0.2818
vn 0.8485 -0.2911 -0.4420
vn 0.8074 -0.3368 -0.4844
vn 0.9438 -0.1092 0.3121
vn 0.9938 0.0064 0.1114
vn 0.9642 -0.2275 -0.1361
vn 0.9996 0.0220 -0.0188
vn 0.9883 0.0214 -0.1508
vn -0.3910 -0.6567 -0.6449
vn 0.9442 -0.1184 -0.3074
vn -0.4006 -0.7194 -0.5674
vn -0.0749 -0.8492 -0.5227
vn 0.4948 -0.7715 -0.4000
vn -0.1647 -0.9296 -0.3297
vn -0.3420 -0.7707 -0.5377
vn -0.3601 -0.7848 -0.5044
vn -0.1705 -0.9837 -0.0566
vn -0.1037 -0.5185 -0.8487
vn -0.0474 -0.5985 -0.7997
vn 0.3391 -0.4667 -0.8168
vn 0.0401 -0.9281 -0.3703
vn 0.5974 -0.3602 -0.7165
vn 0.1943 -0.9792 -0.0584
vn 0.4198 -0.4919 -0.7628
vn 0.1999 -0.9241 -0.3257
vn 0.5971 -0.7003 -0.3912
vn 0.3388 -0.7447 -0.5751
vn 0.4907 -0.8709 -0.0283
vn 0.4757 -0.5909 -0.6516
vn 0.4807 -0.8715 -0.0968
vn 0.4217 -0.8693 -0.2577
vn 0.5775 -0.7255 -0.3744
vn 0.7169 -0.5264 -0.4570
vn 0.7736 -0.4055 -0.4869
vn 0.7213 -0.6902 0.0583
vn 0.7726 -0.5540 -0.3101
vn 0.7127 -0.6908 -0.1220
vn 0.7704 -0.3172 -0.5531
vn 0.8166 -0.5470 -0.1846
vn 0.7493 -0.5290 -0.3984
vn 0.7545 -0.4549 -0.4731
vn 0.7727 0.0230 -0.6343
vn 0.8625 -0.3820 -0.3319
vn 0.9122 -0.4066 0.0509
vn 0.9626 -0.2113 -0.1694
vn 0.9898 -0.1298 0.0586
vn 0.9288 -0.3441 -0.1374
vn 0.9452 0.0389 -0.3242
vn 0.9832 -0.1639 -0.0798
vn 0.9112 -0.2290 -0.3424
vn 0.0131 -0.7211 -0.6927
vn 0.8716 -0.1528 -0.4658
vn 0.8877 -0.0014 -0.4604
vn 0.0198 -0.4108 -0.9115
vn 0.0287 -0.1114 -0.9934
vn 0.4787 0.0452 -0.8768
vn 0.0798 0.0486 -0.9956
vn 0.2505 -0.6981 -0.6707
vn 0.4397 -0.2501 -0.8626
vn 0.1182 0.9855 -0.1214
vn -0.0001 0.9937 -0.1119
vn -0.0035 0.8948 -0.4466
vn -0.0002 0.8554 -0.5180
vn -0.0071 0.9979 0.0649
vn 0.1464 0.9557 -0.2553
vn 0.1006 0.9114 -0.3991
vn 0.1447 0.8111 -0.5668
vn 0.5728 0.7938 -0.2044
vn 0.1692 0.9563 0.2386
vn 0.2330 0.8713 -0.4319
vn 0.4042 0.9039 -0.1398
vn 0.3641 0.9313 0.0118
vn 0.5908 0.6238 -0.5117
vn 0.3482 0.8942 -0.2814
vn 0.3849 0.7612 -0.5219
vn 0.5944 0.6296 -0.5003
vn 0.5856 0.7816 -0.2152
vn 0.4235 0.7922 -0.4394
vn 0.7734 0.6194 -0.1345
vn 0.9104 0.3952 -0.1227
vn 0.9601 0.2726 0.0626
vn 0.6098 0.7924 0.0151
vn 0.7364 0.6567 -0.1624
vn 0.6397 0.7533 -0.1526
vn 0.8248 0.2952 -0.4823
vn 0.7454 0.4622 -0.4804
vn 0.6963 0.5054 -0.5096
vn 0.8839 0.2008 -0.4224
vn 0.8474 0.4356 -0.3036
vn 0.9855 0.1222 -0.1176
vn 0.8439 0.5362 0.0183
vn 0.9269 0.1068 0.3598
vn 0.8327 0.4560 0.3142
vn 0.8945 0.4471 0.0032
vn 0.8025 0.5966 0.0062
vn 0.9054 0.3032 -0.2971
vn 0.8681 0.4359 -0.2373
vn 0.8586 0.2536 -0.4455
vn -0.0367 0.9636 0.2647
vn -0.0453 0.9191 0.3913
vn 0.1069 0.9447 -0.3101
vn -0.0440 0.9957 0.0814
vn -0.0465 0.9979 -0.0442
vn -0.0660 0.9658 -0.2506
vn 0.0746 0.9971 -0.0114
vn 0.2294 0.9340 0.2740
vn 0.0479 0.8970 -0.4395
vn 0.2235 0.8953 0.3854
vn 0.3899 0.9208 -0.0082
vn 0.1782 0.9815 0.0705
vn 0.4712 0.7866 0.3992
vn 0.3745 0.9143 -0.1544
vn 0.7801 0.4413 0.4434
vn 0.3205 0.9036 -0.2843
vn 0.5610 0.6800 0.4721
vn 0.4809 0.7966 0.3663
vn 0.5572 0.8000 -0.2225
vn 0.6147 0.7770 0.1360
vn 0.6986 0.6038 0.3839
vn 0.5664 0.7634 0.3105
vn 0.7168 0.6808 -0.1508
vn 0.5982 0.8012 -0.0169
vn 0.7181 0.5781 -0.3874
vn 0.8703 0.1637 0.4646
vn 0.8830 0.4451 0.1488
vn 0.8526 0.2907 0.4342
vn 0.7286 0.5568 0.3988
vn 0.8659 0.4236 0.2660
vn 0.7423 0.6548 0.1424
vn 0.8823 0.4392 -0.1692
vn 0.8631 0.5050 -0.0081
vn 0.7700 0.6380 0.0086
vn -0.1344 0.9410 -0.3105
vn 0.8607 0.4242 -0.2815
vn 0.8721 0.2293 -0.4322
vn 0.9486 0.1805 0.2598
vn 0.9679 0.1787 0.1770
vn 0.9560 0.2813 0.0829
vn 0.9675 0.1477 -0.2051
vn 0.9547 0.2785 -0.1051
vn -0.2131 0.8033 -0.5561
vn -0.1898 0.9797 -0.0650
vn -0.2339 0.9564 -0.1751
vn 0.0592 0.9622 -0.2658
vn 0.1102 0.8466 -0.5207
vn 0.0473 0.9982 -0.0378
vn 0.0220 0.9505 -0.3099
vn 0.0572 0.8061 -0.5890
vn 0.2562 0.8143 -0.5209
vn 0.2682 0.9171 -0.2948
vn 0.2672 0.9636 -0.0123
vn 0.8173 0.5548 -0.1555
vn 0.2970 0.6309 -0.7168
vn 0.2118 0.7674 -0.6051
vn 0.3782 0.7695 -0.5146
vn 0.6074 0.6378 -0.4736
vn 0.4795 0.8583 -0.1827
vn 0.4136 0.8030 -0.4291
vn 0.4530 0.5919 -0.6666
vn 0.5763 0.7861 -0.2232
vn 0.7947 0.6050 0.0502
vn 0.7686 0.6209 -0.1541
vn 0.5828 0.8121 0.0282
vn 0.5922 0.7904 -0.1567
vn 0.7770 0.2806 -0.5635
vn 0.4807 0.7829 -0.3948
vn 0.7097 0.5019 -0.4944
vn 0.7552 0.5074 -0.4151
vn 0.7879 0.3509 -0.5060
vn 0.9526 0.2682 -0.1437
vn 0.8699 0.1733 -0.4617
vn 0.8391 0.4404 -0.3194
vn 0.9658 0.2468 0.0796
vn 0.9371 0.2233 -0.2683
vn 0.9073 0.4188 0.0378
vn 0.9385 0.3174 -0.1363
vn 0.9114 0.4009 -0.0932
vn -0.0046 0.4733 -0.8809
vn 0.8716 0.1712 -0.4593
vn -0.1818 0.5035 -0.8447
vn -0.2428 0.6031 -0.7598
vn 0.0183 0.1326 -0.9910
vn 0.4412 0.2456 -0.8632
vn 0.6349 0.4468 -0.6303
s 0
f 1//1 2//1 4//1
f 9//2 3//2 4//2
f 4//3 5//3 9//3
f 6//4 3//4 9//4
f 8//5 9//5 12//5
f 13//6 10//6 11//6
f 14//7 15//7 18//7
f 20//8 16//8 18//8
f 20//9 22//9 16//9
f 25//10 24//10 23//10
f 23//11 30//11 31//11
f 24//12 32//12 30//12
f 26//13 33//13 24//13
f 31//14 41//14 39//14
f 31//15 30//15 41//15
f 30//16 32//16 35//16
f 30//17 35//17 41//17
f 33//18 36//18 32//18
f 35//19 40//19 41//19
f 44//20 37//20 33//20
f 38//21 4//21 2//21
f 41//22 46//22 38//22
f 43//23 42//23 40//23
f 51//24 42//24 50//24
f 51//25 46//25 42//25
f 50//26 42//26 43//26
f 52//27 47//27 54//27
f 52//28 43//28 47//28
f 48//29 53//29 54//29
f 48//30 14//30 53//30
f 53//31 14//31 19//31
f 56//32 58//32 55//32
f 59//33 52//33 54//33
f 63//34 62//34 61//34
f 61//35 64//35 65//35
f 66//36 76//36 77//36
f 67//37 78//37 76//37
f 68//38 79//38 67//38
f 70//39 17//39 18//39
f 86//40 17//40 80//40
f 88//41 82//41 77//41
f 84//42 83//42 78//42
f 89//43 84//43 78//43
f 89//44 78//44 85//44
f 93//45 88//45 92//45
f 92//46 83//46 94//46
f 92//47 88//47 83//47
f 84//48 94//48 83//48
f 28//49 29//49 96//49
f 101//50 28//50 102//50
f 102//51 28//51 103//51
f 104//52 103//52 96//52
f 105//53 106//53 107//53
f 105//54 107//54 97//54
f 108//55 105//55 98//55
f 109//56 108//56 99//56
f 99//57 108//57 98//57
f 110//58 34//58 101//58
f 114//59 102//59 105//59
f 105//60 102//60 103//60
f 114//61 105//61 108//61
f 109//62 116//62 108//62
f 63//63 61//63 119//63
f 121//64 111//64 122//64
f 122//65 111//65 112//65
f 61//66 65//66 123//66
f 125//67 49//67 45//67
f 126//68 125//68 121//68
f 128//69 126//69 121//69
f 129//70 128//70 121//70
f 135//71 136//71 131//71
f 131//72 136//72 132//72
f 132//73 137//73 138//73
f 136//74 141//74 137//74
f 136//75 140//75 143//75
f 175//76 142//76 144//76
f 25//77 23//77 154//77
f 25//78 154//78 149//78
f 27//79 25//79 150//79
f 150//80 25//80 149//80
f 150//81 149//81 156//81
f 29//82 27//82 150//82
f 29//83 150//83 151//83
f 151//84 150//84 156//84
f 23//85 31//85 154//85
f 156//86 163//86 157//86
f 160//87 161//87 152//87
f 152//88 31//88 160//88
f 159//89 157//89 165//89
f 165//90 157//90 164//90
f 134//91 132//91 166//91
f 39//92 133//92 160//92
f 153//93 161//93 167//93
f 153//94 167//94 168//94
f 169//95 162//95 168//95
f 168//96 167//96 170//96
f 172//97 168//97 171//97
f 175//98 138//98 142//98
f 172//99 177//99 178//99
f 181//100 177//100 180//100
f 183//101 178//101 182//101
f 175//102 148//102 185//102
f 180//103 185//103 186//103
f 612//104 181//104 186//104
f 188//105 29//105 151//105
f 96//106 29//106 188//106
f 100//107 97//107 190//107
f 192//108 188//108 151//108
f 106//109 104//109 193//109
f 106//110 193//110 194//110
f 194//111 193//111 192//111
f 195//112 194//112 196//112
f 97//113 195//113 189//113
f 201//114 192//114 191//114
f 196//115 203//115 197//115
f 197//116 203//116 204//116
f 202//117 201//117 200//117
f 203//118 202//118 207//118
f 204//119 203//119 207//119
f 211//120 205//120 204//120
f 206//121 208//121 200//121
f 210//122 207//122 209//122
f 206//123 174//123 212//123
f 210//124 209//124 213//124
f 211//125 210//125 214//125
f 212//126 184//126 215//126
f 214//127 210//127 217//127
f 219//128 215//128 218//128
f 216//129 215//129 219//129
f 223//130 224//130 226//130
f 225//131 223//131 227//131
f 227//132 223//132 226//132
f 69//133 62//133 222//133
f 233//134 229//134 234//134
f 234//135 229//135 235//135
f 235//136 230//136 236//136
f 232//137 241//137 68//137
f 243//138 242//138 244//138
f 248//139 249//139 251//139
f 243//140 253//140 242//140
f 246//141 245//141 234//141
f 255//142 243//142 244//142
f 256//143 255//143 245//143
f 245//144 255//144 244//144
f 257//145 256//145 245//145
f 257//146 245//146 254//146
f 85//147 95//147 89//147
f 256//148 261//148 255//148
f 262//149 256//149 257//149
f 266//150 265//150 99//150
f 267//151 268//151 269//151
f 269//152 268//152 264//152
f 120//153 109//153 265//153
f 226//154 224//154 270//154
f 273//155 265//155 267//155
f 274//156 267//156 269//156
f 282//157 278//157 279//157
f 284//158 273//158 267//158
f 275//159 284//159 267//159
f 237//160 231//160 285//160
f 287//161 284//161 288//161
f 279//162 276//162 277//162
f 278//163 289//163 290//163
f 278//164 281//164 289//164
f 295//165 285//165 286//165
f 290//166 287//166 288//166
f 249//167 237//167 285//167
f 249//168 285//168 292//168
f 296//169 239//169 248//169
f 301//170 302//170 303//170
f 303//171 302//171 304//171
f 297//172 305//172 250//172
f 309//173 303//173 310//173
f 307//174 312//174 306//174
f 308//175 313//175 307//175
f 258//176 254//176 250//176
f 313//177 319//177 312//177
f 320//178 313//178 308//178
f 314//179 320//179 308//179
f 317//180 263//180 258//180
f 321//181 318//181 319//181
f 322//182 313//182 320//182
f 324//183 314//183 315//183
f 325//184 315//184 316//184
f 331//185 328//185 332//185
f 333//186 329//186 330//186
f 338//187 337//187 335//187
f 341//188 338//188 339//188
f 328//189 281//189 278//189
f 331//190 345//190 328//190
f 348//191 347//191 334//191
f 334//192 347//192 331//192
f 350//193 340//193 342//193
f 346//194 351//194 345//194
f 300//195 296//195 352//195
f 348//196 300//196 347//196
f 304//197 349//197 353//197
f 350//198 353//198 349//198
f 310//199 304//199 355//199
f 310//200 355//200 356//200
f 354//201 356//201 353//201
f 358//202 342//202 359//202
f 361//203 343//203 344//203
f 354//204 350//204 360//204
f 361//205 359//205 343//205
f 360//206 358//206 362//206
f 366//207 354//207 360//207
f 367//208 362//208 363//208
f 363//209 362//209 359//209
f 354//210 357//210 356//210
f 366//211 376//211 354//211
f 377//212 366//212 367//212
f 367//213 366//213 360//213
f 378//214 377//214 367//214
f 378//215 367//215 368//215
f 379//216 373//216 380//216
f 375//217 381//217 374//217
f 377//218 382//218 366//218
f 325//219 357//219 386//219
f 388//220 382//220 377//220
f 378//221 388//221 377//221
f 379//222 390//222 384//222
f 391//223 381//223 375//223
f 393//224 385//224 380//224
f 397//225 198//225 199//225
f 399//226 264//226 396//226
f 401//227 269//227 400//227
f 403//228 398//228 402//228
f 404//229 399//229 398//229
f 401//230 274//230 269//230
f 404//231 400//231 399//231
f 406//232 400//232 404//232
f 408//233 407//233 409//233
f 412//234 404//234 411//234
f 406//235 404//235 413//235
f 405//236 406//236 407//236
f 412//237 411//237 417//237
f 418//238 412//238 417//238
f 414//239 413//239 419//239
f 419//240 413//240 418//240
f 415//241 414//241 419//241
f 415//242 419//242 420//242
f 421//243 410//243 214//243
f 419//244 418//244 423//244
f 423//245 418//245 422//245
f 420//246 419//246 423//246
f 420//247 423//247 424//247
f 424//248 423//248 427//248
f 426//249 425//249 428//249
f 422//250 426//250 429//250
f 427//251 423//251 430//251
f 282//252 408//252 431//252
f 431//253 330//253 282//253
f 431//254 409//254 432//254
f 432//255 445//255 439//255
f 435//256 432//256 440//256
f 437//257 435//257 440//257
f 443//258 344//258 438//258
f 444//259 438//259 442//259
f 445//260 409//260 415//260
f 440//261 439//261 446//261
f 441//262 440//262 446//262
f 446//263 449//263 450//263
f 464//264 447//264 451//264
f 464//265 451//265 459//265
f 452//266 424//266 427//266
f 455//267 452//267 427//267
f 457//268 453//268 456//268
f 459//269 458//269 460//269
f 459//270 460//270 461//270
f 443//271 361//271 344//271
f 463//272 361//272 443//272
f 465//273 444//273 462//273
f 462//274 447//274 464//274
f 465//275 462//275 466//275
f 466//276 462//276 464//276
f 467//277 465//277 466//277
f 468//278 365//278 463//278
f 471//279 469//279 470//279
f 467//280 466//280 476//280
f 474//281 375//281 473//281
f 477//282 476//282 475//282
f 478//283 477//283 482//283
f 472//284 478//284 479//284
f 472//285 479//285 473//285
f 474//286 473//286 481//286
f 391//287 375//287 474//287
f 8//288 12//288 486//288
f 8//289 486//289 485//289
f 486//290 12//290 487//290
f 493//291 490//291 487//291
f 491//292 494//292 487//292
f 492//293 494//293 491//293
f 495//294 494//294 492//294
f 499//295 22//295 500//295
f 499//296 500//296 501//296
f 58//297 489//297 57//297
f 508//298 489//298 58//298
f 59//299 506//299 505//299
f 59//300 505//300 504//300
f 59//301 60//301 506//301
f 508//302 496//302 489//302
f 504//303 505//303 509//303
f 506//304 510//304 511//304
f 507//305 510//305 506//305
f 513//306 496//306 508//306
f 512//307 496//307 513//307
f 507//308 515//308 516//308
f 518//309 511//309 517//309
f 497//310 495//310 512//310
f 523//311 521//311 524//311
f 514//312 522//312 509//312
f 524//313 522//313 514//313
f 518//314 514//314 511//314
f 526//315 514//315 518//315
f 527//316 524//316 525//316
f 526//317 527//317 525//317
f 95//318 534//318 89//318
f 539//319 537//319 538//319
f 541//320 538//320 532//320
f 539//321 546//321 537//321
f 547//322 546//322 539//322
f 541//323 549//323 548//323
f 541//324 548//324 538//324
f 540//325 551//325 549//325
f 540//326 549//326 541//326
f 542//327 551//327 540//327
f 557//328 553//328 554//328
f 554//329 549//329 555//329
f 552//330 551//330 542//330
f 555//331 551//331 552//331
f 558//332 557//332 554//332
f 563//333 520//333 519//333
f 565//334 563//334 564//334
f 570//335 565//335 569//335
f 568//336 565//336 570//336
f 550//337 569//337 547//337
f 571//338 569//338 550//338
f 570//339 569//339 571//339
f 572//340 520//340 566//340
f 573//341 568//341 570//341
f 570//342 571//342 574//342
f 571//343 550//343 575//343
f 570//344 574//344 587//344
f 575//345 557//345 558//345
f 588//346 579//346 589//346
f 589//347 587//347 583//347
f 592//348 583//348 586//348
f 593//349 589//349 592//349
f 593//350 588//350 589//350
f 591//351 588//351 593//351
f 597//352 145//352 596//352
f 147//353 599//353 600//353
f 148//354 600//354 601//354
f 597//355 596//355 602//355
f 606//356 604//356 599//356
f 607//357 606//357 603//357
f 607//358 495//358 497//358
f 185//359 610//359 611//359
f 183//360 187//360 613//360
f 610//361 601//361 614//361
f 615//362 611//362 614//362
f 186//363 611//363 615//363
f 186//364 615//364 616//364
f 187//365 616//365 623//365
f 620//366 618//366 609//366
f 616//367 615//367 623//367
f 617//368 623//368 624//368
f 619//369 512//369 521//369
f 625//370 620//370 619//370
f 627//371 621//371 620//371
f 628//372 622//372 621//372
f 628//373 629//373 622//373
f 528//374 626//374 523//374
f 631//375 528//375 529//375
f 633//376 632//376 631//376
f 635//377 218//377 634//377
f 216//378 219//378 636//378
f 221//379 220//379 637//379
f 634//380 613//380 638//380
f 636//381 219//381 639//381
f 641//382 640//382 636//382
f 220//383 640//383 642//383
f 639//384 638//384 644//384
f 645//385 639//385 644//385
f 636//386 639//386 645//386
f 624//387 630//387 647//387
f 638//388 624//388 649//388
f 644//389 638//389 649//389
f 577//390 633//390 529//390
f 633//391 577//391 578//391
f 656//392 653//392 650//392
f 652//393 581//393 655//393
f 658//394 656//394 652//394
f 651//395 654//395 660//395
f 657//396 655//396 591//396
f 659//397 661//397 662//397
f 262//398 665//398 256//398
f 666//399 262//399 263//399
f 95//400 543//400 534//400
f 665//401 670//401 669//401
f 672//402 665//402 671//402
f 666//403 671//403 262//403
f 675//404 670//404 665//404
f 675//405 679//405 670//405
f 672//406 675//406 665//406
f 685//407 675//407 672//407
f 679//408 674//408 670//408
f 679//409 680//409 678//409
f 683//410 679//410 675//410
f 684//411 681//411 680//411
f 684//412 682//412 681//412
f 685//413 683//413 675//413
f 687//414 684//414 686//414
f 689//415 685//415 672//415
f 695//416 685//416 689//416
f 686//417 685//417 695//417
f 561//418 560//418 691//418
f 692//419 677//419 678//419
f 694//420 693//420 696//420
f 682//421 694//421 681//421
f 699//422 698//422 682//422
f 702//423 682//423 688//423
f 697//424 699//424 702//424
f 697//425 702//425 703//425
f 690//426 702//426 688//426
f 705//427 585//427 584//427
f 706//428 705//428 693//428
f 708//429 693//429 694//429
f 708//430 706//430 693//430
f 708//431 694//431 682//431
f 711//432 720//432 719//432
f 704//433 703//433 712//433
f 723//434 711//434 712//434
f 702//435 690//435 713//435
f 586//436 585//436 715//436
f 715//437 585//437 705//437
f 707//438 716//438 715//438
f 719//439 707//439 710//439
f 719//440 718//440 707//440
f 720//441 718//441 719//441
f 726//442 723//442 712//442
f 731//443 723//443 726//443
f 731//444 724//444 723//444
f 594//445 592//445 716//445
f 729//446 728//446 727//446
f 317//447 732//447 263//447
f 733//448 318//448 321//448
f 323//449 736//449 322//449
f 740//450 732//450 733//450
f 741//451 733//451 734//451
f 736//452 743//452 735//452
f 739//453 676//453 671//453
f 748//454 740//454 741//454
f 743//455 751//455 750//455
f 745//456 751//456 744//456
f 752//457 745//457 746//457
f 739//458 689//458 676//458
f 755//459 748//459 749//459
f 750//460 758//460 757//460
f 762//461 695//461 764//461
f 770//462 769//462 758//462
f 771//463 765//463 763//463
f 760//464 772//464 759//464
f 761//465 772//465 760//465
f 690//466 688//466 763//466
f 714//467 713//467 773//467
f 765//468 690//468 763//468
f 773//469 690//469 765//469
f 772//470 770//470 759//470
f 776//471 772//471 761//471
f 776//472 775//472 772//472
f 777//473 726//473 714//473
f 778//474 714//474 773//474
f 777//475 714//475 778//475
f 778//476 773//476 779//476
f 768//477 779//477 765//477
f 774//478 779//478 768//478
f 780//479 779//479 774//479
f 781//480 774//480 775//480
f 775//481 782//481 781//481
f 777//482 731//482 726//482
f 784//483 731//483 785//483
f 785//484 777//484 778//484
f 786//485 778//485 779//485
f 780//486 786//486 779//486
f 788//487 787//487 786//487
f 788//488 780//488 781//488
f 792//489 790//489 789//489
f 794//490 793//490 784//490
f 788//491 795//491 787//491
f 791//492 798//492 790//492
f 386//493 799//493 325//493
f 746//494 738//494 799//494
f 386//495 800//495 799//495
f 800//496 801//496 746//496
f 761//497 752//497 801//497
f 802//498 386//498 387//498
f 805//499 804//499 388//499
f 804//500 808//500 803//500
f 804//501 809//501 808//501
f 809//502 811//502 808//502
f 816//503 761//503 811//503
f 816//504 776//504 761//504
f 817//505 824//505 816//505
f 820//506 813//506 814//506
f 826//507 824//507 817//507
f 826//508 825//508 824//508
f 828//509 819//509 820//509
f 783//510 782//510 824//510
f 834//511 832//511 792//511
f 826//512 834//512 825//512
f 835//513 833//513 832//513
f 838//514 835//514 837//514
f 839//515 838//515 837//515
f 791//516 790//516 832//516
f 392//517 806//517 390//517
f 393//518 392//518 385//518
f 840//519 393//519 394//519
f 395//520 840//520 394//520
f 841//521 815//521 814//521
f 842//522 815//522 841//522
f 815//523 822//523 821//523
f 844//524 822//524 842//524
f 848//525 428//525 847//525
f 848//526 847//526 851//526
f 852//527 845//527 851//527
f 849//528 845//528 852//528
f 850//529 849//529 852//529
f 855//530 850//530 854//530
f 856//531 643//531 651//531
f 859//532 851//532 857//532
f 853//533 852//533 859//533
f 854//534 853//534 858//534
f 861//535 857//535 860//535
f 861//536 860//536 862//536
f 866//537 854//537 865//537
f 855//538 854//538 866//538
f 862//539 872//539 867//539
f 862//540 860//540 872//540
f 722//541 868//541 730//541
f 869//542 722//542 725//542
f 871//543 870//543 869//543
f 874//544 662//544 873//544
f 874//545 872//545 662//545
f 875//546 728//546 730//546
f 875//547 873//547 728//547
f 867//548 873//548 875//548
f 875//549 730//549 868//549
f 728//550 663//550 595//550
f 876//551 427//551 846//551
f 878//552 457//552 877//552
f 880//553 878//553 879//553
f 846//554 855//554 882//554
f 881//555 880//555 884//555
f 883//556 882//556 886//556
f 887//557 883//557 886//557
f 890//558 884//558 889//558
f 890//559 891//559 892//559
f 890//560 889//560 891//560
f 885//561 866//561 895//561
f 891//562 888//562 896//562
f 900//563 893//563 899//563
f 905//564 904//564 898//564
f 899//565 784//565 793//565
f 901//566 796//566 797//566
f 475//567 461//567 906//567
f 908//568 482//568 907//568
f 479//569 908//569 909//569
f 461//570 881//570 911//570
f 913//571 918//571 919//571
f 914//572 913//572 919//572
f 922//573 916//573 890//573
f 920//574 914//574 923//574
f 921//575 890//575 892//575
f 921//576 924//576 932//576
f 917//577 925//577 927//577
f 930//578 928//578 929//578
f 931//579 823//579 923//579
f 931//580 923//580 930//580
f 484//581 840//581 395//581
f 936//582 843//582 935//582
f 936//583 935//583 915//583
f 1//584 4//584 3//584
f 6//585 9//585 8//585
f 10//586 9//586 5//586
f 7//587 11//587 10//587
f 7//588 10//588 5//588
f 16//589 22//589 21//589 19//589
f 14//590 18//590 16//590
f 19//591 14//591 16//591
f 20//592 18//592 17//592
f 26//593 28//593 34//593 33//593
f 27//594 26//594 24//594
f 27//595 24//595 25//595
f 28//596 26//596 27//596
f 29//597 28//597 27//597
f 23//598 24//598 30//598
f 24//599 33//599 32//599
f 44//600 33//600 34//600 45//600
f 36//601 35//601 32//601
f 33//602 37//602 36//602
f 39//603 38//603 2//603
f 39//604 41//604 38//604
f 40//605 35//605 36//605
f 43//606 40//606 36//606
f 37//607 47//607 43//607
f 37//608 43//608 36//608
f 44//609 47//609 37//609
f 5//610 4//610 38//610 46//610
f 14//611 48//611 49//611 15//611
f 46//612 41//612 40//612
f 42//613 46//613 40//613
f 44//614 48//614 47//614
f 7//615 51//615 55//615 11//615
f 49//616 48//616 44//616
f 45//617 49//617 44//617
f 46//618 7//618 5//618
f 46//619 51//619 7//619
f 52//620 50//620 43//620
f 48//621 54//621 47//621
f 55//622 51//622 50//622
f 57//623 11//623 55//623 58//623
f 56//624 55//624 50//624
f 52//625 56//625 50//625
f 57//626 13//626 11//626
f 504//627 56//627 52//627 59//627
f 504//628 58//628 56//628
f 19//629 21//629 60//629 53//629
f 60//630 59//630 54//630 53//630
f 66//631 64//631 61//631 62//631
f 62//632 67//632 66//632
f 71//633 73//633 72//633 70//633
f 69//634 68//634 67//634
f 69//635 67//635 62//635
f 71//636 70//636 15//636
f 72//637 73//637 75//637 74//637
f 74//638 75//638 65//638 64//638
f 72//639 74//639 81//639 80//639
f 64//640 66//640 77//640
f 67//641 76//641 66//641
f 70//642 18//642 15//642
f 80//643 17//643 70//643
f 72//644 80//644 70//644
f 74//645 64//645 77//645 82//645
f 74//646 82//646 81//646
f 86//647 80//647 81//647 87//647
f 76//648 78//648 83//648
f 78//649 67//649 79//649
f 85//650 78//650 79//650
f 86//651 20//651 17//651
f 87//652 81//652 82//652 88//652
f 76//653 83//653 88//653 77//653
f 20//654 86//654 90//654 22//654
f 86//655 87//655 91//655 90//655
f 87//656 88//656 93//656 91//656
f 98//657 97//657 100//657 99//657
f 89//658 94//658 84//658
f 103//659 104//659 106//659 105//659
f 101//660 34//660 28//660
f 103//661 28//661 96//661
f 102//662 114//662 113//662 112//662
f 97//663 98//663 105//663
f 111//664 110//664 101//664
f 102//665 111//665 101//665
f 112//666 111//666 102//666
f 117//667 118//667 120//667 119//667
f 114//668 115//668 113//668
f 108//669 116//669 115//669
f 114//670 108//670 115//670
f 109//671 118//671 116//671
f 119//672 61//672 117//672
f 110//673 111//673 121//673 125//673
f 120//674 118//674 109//674
f 110//675 125//675 45//675
f 110//676 45//676 34//676
f 112//677 113//677 129//677 122//677
f 129//678 113//678 115//678 124//678
f 123//679 116//679 118//679 117//679
f 116//680 124//680 115//680
f 117//681 61//681 123//681
f 49//682 125//682 71//682 15//682
f 71//683 125//683 126//683 73//683
f 126//684 128//684 127//684 73//684
f 127//685 75//685 73//685
f 128//686 123//686 65//686 127//686
f 129//687 121//687 122//687
f 65//688 75//688 127//688
f 128//689 129//689 124//689 123//689
f 1//690 130//690 133//690 2//690
f 124//691 116//691 123//691
f 131//692 134//692 133//692 130//692
f 3//693 6//693 139//693 135//693
f 134//694 131//694 132//694
f 135//695 1//695 3//695
f 135//696 130//696 1//696
f 131//697 130//697 135//697
f 132//698 136//698 137//698
f 139//699 140//699 136//699 135//699
f 6//700 8//700 145//700 139//700
f 142//701 138//701 137//701
f 141//702 136//702 143//702
f 144//703 137//703 141//703
f 144//704 142//704 137//704
f 146//705 147//705 144//705 141//705
f 140//706 139//706 145//706
f 143//707 140//707 145//707
f 141//708 143//708 146//708
f 153//709 149//709 154//709 152//709
f 147//710 148//710 144//710
f 148//711 175//711 144//711
f 152//712 154//712 31//712
f 157//713 159//713 158//713 156//713
f 149//714 153//714 155//714
f 156//715 149//715 155//715
f 158//716 151//716 156//716
f 169//717 164//717 157//717 163//717
f 160//718 31//718 39//718
f 152//719 161//719 153//719
f 163//720 155//720 162//720
f 163//721 156//721 155//721
f 134//722 161//722 160//722 133//722
f 39//723 2//723 133//723
f 166//724 167//724 161//724 134//724
f 138//725 170//725 167//725 166//725
f 168//726 155//726 153//726
f 162//727 155//727 168//727
f 169//728 168//728 172//728
f 169//729 163//729 162//729
f 166//730 132//730 138//730
f 176//731 171//731 168//731 170//731
f 169//732 178//732 173//732 164//732
f 172//733 171//733 177//733
f 178//734 169//734 172//734
f 173//735 174//735 165//735 164//735
f 138//736 175//736 176//736 170//736
f 177//737 181//737 182//737 178//737
f 177//738 171//738 176//738
f 179//739 173//739 178//739
f 174//740 173//740 179//740
f 180//741 176//741 175//741
f 180//742 177//742 176//742
f 612//743 187//743 182//743 181//743
f 179//744 178//744 183//744
f 184//745 174//745 179//745
f 180//746 175//746 185//746
f 181//747 180//747 186//747
f 188//748 193//748 104//748 96//748
f 183//749 182//749 187//749
f 184//750 179//750 183//750
f 190//751 97//751 189//751
f 191//752 151//752 158//752
f 159//753 191//753 158//753
f 191//754 192//754 151//754
f 106//755 194//755 195//755 107//755
f 193//756 188//756 192//756
f 195//757 196//757 197//757 189//757
f 195//758 97//758 107//758
f 192//759 201//759 202//759 194//759
f 198//760 190//760 189//760
f 198//761 189//761 197//761
f 199//762 198//762 197//762
f 200//763 191//763 159//763
f 200//764 201//764 191//764
f 202//765 203//765 196//765 194//765
f 208//766 209//766 202//766 200//766
f 199//767 197//767 204//767
f 200//768 159//768 165//768
f 206//769 200//769 165//769
f 205//770 199//770 204//770
f 206//771 165//771 174//771
f 207//772 210//772 211//772 204//772
f 209//773 207//773 202//773
f 212//774 213//774 209//774 208//774
f 184//775 212//775 174//775
f 212//776 208//776 206//776
f 215//777 216//777 213//777 212//777
f 213//778 216//778 217//778 210//778
f 217//779 220//779 221//779 214//779
f 218//780 215//780 184//780
f 217//781 216//781 220//781
f 63//782 224//782 223//782 62//782
f 223//783 222//783 62//783
f 227//784 228//784 231//784 230//784
f 223//785 225//785 222//785
f 228//786 227//786 226//786
f 229//787 225//787 227//787
f 230//788 229//788 227//788
f 225//789 229//789 233//789 242//789
f 69//790 222//790 68//790
f 232//791 68//791 222//791
f 225//792 232//792 222//792
f 242//793 232//793 225//793
f 230//794 231//794 237//794 236//794
f 230//795 235//795 229//795
f 235//796 247//796 246//796 234//796
f 241//797 79//797 68//797
f 232//798 242//798 241//798
f 233//799 244//799 242//799
f 234//800 244//800 233//800
f 245//801 244//801 234//801
f 236//802 248//802 247//802 235//802
f 236//803 237//803 249//803 248//803
f 95//804 85//804 252//804 259//804
f 238//805 250//805 246//805
f 247//806 238//806 246//806
f 247//807 239//807 238//807
f 248//808 239//808 247//808
f 251//809 240//809 248//809
f 241//810 85//810 79//810
f 252//811 85//811 241//811
f 253//812 252//812 241//812
f 242//813 253//813 241//813
f 246//814 254//814 245//814
f 250//815 254//815 246//815
f 243//816 255//816 253//816
f 258//817 257//817 254//817
f 252//818 253//818 260//818 259//818
f 260//819 253//819 255//819 261//819
f 257//820 258//820 263//820 262//820
f 100//821 264//821 266//821 99//821
f 63//822 119//822 270//822 224//822
f 265//823 109//823 99//823
f 267//824 265//824 266//824
f 268//825 267//825 266//825
f 268//826 266//826 264//826
f 271//827 272//827 228//827 226//827
f 270//828 119//828 120//828
f 271//829 226//829 270//829
f 271//830 270//830 120//830
f 271//831 120//831 265//831
f 271//832 265//832 273//832 272//832
f 228//833 272//833 283//833 231//833
f 274//834 277//834 276//834 275//834
f 275//835 267//835 274//835
f 283//836 272//836 286//836 285//836
f 280//837 279//837 277//837
f 282//838 279//838 280//838
f 285//839 231//839 283//839
f 273//840 284//840 286//840 272//840
f 275//841 276//841 288//841 284//841
f 288//842 276//842 278//842 290//842
f 284//843 287//843 295//843 286//843
f 279//844 278//844 276//844
f 295//845 287//845 289//845 293//845
f 249//846 292//846 294//846 251//846
f 290//847 289//847 287//847
f 292//848 293//848 291//848 294//848
f 239//849 299//849 298//849 297//849
f 289//850 291//850 293//850
f 292//851 285//851 295//851
f 295//852 293//852 292//852
f 296//853 248//853 240//853
f 297//854 238//854 239//854
f 298//855 299//855 302//855 301//855
f 299//856 239//856 296//856
f 300//857 299//857 296//857
f 305//858 297//858 298//858 306//858
f 302//859 299//859 300//859
f 12//860 9//860 10//860 13//860
f 297//861 250//861 238//861
f 303//862 309//862 308//862 301//862
f 307//863 306//863 298//863
f 301//864 307//864 298//864
f 308//865 307//865 301//865
f 305//866 306//866 312//866 311//866
f 310//867 303//867 304//867
f 311//868 250//868 305//868
f 309//869 310//869 315//869 314//869
f 307//870 313//870 312//870
f 314//871 308//871 309//871
f 311//872 312//872 318//872 317//872
f 258//873 250//873 311//873
f 317//874 258//874 311//874
f 321//875 319//875 313//875 322//875
f 312//876 319//876 318//876
f 323//877 320//877 314//877 324//877
f 323//878 322//878 320//878
f 329//879 333//879 332//879 328//879
f 315//880 325//880 324//880
f 332//881 333//881 326//881 335//881
f 335//882 334//882 331//882
f 335//883 331//883 332//883
f 335//884 337//884 336//884 334//884
f 327//885 326//885 333//885
f 326//886 339//886 338//886 335//886
f 341//887 343//887 342//887 338//887
f 339//888 326//888 327//888
f 340//889 336//889 337//889
f 338//890 340//890 337//890
f 342//891 340//891 338//891
f 282//892 329//892 328//892 278//892
f 344//893 343//893 341//893
f 328//894 345//894 281//894
f 336//895 340//895 350//895 349//895
f 282//896 330//896 329//896
f 331//897 346//897 345//897
f 331//898 347//898 346//898
f 349//899 348//899 334//899
f 336//900 349//900 334//900
f 291//901 289//901 281//901 345//901
f 351//902 346//902 352//902 240//902
f 352//903 296//903 240//903
f 352//904 346//904 347//904 300//904
f 300//905 348//905 349//905 304//905
f 304//906 302//906 300//906
f 294//907 351//907 240//907 251//907
f 354//908 353//908 350//908
f 361//909 364//909 363//909 359//909
f 291//910 351//910 294//910
f 291//911 345//911 351//911
f 353//912 355//912 304//912
f 356//913 355//913 353//913
f 356//914 315//914 310//914
f 316//915 315//915 356//915
f 357//916 316//916 356//916
f 357//917 325//917 316//917
f 358//918 350//918 342//918
f 359//919 342//919 343//919
f 358//920 360//920 350//920
f 362//921 358//921 359//921
f 368//922 363//922 370//922 369//922
f 365//923 364//923 361//923
f 367//924 360//924 362//924
f 368//925 367//925 363//925
f 363//926 364//926 371//926 370//926
f 365//927 372//927 371//927 364//927
f 370//928 371//928 374//928 373//928
f 373//929 369//929 370//929
f 372//930 375//930 374//930 371//930
f 369//931 373//931 379//931 383//931
f 376//932 357//932 354//932
f 368//933 383//933 378//933
f 369//934 383//934 368//934
f 376//935 382//935 387//935 357//935
f 374//936 380//936 373//936
f 381//937 380//937 374//937
f 378//938 383//938 389//938 388//938
f 366//939 382//939 376//939
f 379//940 384//940 383//940
f 380//941 385//941 379//941
f 387//942 386//942 357//942
f 389//943 383//943 384//943 390//943
f 380//944 381//944 394//944 393//944
f 385//945 390//945 379//945
f 392//946 390//946 385//946
f 394//947 381//947 391//947 395//947
f 190//948 198//948 396//948 264//948
f 264//949 100//949 190//949
f 397//950 398//950 396//950 198//950
f 205//951 402//951 397//951 199//951
f 398//952 399//952 396//952
f 400//953 269//953 264//953
f 400//954 264//954 399//954
f 401//955 405//955 277//955 274//955
f 397//956 402//956 398//956
f 403//957 404//957 398//957
f 401//958 400//958 406//958 405//958
f 405//959 407//959 280//959 277//959
f 280//960 407//960 408//960 282//960
f 211//961 410//961 402//961 205//961
f 406//962 413//962 414//962 407//962
f 411//963 403//963 402//963
f 403//964 411//964 404//964
f 412//965 413//965 404//965
f 414//966 415//966 409//966 407//966
f 410//967 416//967 411//967 402//967
f 416//968 422//968 417//968 411//968
f 412//969 418//969 413//969
f 214//970 410//970 211//970
f 416//971 410//971 421//971
f 221//972 428//972 421//972 214//972
f 418//973 417//973 422//973
f 425//974 416//974 421//974
f 416//975 425//975 426//975
f 422//976 416//976 426//976
f 429//977 430//977 423//977 422//977
f 425//978 421//978 428//978
f 330//979 431//979 433//979 333//979
f 433//980 434//980 327//980 333//980
f 433//981 431//981 432//981
f 327//982 434//982 436//982 339//982
f 435//983 434//983 433//983
f 435//984 433//984 432//984
f 436//985 438//985 341//985 339//985
f 436//986 434//986 435//986
f 437//987 436//987 435//987
f 442//988 447//988 462//988 444//988
f 437//989 438//989 436//989
f 438//990 344//990 341//990
f 431//991 408//991 409//991
f 432//992 409//992 445//992
f 440//993 432//993 439//993
f 441//994 437//994 440//994
f 437//995 442//995 438//995
f 441//996 442//996 437//996
f 438//997 444//997 443//997
f 439//998 445//998 448//998
f 441//999 447//999 442//999
f 415//1000 420//1000 448//1000 445//1000
f 448//1001 452//1001 449//1001 439//1001
f 450//1002 451//1002 441//1002 446//1002
f 449//1003 446//1003 439//1003
f 420//1004 424//1004 452//1004 448//1004
f 447//1005 441//1005 451//1005
f 453//1006 454//1006 450//1006 449//1006
f 453//1007 449//1007 452//1007
f 455//1008 456//1008 453//1008 452//1008
f 451//1009 450//1009 454//1009
f 457//1010 458//1010 454//1010 453//1010
f 454//1011 458//1011 459//1011 451//1011
f 443//1012 444//1012 465//1012 463//1012
f 468//1013 469//1013 372//1013 365//1013
f 463//1014 365//1014 361//1014
f 467//1015 463//1015 465//1015
f 467//1016 468//1016 463//1016
f 467//1017 470//1017 469//1017 468//1017
f 372//1018 469//1018 471//1018 375//1018
f 467//1019 476//1019 478//1019 470//1019
f 470//1020 478//1020 472//1020 471//1020
f 479//1021 483//1021 481//1021 473//1021
f 471//1022 473//1022 375//1022
f 472//1023 473//1023 471//1023
f 464//1024 459//1024 475//1024
f 466//1025 475//1025 476//1025
f 466//1026 464//1026 475//1026
f 478//1027 476//1027 477//1027
f 482//1028 479//1028 478//1028
f 474//1029 481//1029 480//1029
f 475//1030 459//1030 461//1030
f 395//1031 391//1031 480//1031 484//1031
f 391//1032 474//1032 480//1032
f 12//1033 13//1033 488//1033 487//1033
f 480//1034 481//1034 483//1034
f 491//1035 488//1035 489//1035 492//1035
f 485//1036 486//1036 490//1036
f 486//1037 487//1037 490//1037
f 488//1038 491//1038 487//1038
f 499//1039 498//1039 21//1039 22//1039
f 493//1040 487//1040 494//1040
f 495//1041 493//1041 494//1041
f 501//1042 502//1042 498//1042 499//1042
f 488//1043 13//1043 57//1043 489//1043
f 502//1044 501//1044 503//1044
f 509//1045 508//1045 58//1045 504//1045
f 60//1046 21//1046 498//1046
f 507//1047 60//1047 498//1047
f 507//1048 506//1048 60//1048
f 489//1049 496//1049 492//1049
f 495//1050 492//1050 496//1050 512//1050
f 511//1051 509//1051 505//1051
f 506//1052 511//1052 505//1052
f 507//1053 498//1053 502//1053
f 515//1054 507//1054 502//1054
f 508//1055 509//1055 522//1055 513//1055
f 516//1056 517//1056 510//1056 507//1056
f 511//1057 514//1057 509//1057
f 518//1058 517//1058 519//1058 520//1058
f 510//1059 517//1059 511//1059
f 515//1060 502//1060 503//1060
f 519//1061 516//1061 515//1061
f 519//1062 517//1062 516//1062
f 523//1063 524//1063 527//1063 528//1063
f 512//1064 513//1064 521//1064
f 521//1065 513//1065 522//1065
f 524//1066 521//1066 522//1066
f 525//1067 524//1067 514//1067
f 525//1068 514//1068 526//1068
f 500//1069 22//1069 90//1069 530//1069
f 527//1070 529//1070 528//1070
f 530//1071 90//1071 91//1071 531//1071
f 531//1072 91//1072 93//1072 532//1072
f 93//1073 92//1073 532//1073
f 533//1074 532//1074 92//1074 94//1074
f 533//1075 94//1075 89//1075 534//1075
f 530//1076 531//1076 537//1076 536//1076
f 530//1077 535//1077 500//1077
f 535//1078 501//1078 500//1078
f 530//1079 536//1079 535//1079
f 537//1080 531//1080 532//1080 538//1080
f 540//1081 541//1081 532//1081 533//1081
f 503//1082 501//1082 535//1082 544//1082
f 534//1083 542//1083 533//1083
f 542//1084 540//1084 533//1084
f 534//1085 543//1085 542//1085
f 535//1086 536//1086 545//1086 544//1086
f 545//1087 536//1087 537//1087 546//1087
f 539//1088 553//1088 550//1088 547//1088
f 546//1089 547//1089 545//1089
f 539//1090 538//1090 548//1090
f 553//1091 539//1091 548//1091
f 553//1092 548//1092 549//1092 554//1092
f 543//1093 552//1093 542//1093
f 558//1094 554//1094 560//1094 561//1094
f 557//1095 550//1095 553//1095
f 555//1096 549//1096 551//1096
f 555//1097 552//1097 559//1097
f 560//1098 554//1098 555//1098
f 503//1099 544//1099 562//1099 515//1099
f 519//1100 515//1100 562//1100 563//1100
f 562//1101 544//1101 545//1101 564//1101
f 520//1102 563//1102 565//1102 566//1102
f 564//1103 563//1103 562//1103
f 545//1104 547//1104 567//1104 564//1104
f 527//1105 526//1105 572//1105 576//1105
f 567//1106 565//1106 564//1106
f 568//1107 566//1107 565//1107
f 569//1108 567//1108 547//1108
f 569//1109 565//1109 567//1109
f 520//1110 526//1110 518//1110
f 520//1111 572//1111 526//1111
f 568//1112 573//1112 566//1112
f 573//1113 572//1113 566//1113
f 557//1114 575//1114 550//1114
f 527//1115 576//1115 577//1115 529//1115
f 572//1116 579//1116 580//1116 576//1116
f 576//1117 578//1117 577//1117
f 573//1118 579//1118 572//1118
f 576//1119 580//1119 581//1119 578//1119
f 558//1120 561//1120 584//1120 575//1120
f 570//1121 587//1121 573//1121
f 582//1122 571//1122 575//1122
f 574//1123 571//1123 582//1123
f 583//1124 587//1124 574//1124
f 583//1125 574//1125 582//1125
f 582//1126 575//1126 584//1126 585//1126
f 582//1127 585//1127 586//1127 583//1127
f 580//1128 588//1128 590//1128 581//1128
f 579//1129 573//1129 587//1129
f 588//1130 580//1130 579//1130
f 593//1131 594//1131 595//1131 591//1131
f 589//1132 579//1132 587//1132
f 592//1133 589//1133 583//1133
f 588//1134 591//1134 590//1134
f 592//1135 594//1135 593//1135
f 485//1136 596//1136 145//1136 8//1136
f 597//1137 598//1137 146//1137 143//1137
f 597//1138 143//1138 145//1138
f 598//1139 599//1139 147//1139 146//1139
f 493//1140 605//1140 596//1140 490//1140
f 600//1141 148//1141 147//1141
f 596//1142 485//1142 490//1142
f 602//1143 598//1143 597//1143
f 603//1144 599//1144 602//1144
f 599//1145 598//1145 602//1145
f 600//1146 599//1146 604//1146
f 601//1147 600//1147 604//1147
f 605//1148 493//1148 495//1148 607//1148
f 605//1149 602//1149 596//1149
f 603//1150 602//1150 605//1150
f 606//1151 599//1151 603//1151
f 607//1152 609//1152 608//1152 606//1152
f 607//1153 603//1153 605//1153
f 608//1154 604//1154 606//1154
f 148//1155 601//1155 610//1155 185//1155
f 601//1156 604//1156 608//1156
f 183//1157 613//1157 634//1157 184//1157
f 186//1158 185//1158 611//1158
f 623//1159 617//1159 613//1159 187//1159
f 611//1160 610//1160 614//1160
f 616//1161 612//1161 186//1161
f 187//1162 612//1162 616//1162
f 609//1163 497//1163 619//1163 620//1163
f 609//1164 618//1164 608//1164
f 608//1165 618//1165 614//1165
f 608//1166 614//1166 601//1166
f 619//1167 497//1167 512//1167
f 614//1168 618//1168 621//1168 615//1168
f 620//1169 621//1169 618//1169
f 625//1170 521//1170 523//1170 626//1170
f 621//1171 622//1171 615//1171
f 622//1172 623//1172 615//1172
f 497//1173 609//1173 607//1173
f 625//1174 619//1174 521//1174
f 625//1175 626//1175 627//1175 620//1175
f 629//1176 628//1176 630//1176 624//1176
f 629//1177 623//1177 622//1177
f 626//1178 528//1178 631//1178 627//1178
f 624//1179 623//1179 629//1179
f 628//1180 621//1180 627//1180
f 638//1181 639//1181 219//1181 635//1181
f 631//1182 628//1182 627//1182
f 632//1183 628//1183 631//1183
f 632//1184 630//1184 628//1184
f 529//1185 633//1185 631//1185
f 634//1186 218//1186 184//1186
f 219//1187 218//1187 635//1187
f 220//1188 216//1188 636//1188
f 635//1189 634//1189 638//1189
f 640//1190 641//1190 646//1190 642//1190
f 640//1191 220//1191 636//1191
f 643//1192 637//1192 642//1192
f 637//1193 220//1193 642//1193
f 617//1194 638//1194 613//1194
f 641//1195 636//1195 645//1195
f 647//1196 648//1196 649//1196 624//1196
f 643//1197 642//1197 646//1197
f 624//1198 638//1198 617//1198
f 649//1199 648//1199 650//1199 644//1199
f 633//1200 578//1200 581//1200 652//1200
f 650//1201 645//1201 644//1201
f 651//1202 646//1202 641//1202
f 651//1203 643//1203 646//1203
f 633//1204 647//1204 632//1204
f 647//1205 630//1205 632//1205
f 633//1206 648//1206 647//1206
f 656//1207 658//1207 659//1207 654//1207
f 652//1208 648//1208 633//1208
f 652//1209 650//1209 648//1209
f 653//1210 645//1210 650//1210
f 641//1211 645//1211 653//1211
f 654//1212 651//1212 653//1212
f 651//1213 641//1213 653//1213
f 590//1214 655//1214 581//1214
f 656//1215 650//1215 652//1215
f 655//1216 657//1216 652//1216
f 657//1217 658//1217 652//1217
f 654//1218 653//1218 656//1218
f 661//1219 591//1219 663//1219 662//1219
f 659//1220 660//1220 654//1220
f 591//1221 655//1221 590//1221
f 591//1222 661//1222 657//1222
f 661//1223 658//1223 657//1223
f 661//1224 659//1224 658//1224
f 595//1225 663//1225 591//1225
f 543//1226 95//1226 259//1226 667//1226
f 260//1227 664//1227 259//1227
f 261//1228 664//1228 260//1228
f 256//1229 665//1229 261//1229
f 259//1230 664//1230 668//1230 667//1230
f 664//1231 261//1231 669//1231 668//1231
f 556//1232 543//1232 667//1232 673//1232
f 665//1233 669//1233 261//1233
f 262//1234 671//1234 665//1234
f 543//1235 556//1235 552//1235
f 673//1236 667//1236 668//1236 674//1236
f 559//1237 556//1237 673//1237 677//1237
f 669//1238 674//1238 668//1238
f 669//1239 670//1239 674//1239
f 672//1240 671//1240 676//1240
f 689//1241 672//1241 676//1241
f 559//1242 552//1242 556//1242
f 677//1243 673//1243 674//1243 678//1243
f 680//1244 679//1244 683//1244 684//1244
f 679//1245 678//1245 674//1245
f 683//1246 685//1246 686//1246 684//1246
f 682//1247 684//1247 687//1247 688//1247
f 560//1248 555//1248 559//1248 691//1248
f 691//1249 559//1249 677//1249 692//1249
f 692//1250 680//1250 694//1250 696//1250
f 678//1251 680//1251 692//1251
f 698//1252 699//1252 700//1252 709//1252
f 680//1253 681//1253 694//1253
f 696//1254 561//1254 691//1254
f 692//1255 696//1255 691//1255
f 710//1256 709//1256 700//1256 701//1256
f 697//1257 700//1257 699//1257
f 700//1258 703//1258 704//1258 701//1258
f 702//1259 699//1259 682//1259
f 697//1260 703//1260 700//1260
f 715//1261 705//1261 706//1261 707//1261
f 706//1262 708//1262 709//1262 707//1262
f 719//1263 710//1263 701//1263 711//1263
f 698//1264 709//1264 708//1264
f 709//1265 710//1265 707//1265
f 698//1266 708//1266 682//1266
f 713//1267 714//1267 703//1267 702//1267
f 704//1268 712//1268 701//1268
f 712//1269 711//1269 701//1269
f 703//1270 714//1270 726//1270 712//1270
f 592//1271 586//1271 715//1271 716//1271
f 584//1272 561//1272 696//1272 705//1272
f 717//1273 716//1273 707//1273 718//1273
f 693//1274 705//1274 696//1274
f 729//1275 718//1275 720//1275 730//1275
f 720//1276 711//1276 721//1276 730//1276
f 711//1277 723//1277 724//1277 721//1277
f 721//1278 722//1278 730//1278
f 722//1279 721//1279 724//1279 725//1279
f 717//1280 718//1280 729//1280 727//1280
f 717//1281 594//1281 716//1281
f 717//1282 727//1282 594//1282
f 732//1283 317//1283 318//1283 733//1283
f 730//1284 728//1284 729//1284
f 727//1285 595//1285 594//1285
f 727//1286 728//1286 595//1286
f 732//1287 666//1287 263//1287
f 734//1288 321//1288 322//1288 735//1288
f 321//1289 734//1289 733//1289
f 323//1290 324//1290 737//1290 736//1290
f 736//1291 735//1291 322//1291
f 324//1292 325//1292 738//1292 737//1292
f 734//1293 735//1293 742//1293 741//1293
f 732//1294 739//1294 666//1294
f 739//1295 671//1295 666//1295
f 740//1296 739//1296 732//1296
f 733//1297 741//1297 740//1297
f 743//1298 736//1298 737//1298 744//1298
f 735//1299 743//1299 742//1299
f 744//1300 737//1300 738//1300 746//1300
f 744//1301 746//1301 745//1301
f 689//1302 739//1302 747//1302 753//1302
f 740//1303 747//1303 739//1303
f 740//1304 748//1304 747//1304
f 749//1305 748//1305 741//1305
f 742//1306 749//1306 741//1306
f 742//1307 750//1307 749//1307
f 743//1308 750//1308 742//1308
f 744//1309 751//1309 743//1309
f 753//1310 747//1310 748//1310 754//1310
f 753//1311 695//1311 689//1311
f 759//1312 745//1312 752//1312 760//1312
f 755//1313 754//1313 748//1313
f 755//1314 756//1314 754//1314
f 755//1315 757//1315 756//1315
f 749//1316 757//1316 755//1316
f 750//1317 757//1317 749//1317
f 751//1318 758//1318 750//1318
f 745//1319 759//1319 751//1319
f 687//1320 686//1320 762//1320 763//1320
f 761//1321 760//1321 752//1321
f 762//1322 686//1322 695//1322
f 764//1323 753//1323 754//1323 766//1323
f 763//1324 688//1324 687//1324
f 753//1325 764//1325 695//1325
f 756//1326 758//1326 769//1326 767//1326
f 756//1327 766//1327 754//1327
f 756//1328 767//1328 766//1328
f 757//1329 758//1329 756//1329
f 767//1330 769//1330 770//1330 768//1330
f 758//1331 751//1331 759//1331 770//1331
f 771//1332 767//1332 768//1332 765//1332
f 771//1333 762//1333 764//1333
f 766//1334 771//1334 764//1334
f 771//1335 763//1335 762//1335
f 767//1336 771//1336 766//1336
f 778//1337 786//1337 787//1337 785//1337
f 690//1338 773//1338 713//1338
f 770//1339 774//1339 768//1339
f 772//1340 774//1340 770//1340
f 772//1341 775//1341 774//1341
f 779//1342 773//1342 765//1342
f 774//1343 781//1343 780//1343
f 784//1344 724//1344 731//1344
f 784//1345 725//1345 724//1345
f 785//1346 731//1346 777//1346
f 785//1347 787//1347 795//1347 794//1347
f 780//1348 788//1348 786//1348
f 781//1349 782//1349 788//1349
f 782//1350 789//1350 788//1350
f 782//1351 792//1351 789//1351
f 783//1352 792//1352 782//1352
f 794//1353 784//1353 785//1353
f 794//1354 795//1354 796//1354 793//1354
f 795//1355 788//1355 789//1355 798//1355
f 795//1356 797//1356 796//1356
f 797//1357 795//1357 798//1357 791//1357
f 802//1358 387//1358 382//1358 803//1358
f 789//1359 790//1359 798//1359
f 325//1360 799//1360 738//1360
f 799//1361 800//1361 746//1361
f 801//1362 752//1362 746//1362
f 389//1363 390//1363 806//1363 805//1363
f 388//1364 803//1364 382//1364
f 804//1365 803//1365 388//1365
f 389//1366 805//1366 388//1366
f 386//1367 802//1367 807//1367 800//1367
f 802//1368 803//1368 808//1368 807//1368
f 801//1369 800//1369 807//1369 811//1369
f 806//1370 810//1370 805//1370
f 801//1371 811//1371 761//1371
f 804//1372 805//1372 812//1372 809//1372
f 808//1373 811//1373 807//1373
f 812//1374 805//1374 810//1374 813//1374
f 811//1375 809//1375 817//1375 816//1375
f 810//1376 814//1376 813//1376
f 817//1377 809//1377 812//1377 818//1377
f 820//1378 814//1378 815//1378 821//1378
f 819//1379 818//1379 812//1379
f 813//1380 819//1380 812//1380
f 813//1381 820//1381 819//1381
f 782//1382 775//1382 816//1382 824//1382
f 776//1383 816//1383 775//1383
f 826//1384 817//1384 818//1384 827//1384
f 824//1385 825//1385 783//1385
f 818//1386 819//1386 828//1386 827//1386
f 830//1387 829//1387 821//1387 822//1387
f 828//1388 829//1388 827//1388
f 820//1389 829//1389 828//1389
f 821//1390 829//1390 820//1390
f 831//1391 830//1391 822//1391 823//1391
f 792//1392 783//1392 825//1392 834//1392
f 826//1393 827//1393 836//1393 834//1393
f 835//1394 832//1394 834//1394
f 835//1395 834//1395 836//1395 837//1395
f 836//1396 827//1396 829//1396 839//1396
f 839//1397 830//1397 831//1397 838//1397
f 839//1398 837//1398 836//1398
f 829//1399 830//1399 839//1399
f 810//1400 806//1400 392//1400 841//1400
f 792//1401 832//1401 790//1401
f 833//1402 791//1402 832//1402
f 841//1403 392//1403 393//1403 842//1403
f 842//1404 393//1404 840//1404 844//1404
f 844//1405 843//1405 823//1405 822//1405
f 840//1406 843//1406 844//1406
f 841//1407 814//1407 810//1407
f 842//1408 822//1408 815//1408
f 637//1409 643//1409 847//1409 428//1409
f 428//1410 221//1410 637//1410
f 845//1411 426//1411 428//1411
f 429//1412 426//1412 845//1412
f 846//1413 427//1413 430//1413
f 429//1414 849//1414 850//1414 430//1414
f 845//1415 428//1415 848//1415
f 849//1416 429//1416 845//1416
f 853//1417 854//1417 850//1417 852//1417
f 846//1418 430//1418 850//1418
f 851//1419 845//1419 848//1419
f 856//1420 857//1420 847//1420 643//1420
f 855//1421 846//1421 850//1421
f 861//1422 862//1422 858//1422 859//1422
f 857//1423 851//1423 847//1423
f 859//1424 852//1424 851//1424
f 853//1425 859//1425 858//1425
f 856//1426 860//1426 857//1426
f 861//1427 859//1427 857//1427
f 863//1428 865//1428 854//1428 858//1428
f 865//1429 863//1429 864//1429
f 864//1430 722//1430 869//1430 870//1430
f 856//1431 651//1431 660//1431
f 660//1432 872//1432 860//1432
f 660//1433 860//1433 856//1433
f 863//1434 867//1434 868//1434
f 863//1435 862//1435 867//1435
f 863//1436 858//1436 862//1436
f 722//1437 864//1437 868//1437
f 864//1438 863//1438 868//1438
f 663//1439 728//1439 873//1439 662//1439
f 870//1440 865//1440 864//1440
f 725//1441 871//1441 869//1441
f 866//1442 865//1442 870//1442
f 872//1443 659//1443 662//1443
f 872//1444 660//1444 659//1444
f 873//1445 867//1445 874//1445
f 867//1446 872//1446 874//1446
f 867//1447 875//1447 868//1447
f 455//1448 876//1448 877//1448 456//1448
f 455//1449 427//1449 876//1449
f 878//1450 880//1450 881//1450 460//1450
f 877//1451 457//1451 456//1451
f 458//1452 457//1452 878//1452
f 460//1453 458//1453 878//1453
f 879//1454 878//1454 877//1454
f 876//1455 882//1455 883//1455 877//1455
f 881//1456 461//1456 460//1456
f 876//1457 846//1457 882//1457
f 887//1458 888//1458 879//1458 883//1458
f 879//1459 877//1459 883//1459
f 885//1460 882//1460 855//1460
f 888//1461 889//1461 880//1461 879//1461
f 870//1462 871//1462 893//1462 866//1462
f 889//1463 884//1463 880//1463
f 885//1464 855//1464 866//1464
f 886//1465 882//1465 885//1465
f 888//1466 891//1466 889//1466
f 895//1467 896//1467 887//1467 886//1467
f 894//1468 895//1468 866//1468
f 886//1469 885//1469 895//1469
f 903//1470 897//1470 891//1470 896//1470
f 896//1471 888//1471 887//1471
f 897//1472 905//1472 892//1472 891//1472
f 871//1473 725//1473 784//1473 899//1473
f 894//1474 900//1474 901//1474 902//1474
f 899//1475 893//1475 871//1475
f 894//1476 866//1476 893//1476
f 900//1477 894//1477 893//1477
f 894//1478 902//1478 896//1478 895//1478
f 901//1479 904//1479 897//1479 903//1479
f 903//1480 902//1480 901//1480
f 903//1481 896//1481 902//1481
f 906//1482 907//1482 477//1482 475//1482
f 905//1483 897//1483 904//1483
f 898//1484 904//1484 791//1484
f 793//1485 900//1485 899//1485
f 796//1486 900//1486 793//1486
f 796//1487 901//1487 900//1487
f 791//1488 904//1488 797//1488
f 904//1489 901//1489 797//1489
f 909//1490 910//1490 483//1490 479//1490
f 907//1491 482//1491 477//1491
f 908//1492 479//1492 482//1492
f 906//1493 911//1493 912//1493 907//1493
f 906//1494 461//1494 911//1494
f 912//1495 913//1495 908//1495 907//1495
f 908//1496 913//1496 914//1496 909//1496
f 909//1497 914//1497 915//1497 910//1497
f 881//1498 884//1498 916//1498 911//1498
f 911//1499 916//1499 917//1499 912//1499
f 912//1500 917//1500 918//1500 913//1500
f 932//1501 933//1501 925//1501 921//1501
f 920//1502 936//1502 915//1502
f 920//1503 915//1503 914//1503
f 890//1504 916//1504 884//1504
f 922//1505 890//1505 921//1505
f 917//1506 916//1506 922//1506
f 923//1507 914//1507 919//1507
f 920//1508 923//1508 936//1508
f 922//1509 921//1509 925//1509 917//1509
f 925//1510 933//1510 926//1510 927//1510
f 926//1511 928//1511 930//1511 927//1511
f 918//1512 917//1512 927//1512
f 918//1513 927//1513 930//1513 919//1513
f 831//1514 823//1514 931//1514 929//1514
f 930//1515 923//1515 919//1515
f 892//1516 905//1516 924//1516 921//1516
f 931//1517 930//1517 929//1517
f 924//1518 905//1518 898//1518
f 932//1519 833//1519 835//1519 933//1519
f 932//1520 898//1520 833//1520
f 932//1521 924//1521 898//1521
f 835//1522 838//1522 934//1522 933//1522
f 838//1523 831//1523 929//1523 928//1523
f 934//1524 926//1524 933//1524
f 838//1525 928//1525 934//1525
f 928//1526 926//1526 934//1526
f 484//1527 910//1527 915//1527 935//1527
f 898//1528 791//1528 833//1528
f 480//1529 910//1529 484//1529
f 480//1530 483//1530 910//1530
f 840//1531 484//1531 935//1531 843//1531
f 936//1532 823//1532 843//1532
f 936//1533 923//1533 823//1533
