# Blender 5.0.1
# www.blender.org
mtllib MidasCloud.mtl
o Mball.010
v 1.000155 1.698713 -4.564303
v 1.000155 1.683476 -4.577862
v 1.015978 1.683476 -4.564303
v 1.000155 1.425493 -4.742710
v 1.204574 1.425493 -4.564303
v 1.000155 1.167510 -4.821186
v 1.258138 1.167510 -4.603552
v 1.258138 1.295733 -4.564303
v 1.258138 1.425493 -4.500714
v 1.292428 1.167510 -4.564303
v 1.456799 1.167510 -4.306319
v 1.383094 1.425493 -4.306319
v 1.258138 1.649438 -4.306319
v 1.479934 1.425493 -4.048337
v 1.343699 1.683476 -4.048337
v 1.258138 1.683476 -4.260800
v 1.258138 1.793011 -4.048337
v 1.258138 1.839920 -3.790353
v 1.380784 1.683476 -3.790353
v 1.258138 1.816982 -3.532370
v 1.362323 1.683476 -3.532370
v 1.495106 1.425493 -3.532370
v 1.512257 1.425493 -3.790353
v 1.516121 1.360868 -3.532370
v 1.516121 1.413777 -3.790353
v 1.516121 1.310515 -4.048337
v 1.547866 1.167510 -4.048337
v 1.578151 1.167510 -3.790353
v 1.516121 1.167510 -4.156679
v 1.516121 0.909527 -4.190321
v 1.558779 0.909527 -4.048337
v 1.516121 0.661903 -4.048337
v 1.516121 0.651544 -4.035580
v 1.547166 0.651544 -3.790353
v 1.589422 0.909527 -3.790353
v 1.516121 0.558906 -3.790353
v 1.516121 0.614581 -3.532370
v 1.528212 0.651544 -3.532370
v 1.516121 0.651544 -3.450512
v 1.516121 0.746374 -3.274387
v 1.539593 0.909527 -3.274387
v 1.571644 0.909527 -3.532370
v 1.529219 1.167510 -3.274387
v 1.561514 1.167510 -3.532370
v 1.516121 1.237065 -3.274387
v 1.516121 1.245263 -3.016404
v 1.530159 1.167510 -3.016404
v 1.641800 1.167510 -2.758421
v 1.591565 1.425493 -2.758421
v 1.516121 1.425493 -2.871884
v 1.516121 1.627709 -2.758421
v 1.769475 1.425493 -2.500438
v 1.680631 1.683476 -2.500438
v 1.516121 1.683476 -2.727747
v 1.537892 1.941459 -2.500437
v 1.516121 1.941459 -2.531477
v 1.516121 1.972319 -2.500438
v 1.516121 2.166333 -2.242455
v 1.679650 1.941459 -2.242455
v 1.767683 1.941459 -1.984472
v 1.587567 2.199442 -1.984472
v 1.516121 2.199442 -2.180632
v 1.516121 2.280404 -1.984472
v 1.516121 2.335382 -1.726488
v 1.636860 2.199442 -1.726488
v 1.384807 2.457426 -1.726488
v 1.324913 2.457426 -1.984472
v 1.258138 2.556289 -1.726488
v 1.258138 2.509037 -1.984472
v 1.258138 2.457426 -2.139592
v 1.000155 2.667410 -1.984472
v 1.000155 2.581365 -2.242455
v 1.199342 2.457426 -2.242455
v 1.258138 2.413843 -2.242455
v 1.000155 2.445124 -2.500438
v 1.258138 2.258797 -2.500438
v 1.000155 2.457426 -2.480492
v 1.000155 2.241150 -2.758421
v 1.057827 2.199442 -2.758421
v 1.258138 2.199442 -2.575579
v 1.258138 2.017676 -2.758421
v 1.000155 2.048693 -3.016404
v 1.129299 1.941459 -3.016404
v 1.258138 1.941459 -2.823305
v 1.000155 2.199442 -2.800649
v 1.258138 1.802428 -3.016404
v 1.098670 1.941459 -3.274387
v 1.258138 1.779982 -3.274387
v 1.130626 1.941459 -3.532370
v 1.000155 2.016745 -3.274387
v 1.000155 2.039283 -3.532370
v 1.000155 2.054317 -3.790353
v 1.152913 1.941459 -3.790353
v 1.000155 2.017166 -4.048337
v 1.104126 1.941459 -4.048337
v 1.000155 1.941459 -4.245566
v 0.742172 2.144402 -4.048337
v 0.742172 2.049843 -4.306319
v 0.952537 1.941459 -4.306319
v 1.000155 1.909532 -4.306319
v 0.742172 1.872698 -4.564303
v 0.742172 1.941459 -4.480276
v 0.533746 1.941459 -4.564303
v 0.484189 2.116142 -4.306319
v 0.484189 1.951453 -4.564303
v 0.484189 1.941459 -4.576050
v 0.226206 1.957909 -4.564303
v 0.226206 1.941459 -4.583641
v 0.130539 1.941459 -4.564303
v -0.031777 1.893324 -4.564303
v -0.031777 1.683476 -4.753161
v 0.226206 1.683476 -4.813144
v -0.031777 1.573504 -4.822286
v 0.226206 1.668970 -4.822286
v -0.031777 1.425493 -4.892499
v 0.226206 1.425493 -4.945205
v -0.031777 1.167510 -4.962009
v 0.226206 1.167510 -5.011345
v -0.031777 0.909527 -4.973770
v 0.226206 0.909527 -5.022336
v -0.031777 0.651544 -4.928733
v 0.226206 0.651544 -4.980069
v -0.031777 0.399053 -4.822286
v -0.022288 0.393561 -4.822287
v 0.226206 0.393561 -4.876014
v 0.226206 0.303421 -4.822286
v -0.031777 0.135577 -4.623882
v 0.226206 0.135578 -4.691888
v -0.031777 0.393561 -4.819396
v -0.031777 0.079468 -4.564303
v 0.226206 0.014925 -4.564303
v -0.031777 -0.094387 -4.306319
v 0.071750 -0.122406 -4.306319
v 0.226206 -0.122406 -4.357194
v 0.226206 -0.149173 -4.306319
v -0.031777 -0.186761 -4.048337
v 0.226206 -0.238183 -4.048337
v -0.031777 -0.122406 -4.243220
v -0.031777 -0.220846 -3.790353
v 0.226206 -0.269788 -3.790353
v -0.031777 -0.213481 -3.532370
v 0.226206 -0.259549 -3.532370
v -0.031777 -0.209254 -3.274387
v 0.226206 -0.253045 -3.274387
v -0.031777 -0.380389 -3.048730
v 0.226206 -0.380389 -3.187894
v -0.031777 -0.545601 -3.016404
v 0.000380 -0.638372 -3.016404
v 0.226206 -0.638372 -3.141160
v 0.226206 -0.880096 -3.016404
v -0.031777 -0.893912 -2.758421
v -0.029533 -0.896355 -2.758421
v 0.226206 -0.896355 -3.002863
v -0.031777 -0.638372 -2.987949
v -0.031777 -0.896355 -2.753758
v -0.289760 -0.664905 -2.500438
v -0.144817 -0.896355 -2.500437
v -0.199580 -0.638372 -2.758421
v -0.289760 -0.638372 -2.531430
v -0.289760 -0.431124 -2.758421
v -0.070988 -0.380389 -3.016404
v -0.289760 -0.380389 -2.799989
v -0.289760 -0.182190 -3.016404
v -0.547744 -0.287987 -2.758421
v -0.349164 -0.380389 -2.758421
v -0.410342 -0.122406 -3.016404
v -0.547744 -0.122406 -2.921133
v -0.547744 -0.035123 -3.016404
v -0.289760 -0.122406 -3.177879
v -0.289760 -0.108268 -3.274387
v -0.547744 0.071774 -3.274387
v -0.289760 -0.105443 -3.532370
v -0.547744 0.084690 -3.532370
v -0.289760 -0.109885 -3.790353
v -0.547744 0.083922 -3.790353
v -0.289760 -0.073723 -4.048337
v -0.547744 0.128956 -4.048337
v -0.289760 0.030863 -4.306319
v -0.425936 0.135577 -4.306319
v -0.547744 0.135577 -4.066119
v -0.547744 0.262387 -4.306319
v -0.641869 0.393561 -4.306319
v -0.743931 0.393561 -4.048337
v -0.554173 0.135577 -4.048337
v -0.805727 0.523572 -4.048337
v -0.757898 0.651544 -4.306319
v -0.805727 0.651544 -4.193047
v -0.804754 0.909527 -4.306319
v -0.805727 0.909527 -4.304070
v -0.793503 1.167510 -4.306319
v -0.805727 1.167510 -4.278015
v -0.720130 1.425493 -4.306319
v -0.805727 1.425493 -4.082798
v -0.805727 1.448598 -4.048337
v -0.569687 1.683476 -4.306319
v -0.679280 1.683476 -4.048337
v -0.547744 1.843971 -4.048337
v -0.547744 1.710441 -4.306319
v -0.547744 1.683476 -4.340354
v -0.352102 1.683476 -4.564303
v -0.289760 1.739738 -4.564303
v -0.289760 1.940840 -4.306319
v -0.289760 1.683476 -4.614349
v -0.289760 1.425493 -4.773306
v -0.540735 1.425493 -4.564303
v -0.547744 1.410294 -4.564303
v -0.547744 1.167510 -4.652823
v -0.334806 1.167510 -4.822286
v -0.289760 1.286660 -4.822287
v -0.547744 0.909527 -4.667984
v -0.354579 0.909527 -4.822286
v -0.547744 0.651544 -4.606636
v -0.289760 0.651544 -4.812624
v -0.289760 0.686416 -4.822286
v -0.547744 0.562291 -4.564303
v -0.444920 0.393561 -4.564303
v -0.289760 0.393561 -4.690404
v -0.289760 0.232493 -4.564303
v -0.547744 0.393561 -4.448447
v -0.272340 0.651544 -4.822286
v -0.586455 0.651544 -4.564302
v -0.289760 0.909527 -4.862885
v -0.642744 0.909527 -4.564303
v -0.289760 1.167510 -4.850527
v -0.547744 1.425493 -4.556458
v -0.201006 1.425493 -4.822286
v -0.628562 1.167510 -4.564303
v -0.031777 1.941459 -4.505149
v -0.288761 1.941459 -4.306319
v -0.031777 2.066047 -4.306319
v -0.289760 2.046420 -4.048337
v -0.289760 1.941459 -4.305144
v -0.031777 2.160540 -4.048337
v -0.289760 2.082844 -3.790353
v -0.031777 2.192728 -3.790353
v -0.289760 2.083346 -3.532370
v -0.031777 2.190242 -3.532370
v -0.289760 2.097330 -3.274387
v -0.031777 2.195826 -3.274387
v -0.289760 2.193518 -3.016404
v -0.031777 2.199442 -3.245086
v -0.274213 2.199442 -3.016404
v -0.031777 2.272691 -3.016404
v -0.289760 2.427751 -2.758421
v -0.289760 2.199442 -3.008048
v -0.031777 2.457426 -2.792848
v -0.180806 2.457426 -2.758420
v -0.031777 2.486006 -2.758421
v -0.289760 2.608129 -2.500438
v -0.289760 2.457426 -2.721517
v -0.031777 2.659672 -2.500438
v -0.031777 2.715409 -2.392117
v -0.289760 2.715409 -2.281157
v -0.289760 2.731622 -2.242455
v -0.031777 2.779227 -2.242455
v -0.289760 2.810395 -1.984472
v -0.031777 2.856215 -1.984472
v -0.289760 2.849022 -1.726488
v -0.031777 2.894632 -1.726488
v -0.289760 2.851731 -1.468505
v -0.031777 2.897061 -1.468505
v -0.289760 2.818260 -1.210522
v -0.031777 2.864153 -1.210522
v -0.289760 2.745564 -0.952539
v -0.031777 2.793139 -0.952539
v -0.031777 2.715409 -0.766165
v -0.289760 2.715409 -0.877018
v -0.289760 2.628802 -0.694556
v -0.031777 2.680112 -0.694556
v -0.289760 2.487947 -0.436573
v -0.031777 2.543665 -0.436573
v -0.031777 2.492622 -0.178590
v -0.210683 2.457426 -0.178590
v -0.289760 2.457426 -0.354696
v -0.289760 2.434940 -0.178590
v -0.289760 2.457426 -0.063400
v -0.547744 2.416366 0.079393
v -0.547744 2.318739 -0.178590
v -0.466882 2.457426 0.079393
v -0.289760 2.527023 0.079393
v -0.547744 2.639401 0.337377
v -0.547744 2.457426 0.133950
v -0.289760 2.715409 0.313336
v -0.355772 2.715409 0.337376
v -0.289760 2.735365 0.337376
v -0.547744 2.825153 0.595360
v -0.547744 2.715409 0.431754
v -0.289760 2.909364 0.595360
v -0.547744 2.950816 0.853343
v -0.289760 2.973392 0.720767
v -0.484451 2.973392 0.853343
v -0.289760 3.029123 0.853343
v -0.547744 3.029123 1.111326
v -0.547744 2.973392 0.916635
v -0.289760 3.104026 1.111326
v -0.547744 3.067621 1.369309
v -0.289760 3.141305 1.369309
v -0.547744 3.067621 1.627292
v -0.289760 3.141305 1.627292
v -0.547744 3.029123 1.885275
v -0.289760 3.104026 1.885275
v -0.289760 3.029123 2.143258
v -0.484451 2.973392 2.143258
v -0.547744 2.973392 2.079966
v -0.547744 2.950816 2.143258
v -0.547744 2.825705 2.401241
v -0.289760 2.973392 2.275835
v -0.289760 2.909376 2.401241
v -0.289760 2.785655 2.659225
v -0.538076 2.715409 2.659225
v -0.547744 2.715409 2.647275
v -0.547744 2.712097 2.659225
v -0.547744 2.697333 2.917208
v -0.480802 2.715409 2.917208
v -0.547744 2.715409 3.027746
v -0.547744 2.757105 3.175191
v -0.289760 2.752903 2.917208
v -0.289760 2.795851 3.175191
v -0.547744 2.847825 3.433174
v -0.289760 2.877891 3.433174
v -0.547744 2.910156 3.691157
v -0.289760 2.939077 3.691157
v -0.547744 2.929901 3.949140
v -0.289760 2.957312 3.949140
v -0.547744 2.905869 4.207124
v -0.289760 2.934713 4.207124
v -0.547744 2.838757 4.465106
v -0.289760 2.868607 4.465106
v -0.547744 2.721079 4.723089
v -0.289760 2.753282 4.723089
v -0.289760 2.715409 4.786222
v -0.547744 2.715409 4.732530
v -0.547744 2.538546 4.981073
v -0.289760 2.574705 4.981072
v -0.289760 2.457426 5.115320
v -0.547744 2.457426 5.067700
v -0.547744 2.329681 5.239056
v -0.289760 2.400882 5.239056
v -0.547744 2.297499 5.497039
v -0.289761 2.387382 5.497039
v -0.547744 2.304450 5.755022
v -0.289760 2.401244 5.755022
v -0.547744 2.273827 6.013005
v -0.289760 2.376068 6.013005
v -0.289760 2.273311 6.270988
v -0.475894 2.199442 6.270988
v -0.547744 2.199442 6.199421
v -0.547744 2.157397 6.270988
v -0.289760 2.199442 6.380213
v -0.289760 2.055209 6.528971
v -0.487654 1.941459 6.528971
v -0.547744 1.941459 6.492654
v -0.547744 1.884151 6.528971
v -0.289760 1.941459 6.610753
v -0.289760 1.683476 6.718530
v -0.547744 1.683476 6.617268
v -0.547744 1.425493 6.649709
v -0.289760 1.425493 6.749537
v -0.547744 1.167510 6.603071
v -0.289760 1.167510 6.707308
v -0.547744 1.009755 6.528971
v -0.289760 0.909527 6.582724
v -0.430129 0.909527 6.528971
v -0.289760 0.838791 6.528971
v -0.547744 0.736527 6.270988
v -0.547744 0.909527 6.459402
v -0.289760 0.651544 6.320214
v -0.382152 0.651544 6.270988
v -0.289760 0.619803 6.270988
v -0.547744 0.619320 6.013005
v -0.547744 0.651544 6.106220
v -0.289760 0.518702 6.013005
v -0.289760 0.484566 5.755022
v -0.547744 0.581442 5.755022
v -0.289760 0.466711 5.497039
v -0.547744 0.552118 5.497039
v -0.289760 0.393561 5.279703
v -0.475742 0.393561 5.239056
v -0.547744 0.413775 5.239056
v -0.289760 0.359770 5.239056
v -0.547744 0.135577 4.983109
v -0.547744 0.393561 5.221786
v -0.289760 0.135577 5.024927
v -0.547744 0.133781 4.981072
v -0.289760 0.096908 4.981072
v -0.289760 -0.081371 4.723089
v -0.547744 -0.049310 4.723090
v -0.289760 -0.122406 4.642382
v -0.547744 -0.122406 4.576595
v -0.547744 -0.167415 4.465106
v -0.289760 -0.196260 4.465106
v -0.289760 -0.332844 4.207124
v -0.547744 -0.240192 4.207124
v -0.289760 -0.380389 4.184983
v -0.547744 -0.380389 4.064950
v -0.547744 -0.638372 4.006709
v -0.289760 -0.638372 4.127253
v -0.547744 -0.870750 3.949140
v -0.289760 -0.896355 4.067994
v -0.534400 -0.896355 3.949140
v -0.289760 -1.120557 3.949140
v -0.547744 -1.154338 3.759918
v -0.547744 -0.896355 3.940059
v -0.289760 -1.154338 3.923797
v -0.547744 -1.211173 3.691157
v -0.289760 -1.353673 3.691157
v -0.289760 -1.412321 3.569267
v -0.402232 -1.412321 3.433174
v -0.547744 -1.331956 3.433174
v -0.289760 -1.454889 3.433174
v -0.289761 -1.468925 3.175191
v -0.436677 -1.412321 3.175191
v -0.289760 -1.412321 2.917565
v -0.547744 -1.348368 3.175191
v -0.289760 -1.412226 2.917208
v -0.547744 -1.278072 2.917208
v -0.289760 -1.380264 2.659225
v -0.547744 -1.199208 2.659225
v -0.289760 -1.412321 2.593945
v -0.547744 -1.412321 2.484771
v -0.547744 -1.616876 2.401241
v -0.289760 -1.670304 2.459524
v -0.480670 -1.670304 2.401241
v -0.289760 -1.771312 2.401241
v -0.547744 -1.928287 2.185820
v -0.547744 -1.670304 2.373809
v -0.289760 -1.928287 2.287047
v -0.547744 -1.972115 2.143258
v -0.289760 -2.076215 2.143258
v -0.289760 -2.186270 2.002009
v -0.512444 -2.186271 1.885275
v -0.547744 -2.171369 1.885275
v -0.289760 -2.258653 1.885275
v -0.547744 -2.290256 1.627292
v -0.547744 -2.186270 1.858436
v -0.289760 -2.369701 1.627292
v -0.289760 -2.426238 1.369309
v -0.547744 -2.349896 1.369309
v -0.289760 -2.433825 1.111326
v -0.547744 -2.358142 1.111326
v -0.289760 -2.394508 0.853343
v -0.547744 -2.315329 0.853343
v -0.289760 -2.303046 0.595360
v -0.547744 -2.219105 0.595360
v -0.289760 -2.186271 0.391720
v -0.547744 -2.186271 0.535292
v -0.547744 -2.050444 0.337376
v -0.289760 -2.147845 0.337377
v -0.289760 -2.000970 0.079393
v -0.441622 -1.928287 0.079393
v -0.547744 -1.928287 0.194047
v -0.547744 -1.857671 0.079393
v -0.499933 -1.928287 -0.178590
v -0.547744 -1.887402 -0.178590
v -0.547744 -1.928287 -0.237481
v -0.547744 -2.094957 -0.436573
v -0.289760 -2.059671 -0.178590
v -0.289760 -2.186271 -0.350147
v -0.410780 -2.186271 -0.436573
v -0.289760 -2.246290 -0.436573
v -0.547744 -2.237625 -0.694556
v -0.547744 -2.186271 -0.583276
v -0.289761 -2.370863 -0.694556
v -0.289760 -2.430155 -0.952539
v -0.547744 -2.303797 -0.952539
v -0.289760 -2.433151 -1.210522
v -0.547744 -2.307146 -1.210522
v -0.289760 -2.380209 -1.468505
v -0.547744 -2.248293 -1.468505
v -0.289760 -2.265080 -1.726488
v -0.444221 -2.186271 -1.726488
v -0.547744 -2.186271 -1.609704
v -0.547744 -2.115922 -1.726488
v -0.289760 -2.186271 -1.842419
v -0.289760 -2.059622 -1.984472
v -0.483129 -1.928287 -1.984472
v -0.547744 -1.928287 -1.935212
v -0.289760 -1.928287 -2.094853
v -0.547744 -1.866274 -1.984472
v -0.289760 -1.670304 -2.237601
v -0.547744 -1.670304 -2.101426
v -0.289760 -1.657037 -2.242455
v -0.445886 -1.412321 -2.242455
v -0.547744 -1.412321 -2.183985
v -0.497280 -1.154338 -2.242455
v -0.547744 -1.154338 -2.212720
v -0.540942 -0.896355 -2.242455
v -0.547744 -0.896355 -2.238120
v -0.547744 -0.873256 -2.242455
v -0.289760 -0.896355 -2.372259
v -0.312849 -0.638372 -2.500438
v -0.547744 -0.638372 -2.334076
v -0.547744 -0.482996 -2.500438
v -0.805727 -0.483060 -2.242455
v -0.658891 -0.638372 -2.242455
v -0.729236 -0.380389 -2.500438
v -0.805727 -0.380389 -2.419449
v -0.805727 -0.328641 -2.500438
v -0.547744 -0.380389 -2.647173
v -0.789479 -0.122406 -2.758421
v -0.805727 -0.122406 -2.745248
v -0.805727 -0.108702 -2.758421
v -1.063710 -0.097470 -2.500438
v -1.040767 -0.122406 -2.500438
v -1.031670 0.135578 -2.758420
v -1.063710 0.135577 -2.724945
v -1.063710 0.181509 -2.758421
v -0.805727 0.135577 -2.953182
v -0.805727 0.215084 -3.016404
v -0.924006 0.393561 -3.016404
v -1.063710 0.393561 -2.882734
v -1.031610 0.651544 -3.016404
v -1.063710 0.651544 -2.980503
v -1.063710 0.800269 -3.016404
v -0.912991 0.651544 -3.274387
v -0.959023 0.909527 -3.274387
v -1.063710 0.909527 -3.034070
v -0.949678 1.167510 -3.274387
v -1.063710 1.167510 -3.026233
v -1.063710 1.219868 -3.016404
v -0.884410 1.425493 -3.274387
v -1.012528 1.425493 -3.016404
v -0.805727 1.594654 -3.274387
v -0.805727 1.683476 -3.128535
v -0.889669 1.683476 -3.016404
v -0.805727 1.801575 -3.016404
v -1.063710 1.847255 -2.758421
v -1.063710 1.683476 -2.858958
v -0.805727 1.941459 -2.918425
v -0.994388 1.941459 -2.758421
v -0.805727 2.137359 -2.758421
v -0.676999 1.941459 -3.016404
v -0.547744 2.049025 -3.016404
v -0.547744 2.199442 -2.876079
v -0.728778 2.199442 -2.758421
v -0.547744 2.316592 -2.758421
v -0.805727 2.357607 -2.500438
v -0.805727 2.199442 -2.696010
v -0.547744 2.457426 -2.580949
v -0.648952 2.457426 -2.500438
v -0.547744 2.510401 -2.500438
v -0.805727 2.502099 -2.242455
v -0.805727 2.457426 -2.333489
v -0.547744 2.641341 -2.242455
v -0.805727 2.591749 -1.984472
v -0.547744 2.715409 -2.016705
v -0.566930 2.715409 -1.984472
v -0.547744 2.723998 -1.984472
v -0.547744 2.765419 -1.726488
v -0.658716 2.715409 -1.726488
v -0.547744 2.768038 -1.468505
v -0.664464 2.715409 -1.468505
v -0.805727 2.639452 -1.468505
v -0.805727 2.636615 -1.726488
v -0.805727 2.601022 -1.210522
v -0.586067 2.715409 -1.210522
v -0.805727 2.517546 -0.952539
v -0.547744 2.715409 -1.140953
v -0.547744 2.655660 -0.952539
v -0.547744 2.732558 -1.210522
v -0.547744 2.532389 -0.694556
v -0.688789 2.457426 -0.694556
v -0.805727 2.457426 -0.824658
v -0.805727 2.381843 -0.694556
v -0.805727 2.206140 -0.436573
v -0.547744 2.457426 -0.573422
v -0.547744 2.380027 -0.436573
v -0.720403 2.199442 -0.178590
v -0.805727 2.199442 -0.424145
v -0.805727 2.124310 -0.178590
v -0.805727 2.199442 0.038052
v -0.836022 2.199442 0.079393
v -1.041717 1.941459 0.079393
v -0.965848 1.941459 -0.178590
v -0.805727 2.228488 0.079393
v -1.063710 2.229766 0.337376
v -1.063710 2.199442 0.313090
v -0.805727 2.457426 0.313279
v -0.836034 2.457426 0.337376
v -1.063710 2.457426 0.565052
v -1.063710 2.481437 0.595360
v -0.805727 2.481437 0.337377
v -0.805727 2.688342 0.595360
v -1.063710 2.639400 0.853343
v -0.805727 2.715409 0.639414
v -0.969332 2.715409 0.853343
v -0.805727 2.825153 0.853343
v -1.063710 2.735365 1.111326
v -1.063710 2.715409 1.045314
v -0.805727 2.909364 1.111326
v -1.063710 2.780410 1.369309
v -0.805727 2.950816 1.369309
v -1.063710 2.780410 1.627292
v -0.805727 2.950816 1.627292
v -1.063710 2.735365 1.885275
v -0.805727 2.909364 1.885275
v -0.805727 2.825153 2.143258
v -0.969332 2.715409 2.143258
v -1.063710 2.715409 1.951287
v -1.063710 2.639400 2.143258
v -1.063710 2.488101 2.401241
v -0.805727 2.715409 2.357893
v -0.805727 2.690642 2.401241
v -0.764484 2.715409 2.401241
v -1.094869 2.457426 2.401241
v -1.245685 2.457426 2.143258
v -1.321693 2.363048 2.143258
v -1.304878 2.199442 2.401242
v -1.321693 2.199442 2.365995
v -1.321693 2.172682 2.401241
v -1.321693 2.070089 2.659225
v -1.235211 2.199442 2.659225
v -1.321693 2.134394 2.917208
v -1.274244 2.199442 2.917208
v -1.063710 2.417117 2.917208
v -1.063710 2.390431 2.659225
v -0.987797 2.457426 2.659225
v -1.012846 2.457426 2.917208
v -0.805727 2.590012 2.917208
v -0.805727 2.586397 2.659225
v -1.063710 2.522712 3.175191
v -1.063710 2.457426 3.031570
v -0.805727 2.669764 3.175191
v -1.063710 2.643455 3.433174
v -0.805727 2.715409 3.287875
v -0.934602 2.715409 3.433174
v -0.805727 2.772797 3.433174
v -0.805727 2.838368 3.691157
v -1.062849 2.715409 3.691157
v -1.063710 2.737177 3.949140
v -1.063710 2.715409 3.694442
v -0.805727 2.858473 3.949140
v -1.063710 2.714923 3.691157
v -1.321693 2.550420 3.949140
v -1.321693 2.525046 3.691157
v -1.098785 2.715409 3.949140
v -1.321693 2.457426 3.471895
v -1.304778 2.457426 3.433174
v -1.321693 2.441283 3.433174
v -1.321693 2.290595 3.175191
v -1.149600 2.457426 3.175191
v -1.524220 2.199442 3.433174
v -1.395323 2.199442 3.175191
v -1.579676 2.110535 3.433174
v -1.579676 1.941459 3.237449
v -1.549165 1.941459 3.175191
v -1.579676 1.867823 3.175191
v -1.579676 1.683476 3.047469
v -1.530449 1.683476 2.917208
v -1.435191 1.941459 2.917208
v -1.579676 1.425493 2.938705
v -1.572555 1.425493 2.917208
v -1.579676 1.167510 2.955324
v -1.567266 1.167510 2.917208
v -1.579676 0.909527 3.091968
v -1.512801 0.909527 2.917208
v -1.579676 0.800952 3.175191
v -1.511012 0.651544 3.175191
v -1.405265 0.651544 2.917208
v -1.321693 0.516188 2.917208
v -1.336555 0.393561 3.175191
v -1.321693 0.393561 3.147046
v -1.321693 0.376495 3.175191
v -1.321693 0.230451 3.433174
v -1.467320 0.393561 3.433174
v -1.321693 0.146604 3.691157
v -1.544178 0.393561 3.691157
v -1.579676 0.445431 3.691157
v -1.579676 0.561323 3.433174
v -1.579676 0.412488 3.949140
v -1.566715 0.393561 3.949140
v -1.579676 0.453319 4.207124
v -1.538785 0.393561 4.207124
v -1.321693 0.152305 4.207124
v -1.321693 0.135577 4.113667
v -1.337080 0.135577 3.949140
v -1.321693 0.121662 3.949140
v -1.321693 0.135577 3.755186
v -1.063710 -0.064833 3.949140
v -1.063710 -0.043617 3.691157
v -1.309247 0.135577 3.691157
v -1.063710 0.027981 3.433174
v -1.214260 0.135577 3.433174
v -1.063710 0.135577 3.190357
v -0.931129 -0.122406 3.433174
v -0.886852 -0.122406 3.175191
v -1.054061 0.135577 3.175191
v -1.063710 0.142244 3.175191
v -0.938135 0.135577 2.917208
v -1.063710 0.230693 2.917208
v -0.950383 0.135577 2.659225
v -1.063710 0.233597 2.659225
v -0.805727 -0.052294 2.917208
v -0.805727 0.029584 2.659225
v -1.063710 0.109103 2.401241
v -1.063710 0.135577 2.440464
v -0.805727 -0.122406 2.459452
v -0.859467 -0.122406 2.401241
v -0.805727 -0.241526 2.401241
v -1.063710 -0.166712 2.143258
v -1.063710 -0.122406 2.165112
v -0.805727 -0.380389 2.365809
v -1.033364 -0.380389 2.143258
v -0.805727 -0.638372 2.377100
v -1.060699 -0.638372 2.143258
v -1.063710 -0.655116 2.143258
v -0.805727 -0.843545 2.401241
v -0.812854 -0.896355 2.401241
v -1.063710 -0.896355 2.188813
v -1.063710 -1.154338 2.185415
v -0.807117 -1.154338 2.401241
v -1.063710 -1.328436 2.143258
v -0.805727 -1.160625 2.401241
v -0.805727 -1.412321 2.342933
v -1.035746 -1.412321 2.143258
v -0.805727 -1.670304 2.216872
v -0.892124 -1.670304 2.143258
v -0.805727 -1.772082 2.143258
v -1.063710 -1.670304 1.947361
v -1.063710 -1.412321 2.111810
v -1.106003 -1.670304 1.885275
v -1.224641 -1.412321 1.885275
v -1.281049 -1.154338 1.885275
v -1.102023 -1.154338 2.143258
v -1.283770 -0.896355 1.885275
v -1.105111 -0.896355 2.143258
v -1.240753 -0.638372 1.885275
v -1.063710 -0.638372 2.139738
v -1.201718 -0.380389 1.885275
v -1.063710 -0.380389 2.104440
v -1.220164 -0.122406 1.885275
v -1.079234 -0.122406 2.143258
v -1.321693 0.102396 1.885275
v -1.321693 0.135577 1.956993
v -1.246241 0.135577 2.143258
v -1.321693 0.229955 2.143258
v -1.344787 0.135577 1.885275
v -1.515649 0.393561 1.885275
v -1.431437 0.393561 2.143258
v -1.579676 0.518968 1.885275
v -1.579676 0.651544 2.079966
v -1.557100 0.651544 2.143258
v -1.579676 0.714836 2.143258
v -1.579676 0.909527 2.276350
v -1.526935 0.909527 2.401241
v -1.439665 0.651544 2.401241
v -1.579676 1.167510 2.372529
v -1.569358 1.167510 2.401241
v -1.579676 1.425493 2.374319
v -1.570213 1.425493 2.401241
v -1.579676 1.683476 2.276931
v -1.529638 1.683476 2.401241
v -1.579676 1.878167 2.143258
v -1.557100 1.941459 2.143258
v -1.443521 1.941459 2.401242
v -1.579676 1.941459 2.079966
v -1.579676 2.074035 1.885275
v -1.515649 2.199442 1.885275
v -1.431437 2.199442 2.143258
v -1.341649 2.457426 1.885275
v -1.321693 2.457426 1.951287
v -1.321693 2.481437 1.885275
v -1.386694 2.457426 1.627292
v -1.321693 2.536304 1.627292
v -1.386694 2.457426 1.369309
v -1.321693 2.536304 1.369309
v -1.557100 2.199442 1.627292
v -1.557100 2.199442 1.369309
v -1.579676 2.155388 1.627292
v -1.579676 2.155388 1.369309
v -1.579676 2.074035 1.111326
v -1.515649 2.199442 1.111326
v -1.579676 1.941459 0.916635
v -1.557100 1.941459 0.853343
v -1.431437 2.199442 0.853343
v -1.321693 2.363048 0.853343
v -1.321693 2.457426 1.045314
v -1.341649 2.457426 1.111326
v -1.321693 2.481437 1.111326
v -1.245685 2.457426 0.853343
v -1.087721 2.715409 1.111326
v -1.142588 2.715409 1.369309
v -1.321693 2.199442 0.639414
v -1.294626 2.199442 0.595360
v -1.087721 2.457426 0.595360
v -1.321693 2.155388 0.595360
v -1.321693 1.941459 0.431754
v -1.245800 1.941459 0.337376
v -1.087736 2.199442 0.337377
v -1.321693 1.750303 0.337376
v -1.321693 1.683476 0.311526
v -1.166061 1.683476 0.079393
v -1.063710 1.903552 0.079393
v -1.063710 1.941459 0.112815
v -1.321693 1.425493 0.243783
v -1.231942 1.425493 0.079393
v -1.321693 1.167510 0.234747
v -1.247789 1.167510 0.079393
v -1.321693 0.909527 0.300240
v -1.216703 0.909527 0.079393
v -1.321693 0.825954 0.337377
v -1.254439 0.651544 0.337376
v -1.133873 0.651544 0.079393
v -1.063710 0.510665 0.079393
v -1.104181 0.393561 0.337376
v -1.063710 0.393561 0.275906
v -1.063710 0.339199 0.337376
v -1.294627 0.393561 0.595360
v -1.151292 0.135577 0.595360
v -1.063710 0.135577 0.477046
v -1.063710 -0.122406 0.493519
v -1.131713 -0.122406 0.595360
v -1.063710 -0.380389 0.395714
v -1.193179 -0.380389 0.595360
v -1.063710 -0.495984 0.337376
v -1.278168 -0.638372 0.595360
v -1.118719 -0.638372 0.337377
v -1.321693 -0.857237 0.595360
v -1.321693 -0.896355 0.585902
v -1.174657 -0.896355 0.337377
v -1.321693 -1.154338 0.591472
v -1.171785 -1.154338 0.337376
v -1.321693 -1.168009 0.595360
v -1.269704 -1.412321 0.595360
v -1.109677 -1.412321 0.337377
v -1.063710 -1.519313 0.337376
v -1.156230 -1.670304 0.595360
v -1.063710 -1.670304 0.446243
v -1.063710 -1.808889 0.595360
v -1.257394 -1.670304 0.853343
v -1.082729 -1.928287 0.853343
v -1.063710 -1.928287 0.801116
v -1.063710 -1.949831 0.853343
v -0.805727 -2.176574 0.853343
v -0.805727 -2.066585 0.595360
v -0.962009 -1.928287 0.595360
v -0.805727 -1.928287 0.400881
v -1.063710 -2.007103 1.111326
v -0.858895 -2.186271 1.111326
v -0.805727 -2.186271 0.891055
v -0.805727 -2.223678 1.111326
v -0.805727 -2.214389 1.369309
v -0.845679 -2.186271 1.369309
v -0.805727 -2.186271 1.503603
v -1.063710 -1.995428 1.369309
v -1.063710 -1.928287 1.592338
v -1.050655 -1.928287 1.627292
v -0.805727 -2.147697 1.627292
v -1.063710 -1.913074 1.627292
v -1.063710 -1.734978 1.885275
v -0.900985 -1.928287 1.885275
v -1.231028 -1.670304 1.627292
v -1.122790 -1.928287 1.369309
v -1.293350 -1.670304 1.369309
v -1.321693 -1.460521 1.627292
v -1.321693 -1.609634 1.369309
v -1.301931 -1.670304 1.111326
v -1.321693 -1.628025 1.111326
v -1.321693 -1.530296 0.853343
v -1.363545 -1.412321 0.853343
v -1.403825 -1.412321 1.111326
v -1.414528 -1.154338 0.853343
v -1.452379 -1.154338 1.111326
v -1.416972 -0.896355 0.853343
v -1.454927 -0.896355 1.111326
v -1.323624 -1.154338 0.595360
v -1.326391 -0.896355 0.595360
v -1.321693 -0.638372 0.699860
v -1.371208 -0.638372 0.853343
v -1.321693 -0.465647 0.853343
v -1.321693 -0.380389 0.945907
v -1.349319 -0.380389 1.111326
v -1.412286 -0.638372 1.111326
v -1.321693 -0.209608 1.111326
v -1.299315 -0.380389 0.853343
v -1.253444 -0.122406 0.853343
v -1.317489 -0.122406 1.111326
v -1.321693 -0.044849 1.111326
v -1.288245 0.135577 0.853343
v -1.321693 0.135577 0.946366
v -1.321693 0.213063 0.853343
v -1.431437 0.393561 0.853343
v -1.515649 0.393561 1.111326
v -1.368703 0.135577 1.111326
v -1.579676 0.518968 1.111326
v -1.557100 0.651544 0.853343
v -1.579676 0.651544 0.916635
v -1.579676 0.714836 0.853343
v -1.431437 0.651544 0.595360
v -1.515649 0.909527 0.595360
v -1.579676 0.909527 0.720767
v -1.557100 1.167510 0.595360
v -1.579676 1.167510 0.639414
v -1.557100 1.425493 0.595360
v -1.579676 1.425493 0.639414
v -1.515649 1.683476 0.595360
v -1.579676 1.683476 0.720767
v -1.579676 1.878167 0.853343
v -1.431437 1.941459 0.595360
v -1.635407 1.683476 0.853343
v -1.635407 1.941459 1.111326
v -1.710310 1.683476 1.111326
v -1.747589 1.425493 1.111326
v -1.673905 1.425493 0.853343
v -1.747589 1.167510 1.111326
v -1.673905 1.167510 0.853343
v -1.710310 0.909527 1.111326
v -1.635407 0.909527 0.853343
v -1.747589 0.909527 1.369309
v -1.782933 1.167510 1.369309
v -1.673905 0.651544 1.369309
v -1.635407 0.651544 1.111326
v -1.579676 0.437615 1.369309
v -1.579676 0.437615 1.627292
v -1.673905 0.651544 1.627292
v -1.635407 0.651544 1.885275
v -1.747589 0.909527 1.627292
v -1.710310 0.909527 1.885275
v -1.782933 1.167510 1.627292
v -1.747589 1.167510 1.885275
v -1.782933 1.425493 1.627292
v -1.747589 1.425493 1.885275
v -1.747589 1.683476 1.627292
v -1.710310 1.683476 1.885275
v -1.673905 1.941459 1.627292
v -1.635407 1.941459 1.885275
v -1.747589 1.683476 1.369309
v -1.673905 1.941459 1.369309
v -1.782933 1.425493 1.369309
v -1.673905 1.425493 2.143258
v -1.635407 1.683476 2.143258
v -1.673905 1.167510 2.143258
v -1.635407 0.909527 2.143258
v -1.557100 0.393561 1.627292
v -1.557100 0.393561 1.369309
v -1.394903 0.135577 1.627292
v -1.403166 0.135577 1.369309
v -1.321693 -0.027992 1.627292
v -1.321693 -0.122406 1.501847
v -1.332911 -0.122406 1.369309
v -1.321693 -0.380389 1.547034
v -1.350369 -0.380389 1.369309
v -1.321693 -0.504294 1.627292
v -1.350313 -0.638372 1.627292
v -1.405190 -0.638372 1.369309
v -1.391991 -0.896355 1.627292
v -1.447087 -0.896355 1.369309
v -1.389350 -1.154338 1.627292
v -1.444860 -1.154338 1.369309
v -1.338246 -1.412321 1.627292
v -1.395369 -1.412321 1.369309
v -1.321693 -1.412321 1.672436
v -1.321693 -1.154338 1.802141
v -1.321693 -0.896355 1.807777
v -1.321693 -0.638372 1.706504
v -1.302848 -0.380389 1.627292
v -1.301452 -0.122406 1.627292
v -1.321693 -0.122406 1.146680
v -1.387827 1.425493 0.337376
v -1.342109 1.683476 0.337376
v -1.389251 1.167510 0.337376
v -1.346705 0.909527 0.337376
v -1.321693 0.651544 0.430961
v -1.321693 0.437615 0.595360
v -1.321693 0.393561 0.639414
v -1.321693 -1.412321 0.720925
v -1.132819 -1.928287 1.111326
v -0.805727 -2.012180 1.885275
v -0.805727 -1.928287 1.993056
v -0.746327 -2.186271 1.627292
v -0.790810 -2.186271 0.853343
v -0.614325 -2.186271 0.595360
v -0.805727 -1.869099 0.337376
v -0.977224 -1.670304 0.337376
v -0.736552 -1.928287 0.337377
v -1.063710 -1.412321 0.282195
v -0.805727 -1.670304 0.166353
v -0.805727 -1.570186 0.079393
v -0.884577 -1.412321 0.079393
v -0.948511 -1.154338 0.079393
v -1.063710 -1.154338 0.208849
v -0.943717 -0.896355 0.079393
v -1.063710 -0.896355 0.205303
v -0.840533 -1.412321 -0.178590
v -0.877608 -1.154338 -0.178590
v -0.962623 -1.412321 -0.436573
v -0.981000 -1.154338 -0.436573
v -0.940543 -0.896355 -0.436573
v -0.847802 -0.896355 -0.178590
v -0.805727 -0.765547 -0.178590
v -0.865866 -0.638372 -0.436573
v -0.805727 -0.638372 -0.332097
v -0.809300 -0.380389 -0.436573
v -0.805727 -0.380389 -0.432214
v -1.006187 -0.638372 -0.694556
v -0.983518 -0.380389 -0.694556
v -1.063710 -0.137677 -0.694556
v -1.063710 -0.122406 -0.679753
v -0.861802 -0.122406 -0.436573
v -1.063710 0.131613 -0.436573
v -1.063710 0.135577 -0.433386
v -0.842895 0.135577 -0.178590
v -0.805727 0.097394 -0.178590
v -0.805727 -0.122406 -0.383049
v -1.063710 0.393561 -0.226406
v -1.037727 0.393561 -0.178590
v -1.063710 0.440767 -0.178590
v -0.989677 0.393561 0.079393
v -1.215890 0.393561 -0.436573
v -1.306075 0.651544 -0.436573
v -1.156676 0.651544 -0.178590
v -1.321693 0.723116 -0.436573
v -1.321693 0.909527 -0.395244
v -1.219342 0.909527 -0.178590
v -1.321693 1.167510 -0.394544
v -1.233202 1.167510 -0.178590
v -1.321693 1.335848 -0.436573
v -1.301771 1.425493 -0.436573
v -1.199219 1.425493 -0.178590
v -1.207982 1.683476 -0.436573
v -1.114369 1.683476 -0.178590
v -1.063710 1.785615 -0.178590
v -1.063710 1.928525 -0.436573
v -1.321693 1.789910 -0.694556
v -1.232798 1.941459 -0.694556
v -1.063710 1.941459 -0.450770
v -1.321693 1.683476 -0.611256
v -1.063710 2.155697 -0.694556
v -1.321693 2.010189 -0.952539
v -1.176014 2.199442 -0.952539
v -1.063710 2.199442 -0.754476
v -1.321693 1.941459 -0.855014
v -1.063710 2.315382 -0.952539
v -1.268584 2.199442 -1.210522
v -1.063710 2.410761 -1.210522
v -1.311087 2.199442 -1.468505
v -1.063710 2.454026 -1.468505
v -1.321693 2.131707 -1.210522
v -1.321693 2.185899 -1.468505
v -1.321693 2.181893 -1.726488
v -1.307950 2.199442 -1.726488
v -1.321693 2.119064 -1.984472
v -1.258327 2.199442 -1.984471
v -1.063710 2.450832 -1.726488
v -1.063710 2.400327 -1.984472
v -1.158351 2.199442 -2.242455
v -1.063710 2.297218 -2.242455
v -1.063710 2.199442 -2.403761
v -1.321693 1.986178 -2.242455
v -1.321693 1.941459 -2.303471
v -1.208766 1.941459 -2.500438
v -1.063710 2.126126 -2.500438
v -1.321693 1.746074 -2.500438
v -1.321693 1.683476 -2.546955
v -1.160606 1.683476 -2.758421
v -1.063710 1.941459 -2.686055
v -1.321693 1.425493 -2.681648
v -1.261579 1.425493 -2.758421
v -1.321693 1.167510 -2.745849
v -1.311899 1.167510 -2.758421
v -1.321693 0.909527 -2.751101
v -1.315991 0.909527 -2.758420
v -1.321693 0.651544 -2.698385
v -1.274946 0.651544 -2.758421
v -1.321693 0.393561 -2.578628
v -1.183638 0.393561 -2.758420
v -1.451879 0.651544 -2.500438
v -1.371784 0.393561 -2.500438
v -1.321693 0.282882 -2.500438
v -1.499664 0.393561 -2.242454
v -1.378710 0.135577 -2.242455
v -1.321693 0.135577 -2.361267
v -1.321693 0.042583 -2.242455
v -1.321693 -0.090353 -1.984472
v -1.465885 0.135577 -1.984472
v -1.508773 0.135577 -1.726488
v -1.345732 -0.122406 -1.726488
v -1.321693 -0.122406 -1.880774
v -1.579676 0.287249 -1.726488
v -1.579676 0.392735 -1.984472
v -1.579676 0.280730 -1.468505
v -1.511487 0.135577 -1.468505
v -1.579676 0.370618 -1.210522
v -1.474743 0.135577 -1.210522
v -1.321693 -0.103092 -1.210522
v -1.321693 -0.122406 -1.276203
v -1.348891 -0.122406 -1.468505
v -1.321693 -0.157229 -1.468505
v -1.321693 -0.153183 -1.726488
v -1.154843 -0.380389 -1.468505
v -1.125521 -0.380389 -1.726488
v -1.063710 -0.380389 -1.962205
v -1.063710 -0.373158 -1.984472
v -1.297695 -0.122406 -1.984471
v -1.063710 -0.481727 -1.726488
v -1.012658 -0.638372 -1.726488
v -0.878944 -0.638372 -1.984472
v -1.056334 -0.380389 -1.984472
v -0.992554 -0.896355 -1.726488
v -0.826457 -0.896355 -1.984472
v -0.997852 -1.154338 -1.726488
v -0.815950 -1.154338 -1.984472
v -0.805727 -1.304466 -1.984472
v -0.979343 -1.412321 -1.726488
v -0.805727 -1.412321 -1.966547
v -0.805727 -1.670304 -1.860265
v -0.899785 -1.670304 -1.726488
v -0.805727 -1.839970 -1.726488
v -1.016683 -1.670304 -1.468505
v -0.876158 -1.928287 -1.468505
v -0.805727 -1.928287 -1.622641
v -0.805727 -2.019140 -1.468505
v -0.805727 -2.093103 -1.210522
v -0.935381 -1.928287 -1.210522
v -0.805727 -2.088762 -0.952539
v -0.931947 -1.928287 -0.952539
v -1.063710 -1.674213 -0.952539
v -1.063710 -1.682215 -1.210522
v -1.063710 -1.670304 -0.941826
v -1.006244 -1.670304 -0.694556
v -0.864778 -1.928287 -0.694556
v -1.063710 -1.485536 -0.694556
v -1.063710 -1.412321 -0.652607
v -0.880846 -1.670304 -0.436573
v -1.079416 -1.412321 -0.694556
v -1.095934 -1.154338 -0.694556
v -1.063710 -1.154338 -0.609558
v -1.063710 -0.917096 -0.694556
v -1.151325 -1.154338 -0.952539
v -1.120928 -0.896355 -0.952539
v -1.063710 -0.896355 -0.706881
v -1.084425 -0.638372 -0.952539
v -1.063710 -0.638372 -0.868000
v -1.088977 -0.380389 -0.952539
v -1.063710 -0.380389 -0.880166
v -1.217856 -0.122406 -0.952539
v -1.074291 -0.122406 -0.694556
v -1.321693 0.018571 -0.952539
v -1.321693 0.135577 -0.797080
v -1.263331 0.135577 -0.694556
v -1.321693 0.238872 -0.694556
v -1.321693 0.393561 -0.579701
v -1.066620 0.135577 -0.436573
v -1.393009 0.393561 -0.694556
v -1.472896 0.651544 -0.694556
v -1.321693 0.651544 -0.458523
v -1.508924 0.909527 -0.694556
v -1.348667 0.909527 -0.436573
v -1.505332 1.167510 -0.694556
v -1.347230 1.167510 -0.436573
v -1.461167 1.425493 -0.694556
v -1.321693 1.425493 -0.469095
v -1.373063 1.683476 -0.694556
v -1.576705 1.425493 -0.952539
v -1.495273 1.683476 -0.952539
v -1.366060 1.941459 -0.952539
v -1.570660 1.683476 -1.210522
v -1.447349 1.941459 -1.210522
v -1.579676 1.748237 -1.468505
v -1.485897 1.941459 -1.468505
v -1.579676 1.683476 -1.259090
v -1.579676 1.658141 -1.210522
v -1.649054 1.425493 -1.210522
v -1.683477 1.425493 -1.468505
v -1.606397 1.683476 -1.468505
v -1.689295 1.167510 -1.210522
v -1.722219 1.167510 -1.468505
v -1.692564 0.909527 -1.210522
v -1.725627 0.909527 -1.468505
v -1.659748 0.651544 -1.210522
v -1.693344 0.651544 -1.468505
v -1.588515 0.393561 -1.210522
v -1.623801 0.393561 -1.468505
v -1.621198 0.393561 -1.726488
v -1.690864 0.651544 -1.726488
v -1.579994 0.393561 -1.984472
v -1.651640 0.651544 -1.984472
v -1.685068 0.909527 -1.984472
v -1.723038 0.909527 -1.726488
v -1.681740 1.167510 -1.984472
v -1.719608 1.167510 -1.726488
v -1.641109 1.425493 -1.984472
v -1.680938 1.425493 -1.726488
v -1.579676 1.635766 -1.984472
v -1.579676 1.683476 -1.898996
v -1.603688 1.683476 -1.726488
v -1.579676 1.741670 -1.726488
v -1.562704 1.683476 -1.984472
v -1.438813 1.941459 -1.984472
v -1.483031 1.941459 -1.726488
v -1.481058 1.683476 -2.242455
v -1.350600 1.941459 -2.242455
v -1.579676 1.425493 -2.196687
v -1.563546 1.425493 -2.242455
v -1.579676 1.346301 -2.242455
v -1.579676 1.167510 -2.305298
v -1.485739 1.167510 -2.500438
v -1.440617 1.425493 -2.500438
v -1.579676 0.909527 -2.313774
v -1.489482 0.909527 -2.500438
v -1.579676 0.682874 -2.242455
v -1.573960 0.651544 -2.242455
v -1.579676 0.651544 -2.226244
v -1.579676 0.393561 -1.985693
v -1.608941 0.909527 -2.242455
v -1.605396 1.167510 -2.242455
v -1.351588 1.683476 -2.500438
v -1.579676 0.617790 -0.952539
v -1.579676 0.393561 -1.173534
v -1.587628 0.651544 -0.952539
v -1.579676 0.651544 -0.932076
v -1.622163 0.909527 -0.952539
v -1.579676 0.909527 -0.844663
v -1.618724 1.167510 -0.952539
v -1.579676 1.167510 -0.853213
v -1.579676 1.411314 -0.952539
v -1.513338 0.393561 -0.952539
v -1.579676 1.425493 -0.961497
v -1.394000 0.135577 -0.952539
v -1.307232 -0.122406 -1.210522
v -1.142923 -0.380389 -1.210522
v -1.109630 -0.638372 -1.210523
v -1.086616 -0.638372 -1.468505
v -1.129436 -0.896355 -1.210522
v -1.089531 -0.896355 -1.468505
v -1.063710 -0.896355 -1.551103
v -1.063710 -0.638372 -1.565439
v -1.063710 -1.154338 -1.585364
v -1.105466 -1.154338 -1.468505
v -1.063710 -1.412321 -1.540581
v -1.089077 -1.412321 -1.468505
v -1.063710 -1.523735 -1.468505
v -1.138291 -1.412321 -1.210522
v -1.068789 -1.670304 -1.210522
v -1.063710 -1.670304 -1.249723
v -1.065377 -1.670304 -0.952539
v -1.135088 -1.412321 -0.952539
v -1.154378 -1.154338 -1.210522
v -1.059960 -0.896355 -0.694556
v -0.805727 -1.808854 -0.436573
v -0.805727 -1.928287 -0.570088
v -0.805727 -2.004629 -0.694556
v -0.719350 -1.928287 -0.436573
v -0.617716 -2.186271 -0.694556
v -0.705143 -2.186271 -0.952539
v -0.805727 -1.670304 -0.322840
v -0.709648 -2.186271 -1.210522
v -0.740723 -1.928287 -1.726488
v -0.691654 -1.670304 -1.984472
v -0.789181 -1.412321 -1.984471
v -0.805727 -1.154338 -1.995561
v -0.805727 -0.896355 -2.008812
v -0.805727 -0.638372 -2.085794
v -0.934398 -0.380389 -2.242455
v -1.063710 -0.268336 -2.242455
v -1.199772 -0.122406 -2.242455
v -1.063710 -0.122406 -2.469178
v -1.240158 0.135577 -2.500438
v -1.063710 1.425493 -2.964359
v -1.072259 1.167510 -3.016404
v -0.993120 2.199442 -2.500438
v -0.870222 2.457426 -2.242455
v -0.995874 2.457426 -1.984472
v -1.055863 2.457426 -1.726488
v -1.059665 2.457426 -1.468505
v -1.008160 2.457426 -1.210522
v -0.893049 2.457426 -0.952539
v -1.021621 2.199442 -0.694556
v -0.813598 2.199442 -0.436573
v -1.054532 1.941459 -0.436573
v -0.805727 0.159887 0.079393
v -0.805727 0.135577 -0.116415
v -0.788033 0.135577 0.079393
v -0.687468 -0.122406 0.079393
v -0.622148 -0.122406 -0.178590
v -0.739489 -0.380389 0.079393
v -0.640550 -0.380389 -0.178590
v -0.805727 -0.514224 0.079393
v -0.805727 -0.638372 0.005848
v -0.754624 -0.638372 -0.178590
v -0.805727 -0.380389 0.137055
v -1.063710 -0.638372 0.271251
v -0.867666 -0.638372 0.079393
v -1.015917 -0.380389 0.337376
v -0.805727 -0.122406 0.208363
v -0.931294 -0.122406 0.337376
v -0.805727 0.135577 0.124208
v -0.805727 -1.511523 -0.178590
v -0.726907 -1.670304 -0.178590
v -0.737113 -1.670304 0.079393
v -0.947478 0.135578 0.337377
v -1.142588 2.715409 1.627292
v -1.087721 2.715409 1.885275
v -1.485072 1.683476 2.659225
v -1.390689 1.941459 2.659225
v -1.527654 1.425493 2.659225
v -1.524125 1.167510 2.659225
v -1.474761 0.909527 2.659225
v -1.373392 0.651544 2.659225
v -1.321693 0.558075 2.659225
v -1.321693 0.427920 2.401241
v -1.209040 0.393561 2.659225
v -1.300097 0.393561 2.401242
v -1.090178 0.135577 2.401241
v -1.321693 0.393561 2.360544
v -1.227626 0.393561 2.917208
v -0.713762 -1.412321 2.401241
v -0.805727 -1.154338 2.402199
v -0.805727 -0.896355 2.406851
v -0.721880 -0.896355 2.659225
v -0.586308 -1.154338 2.659225
v -0.779174 -0.638372 2.401242
v -0.758422 -0.638372 2.659225
v -0.805727 -0.896355 2.869001
v -0.805727 -0.638372 2.764859
v -0.734765 -0.380389 2.659225
v -0.805727 -0.380389 2.816324
v -0.805727 -0.133317 2.917208
v -0.721934 -0.122406 2.659225
v -0.804481 -0.122406 2.917208
v -0.805727 -0.122406 2.920775
v -0.919199 -0.380389 3.175191
v -0.850951 -0.380389 2.917208
v -0.876327 -0.638372 2.917208
v -0.827573 -0.896355 2.917208
v -0.805727 -0.946774 2.917208
v -0.805727 -1.079586 3.175191
v -0.893745 -0.896355 3.175191
v -0.805727 -1.051763 3.433174
v -0.877552 -0.896355 3.433174
v -0.938959 -0.638372 3.175191
v -0.925367 -0.638372 3.433174
v -0.919070 -0.380389 3.433174
v -0.832813 -0.638372 3.691157
v -0.847663 -0.380389 3.691157
v -0.943739 -0.122406 3.691157
v -0.805727 -0.201516 3.949140
v -0.805727 -0.380389 3.773530
v -0.955014 -0.122406 3.949140
v -0.805727 -0.162495 4.207124
v -0.900931 -0.122406 4.207124
v -1.063710 -0.038722 4.207124
v -1.063710 0.038573 4.465106
v -0.805727 -0.091834 4.465106
v -0.805727 -0.122406 4.370048
v -1.063710 0.135577 4.657178
v -1.000368 0.135577 4.723089
v -0.805727 0.032808 4.723089
v -1.063710 0.177167 4.723089
v -1.063710 0.393561 4.971935
v -1.051754 0.393561 4.981072
v -0.805727 0.229342 4.981072
v -0.805727 0.135577 4.871543
v -1.063710 0.403790 4.981073
v -1.063710 0.651544 5.158122
v -0.927887 0.651544 5.239056
v -0.805727 0.547269 5.239056
v -0.805727 0.393561 5.131330
v -1.063710 0.821935 5.239056
v -1.063710 0.909527 5.278371
v -0.938845 0.909527 5.497039
v -0.805727 0.739853 5.497039
v -0.805727 0.651544 5.327390
v -1.063710 1.167510 5.442369
v -1.051430 1.167510 5.497039
v -1.063710 1.225413 5.497039
v -1.063710 1.425493 5.690858
v -1.059692 1.425493 5.755022
v -1.022222 1.167510 5.755022
v -0.985174 1.167510 6.013005
v -1.027501 1.425493 6.013005
v -1.030598 1.683476 5.755022
v -0.996362 1.683476 6.013005
v -0.922655 1.941459 5.755022
v -0.888683 1.941459 6.013005
v -0.805727 2.056491 6.013005
v -0.805727 2.099876 5.755022
v -0.933025 1.941459 5.497039
v -0.805727 2.104801 5.497039
v -1.028626 1.941459 5.239056
v -0.805727 2.178913 5.239056
v -1.063710 1.883880 5.239056
v -1.048503 1.683476 5.497039
v -1.063710 1.683476 5.411467
v -1.063710 1.613931 5.497039
v -1.085297 1.425493 5.497039
v -1.212632 1.425493 5.239056
v -1.159283 1.683476 5.239056
v -1.321693 1.425493 5.146975
v -1.321693 1.683476 5.099144
v -1.321693 1.941459 4.988005
v -1.063710 1.941459 5.204552
v -1.321693 1.952881 4.981072
v -1.135956 2.199442 4.981072
v -1.063710 2.199442 5.038536
v -1.063710 2.268027 4.981072
v -0.805727 2.442376 4.981073
v -0.805727 2.199442 5.211520
v -1.063710 2.457426 4.774641
v -0.805727 2.457426 4.964823
v -1.063710 2.494734 4.723089
v -0.805727 2.638785 4.723089
v -1.063710 2.633138 4.465106
v -0.914029 2.715409 4.465106
v -0.805727 2.715409 4.578331
v -0.805727 2.763481 4.465106
v -1.054358 2.715409 4.207124
v -0.805727 2.833964 4.207124
v -1.063710 2.710133 4.207124
v -1.063710 2.715409 4.175492
v -1.321693 2.519193 4.207124
v -1.291722 2.457426 4.465106
v -1.321693 2.457426 4.400239
v -1.321693 2.428824 4.465106
v -1.321693 2.259896 4.723089
v -1.113571 2.457426 4.723089
v -1.371194 2.199442 4.723089
v -1.513062 2.199442 4.465106
v -1.579676 2.092475 4.465106
v -1.528924 1.941459 4.723089
v -1.579676 1.941459 4.632688
v -1.579676 1.818071 4.723089
v -1.328454 1.941459 4.981072
v -1.436969 1.683476 4.981072
v -1.579676 1.683476 4.791222
v -1.579676 1.425493 4.854775
v -1.483751 1.425493 4.981072
v -1.579676 1.167510 4.843687
v -1.475451 1.167510 4.981072
v -1.579676 0.909527 4.754831
v -1.411193 0.909527 4.981072
v -1.579676 0.853943 4.723089
v -1.321693 0.718912 4.981072
v -1.321693 0.651544 4.938664
v -1.488744 0.651544 4.723089
v -1.321693 0.411827 4.723089
v -1.579676 0.579405 4.465106
v -1.579676 0.651544 4.555288
v -1.321693 0.393561 4.700878
v -1.455592 0.393561 4.465106
v -1.321693 0.243092 4.465106
v -1.305861 0.393561 4.723089
v -1.618945 0.651544 4.465106
v -1.719490 0.909527 4.465106
v -1.599336 0.909527 4.723089
v -1.770344 1.167510 4.465106
v -1.654749 1.167510 4.723089
v -1.777082 1.425493 4.465106
v -1.662205 1.425493 4.723089
v -1.740540 1.683476 4.465106
v -1.621794 1.683476 4.723089
v -1.837659 1.492959 4.207124
v -1.808285 1.683476 4.207124
v -1.837659 1.425493 4.235073
v -1.727124 1.941459 4.207124
v -1.655267 1.941459 4.465106
v -1.592650 2.199442 4.207124
v -1.579676 2.199442 4.262034
v -1.579676 2.218688 4.207124
v -1.619954 2.199442 3.949140
v -1.579676 2.259240 3.949140
v -1.597926 2.199442 3.691157
v -1.579676 2.226517 3.691157
v -1.751834 1.941459 3.949140
v -1.731897 1.941459 3.691157
v -1.830984 1.683476 3.949140
v -1.812665 1.683476 3.691157
v -1.837659 1.648098 3.949140
v -1.837659 1.530185 3.691157
v -1.837659 1.425493 3.635716
v -1.786556 1.425493 3.433174
v -1.749702 1.683476 3.433174
v -1.837659 1.167510 3.672383
v -1.779606 1.167510 3.433174
v -1.837659 1.141722 3.691157
v -1.792911 0.909527 3.691157
v -1.729166 0.909527 3.433174
v -1.696842 0.651544 3.691157
v -1.628795 0.651544 3.433174
v -1.618897 0.909527 3.175191
v -1.579676 0.651544 3.316059
v -1.717168 0.651544 3.949140
v -1.812223 0.909527 3.949140
v -1.692217 0.651544 4.207124
v -1.788287 0.909527 4.207124
v -1.837659 1.023389 3.949140
v -1.837659 1.167510 4.199806
v -1.836616 1.167510 4.207124
v -1.837659 1.180434 4.207124
v -1.860550 1.167510 3.949140
v -1.866941 1.425493 3.949140
v -1.843299 1.425493 4.207124
v -1.841119 1.167510 3.691157
v -1.847870 1.425493 3.691157
v -1.673081 1.167510 3.175191
v -1.679898 1.425493 3.175191
v -1.665348 1.941459 3.433174
v -1.579676 2.199442 3.609764
v -1.392171 2.457426 3.691157
v -1.418350 2.457426 3.949140
v -1.385918 2.457426 4.207124
v -1.321693 0.909527 5.072837
v -1.280541 0.651544 4.981072
v -1.321693 1.167510 5.138544
v -1.198414 1.167510 5.239056
v -1.113657 0.909527 5.239056
v -1.321693 2.199442 4.788913
v -0.570358 2.715409 4.723089
v -0.773571 2.457426 4.981072
v -0.778626 2.199442 5.239056
v -0.699723 2.199442 5.497039
v -0.805727 1.941459 6.212073
v -0.701360 2.199442 5.755022
v -0.657920 2.199442 6.013005
v -0.805727 1.885061 6.270988
v -0.894684 1.683476 6.270988
v -0.805727 1.683476 6.397198
v -0.805727 1.425493 6.442263
v -0.927102 1.425493 6.270988
v -0.805727 1.167510 6.378942
v -0.880499 1.167510 6.270988
v -0.805727 1.008845 6.270988
v -0.805727 0.909527 6.154963
v -0.860539 0.909527 6.013005
v -0.805727 0.837431 6.013005
v -0.805727 0.783767 5.755022
v -0.903975 0.909527 5.755022
v -0.597861 0.651544 6.013005
v -0.658545 0.651544 5.755022
v -0.736576 0.909527 6.270988
v -0.655297 1.167510 6.528971
v -0.718808 1.425493 6.528971
v -0.769897 1.941459 6.270988
v -0.705246 0.651544 5.497039
v -0.554063 0.135577 4.981072
v -1.199674 0.135577 4.465106
v -0.716702 -0.122406 4.465106
v -1.302811 0.135577 4.207124
v -0.678492 -0.380389 3.949140
v -0.805727 -0.638372 3.735379
v -0.805727 -0.797440 3.691157
v -0.622961 -0.638372 3.949140
v -0.776290 -0.896355 3.691157
v -0.805727 -0.896355 3.634965
v -0.608819 -1.154338 3.691157
v -0.736108 -1.154338 3.433174
v -0.754917 -1.154338 3.175191
v -0.676816 -1.154338 2.917208
v -0.774220 -0.380389 2.401241
v -1.639234 1.683476 3.175191
v -1.321693 2.199442 3.033743
v -0.687120 2.715409 3.175191
v -1.063710 2.457426 2.454872
v -0.761672 2.973392 1.627292
v -0.680320 2.973392 1.885275
v -0.761672 2.973392 1.369309
v -0.680320 2.973392 1.111326
v -0.761672 2.715409 0.595360
v -0.375619 2.457426 -0.436573
v -0.388908 2.715409 -0.952539
v -0.344617 2.715409 -2.242455
v -0.547744 1.941459 -3.194689
v -0.752185 1.683476 -3.274387
v -0.547744 1.918792 -3.274387
v -0.725440 1.683476 -3.532370
v -0.547744 1.894090 -3.532370
v -0.805727 1.543444 -3.532370
v -0.805727 1.529287 -3.790352
v -0.719217 1.683476 -3.790353
v -0.857706 1.425493 -3.532370
v -0.850959 1.425493 -3.790353
v -0.923611 1.167510 -3.532370
v -0.916957 1.167510 -3.790353
v -0.933055 0.909527 -3.532370
v -0.927078 0.909527 -3.790353
v -0.889985 0.651544 -3.532370
v -0.884343 0.651544 -3.790353
v -0.805727 0.435796 -3.532370
v -0.805727 0.443986 -3.790353
v -0.850864 0.651544 -4.048337
v -0.805727 0.396396 -3.274387
v -0.804270 0.393561 -3.274387
v -0.784905 0.393561 -3.532370
v -0.613683 0.135577 -3.274387
v -0.598189 0.135577 -3.532370
v -0.597981 0.135577 -3.790353
v -0.781401 0.393561 -3.790353
v -0.738007 0.135577 -3.016404
v -0.805727 0.393561 -3.267395
v -0.895200 0.909527 -4.048337
v -0.883727 1.167510 -4.048337
v -0.815676 1.425493 -4.048337
v -0.547744 1.889234 -3.790353
v -0.490287 1.941459 -3.790353
v -0.494660 1.941459 -3.532370
v -0.440463 1.941459 -4.048337
v -0.521411 1.941459 -3.274387
v -1.078499 0.909527 -3.016404
v -0.289760 -1.154338 -2.340600
v -0.031777 -1.154338 -2.406411
v -0.031777 -1.018694 -2.500438
v -0.289760 -1.412321 -2.311066
v -0.031777 -1.412321 -2.375053
v -0.275604 -1.670304 -2.242455
v -0.031777 -1.670304 -2.305292
v -0.031777 -1.808724 -2.242455
v 0.226206 -1.830249 -2.242455
v 0.226206 -1.670304 -2.316702
v -0.031777 -1.928287 -2.171463
v 0.226206 -1.928287 -2.183655
v -0.031777 -2.149103 -1.984472
v 0.226206 -2.162957 -1.984472
v -0.031777 -2.186271 -1.942958
v 0.226206 -2.186271 -1.958436
v -0.031777 -2.338261 -1.726488
v 0.226206 -2.349955 -1.726488
v -0.031777 -2.444254 -1.474763
v 0.226206 -2.444254 -1.507726
v -0.031777 -2.446404 -1.468505
v 0.226206 -2.457716 -1.468505
v -0.031777 -2.496654 -1.210522
v 0.226206 -2.506201 -1.210522
v -0.031777 -2.493811 -0.952539
v 0.226206 -2.503450 -0.952539
v -0.031777 -2.444254 -0.718644
v 0.029619 -2.444254 -0.694556
v 0.226206 -2.447847 -0.694556
v -0.031777 -2.437384 -0.694556
v -0.031777 -2.320423 -0.436573
v 0.226206 -2.332766 -0.436573
v 0.226206 -2.444254 -0.684792
v -0.031777 -2.186271 -0.245367
v 0.226206 -2.186271 -0.229689
v -0.031777 -2.140378 -0.178590
v 0.226206 -2.149181 -0.178590
v 0.484189 -2.186271 -0.299041
v 0.484189 -2.284451 -0.436573
v 0.707397 -2.186271 -0.436573
v 0.484189 -2.087294 -0.178590
v 0.742172 -1.936376 -0.178590
v 0.742172 -2.166356 -0.436573
v 0.742172 -2.186271 -0.467510
v 1.000155 -1.946596 -0.436573
v 1.000155 -2.112925 -0.694556
v 0.914572 -2.186271 -0.694556
v 0.742172 -2.299871 -0.694556
v 1.000155 -2.186271 -0.947309
v 1.000155 -2.187251 -0.952539
v 0.742172 -2.362629 -0.952539
v 1.000155 -2.191369 -1.210522
v 0.742172 -2.365833 -1.210522
v 1.000155 -2.186271 -1.243207
v 0.929291 -2.186271 -1.468505
v 0.742172 -2.309933 -1.468505
v 1.000155 -2.125413 -1.468505
v 0.742172 -2.185545 -1.726489
v 0.742172 -2.186271 -1.725303
v 1.000155 -1.972149 -1.726488
v 1.000155 -1.928287 -1.776068
v 0.779846 -1.928287 -1.984472
v 0.742172 -1.959895 -1.984472
v 0.742172 -1.928287 -2.010761
v 0.988213 -1.670304 -1.984472
v 0.742172 -1.670304 -2.165162
v 0.742172 -1.413361 -2.242455
v 1.000155 -1.646877 -1.984472
v 1.000155 -1.412321 -2.067118
v 0.742582 -1.412321 -2.242455
v 1.000155 -1.154338 -2.096716
v 0.798148 -1.154338 -2.242455
v 1.000155 -0.896355 -2.121438
v 0.933105 -0.896355 -2.242455
v 1.000155 -0.767234 -2.242455
v 1.000155 -0.789712 -2.500438
v 0.928194 -0.896355 -2.500438
v 1.000155 -0.690846 -2.758421
v 0.873676 -0.896355 -2.758421
v 0.742172 -0.790567 -3.016404
v 0.742172 -0.896355 -2.929910
v 1.000155 -0.638372 -2.801525
v 0.838814 -0.638372 -3.016404
v 0.742172 -0.638372 -3.085457
v 0.874657 -0.380389 -3.016404
v 0.742172 -0.380389 -3.117097
v 0.742172 -0.168656 -3.274387
v 0.908348 -0.122406 -3.016404
v 0.845579 -0.122406 -3.274387
v 1.000155 -0.048065 -3.016404
v 1.000155 -0.033325 -3.274387
v 1.000155 -0.063017 -3.532370
v 0.896911 -0.122406 -3.532370
v 1.000155 -0.082045 -3.790353
v 0.928904 -0.122406 -3.790353
v 0.742172 -0.189811 -3.532370
v 0.742172 -0.205360 -3.790353
v 0.859924 -0.122406 -4.048337
v 0.742172 -0.172140 -4.048337
v 0.742172 -0.122406 -4.202931
v 0.742172 -0.077334 -4.306319
v 1.000155 -0.044706 -4.048337
v 1.000155 0.063442 -4.306319
v 1.000155 0.135577 -4.414112
v 0.811552 0.135577 -4.564303
v 0.742172 0.099244 -4.564303
v 0.742172 0.135578 -4.602878
v 1.000155 0.273925 -4.564303
v 1.000155 0.393561 -4.657710
v 0.742172 0.393561 -4.802734
v 0.742172 0.430758 -4.822286
v 1.000155 0.651544 -4.783778
v 0.935999 0.651544 -4.822286
v 1.000155 0.814662 -4.822286
v 0.742172 0.651544 -4.913078
v 1.000155 0.909527 -4.834565
v 0.742172 0.909527 -4.957885
v 1.000155 1.159339 -4.822285
v 0.998325 1.167510 -4.822286
v 0.742172 1.167510 -4.946344
v 0.864770 1.425493 -4.822286
v 0.742172 1.425493 -4.876502
v 0.742172 1.541737 -4.822286
v 0.484189 1.660132 -4.822287
v 0.484189 1.425493 -4.940355
v 0.742172 1.683476 -4.735189
v 0.484189 1.683476 -4.807578
v 0.484189 1.167510 -5.006801
v 1.018498 0.909527 -4.822286
v 0.484189 0.909527 -5.017087
v 0.484189 0.651544 -4.974988
v 0.484189 0.393561 -4.870773
v 0.686067 0.393561 -4.822286
v 0.484189 0.312366 -4.822286
v 1.249699 0.651544 -4.564303
v 1.258138 0.677905 -4.564303
v 1.258138 0.909527 -4.619290
v 1.258138 0.651544 -4.554291
v 1.258138 0.393561 -4.383063
v 1.108507 0.393561 -4.564302
v 1.089856 0.135577 -4.306319
v 1.258138 0.323198 -4.306319
v 1.258138 0.179436 -4.048337
v 1.218281 0.135577 -4.048337
v 1.258138 0.135577 -3.827332
v 1.260384 0.135577 -3.790353
v 1.443374 0.393561 -3.790353
v 1.408439 0.393561 -4.048337
v 1.258138 0.133157 -3.790353
v 1.258138 0.135577 -3.707080
v 1.258138 0.157668 -3.532370
v 1.424235 0.393561 -3.532370
v 1.258138 0.203467 -3.274387
v 1.387127 0.393561 -3.274387
v 1.258138 0.196107 -3.016404
v 1.388637 0.393561 -3.016404
v 1.493796 0.651544 -3.016404
v 1.494655 0.651544 -3.274387
v 1.516121 0.752076 -3.016404
v 1.516121 0.651544 -2.920288
v 1.605758 0.651544 -2.758421
v 1.646075 0.909527 -2.758421
v 1.538664 0.909527 -3.016404
v 1.516122 0.399389 -2.758421
v 1.516121 0.393561 -2.755286
v 1.700685 0.393561 -2.500438
v 1.774105 0.623657 -2.500438
v 1.774105 0.651544 -2.512264
v 1.774104 0.393561 -2.364469
v 1.774105 0.264536 -2.242455
v 1.569099 0.135577 -2.500438
v 1.707564 0.135577 -2.242455
v 1.516121 0.056490 -2.500438
v 1.516121 -0.122406 -2.267268
v 1.528955 -0.122406 -2.242455
v 1.516121 -0.137462 -2.242455
v 1.516121 -0.251273 -1.984472
v 1.626670 -0.122406 -1.984472
v 1.516121 -0.306846 -1.726488
v 1.674817 -0.122406 -1.726488
v 1.774105 0.024072 -1.726488
v 1.774104 0.098947 -1.984471
v 1.774105 0.019322 -1.468505
v 1.677954 -0.122406 -1.468505
v 1.774105 0.083578 -1.210522
v 1.636145 -0.122406 -1.210522
v 1.516121 -0.273820 -1.210522
v 1.516121 -0.317257 -1.468505
v 1.516121 -0.159397 -0.952539
v 1.546508 -0.122406 -0.952539
v 1.516121 -0.122406 -0.890567
v 1.516121 0.022497 -0.694556
v 1.592536 0.135577 -0.694556
v 1.723222 0.135577 -0.952539
v 1.774105 0.233759 -0.952539
v 1.722238 0.393561 -0.694556
v 1.774105 0.393561 -0.793904
v 1.774105 0.546374 -0.694556
v 1.544229 0.393561 -0.436573
v 1.633243 0.651544 -0.436573
v 1.774105 0.651544 -0.646057
v 1.674336 0.909527 -0.436573
v 1.774104 0.909527 -0.583428
v 1.670844 1.167510 -0.436573
v 1.774105 1.167510 -0.589682
v 1.622973 1.425493 -0.436573
v 1.774105 1.425493 -0.666278
v 1.774105 1.482844 -0.694556
v 1.526192 1.683476 -0.436573
v 1.701956 1.683476 -0.694556
v 1.516121 1.703099 -0.436573
v 1.516121 1.941459 -0.626897
v 1.561781 1.941459 -0.694556
v 1.516121 2.006207 -0.694556
v 1.516122 2.186587 -0.952539
v 1.695001 1.941459 -0.952539
v 1.516121 2.199442 -0.978056
v 1.597752 2.199442 -1.210522
v 1.774105 1.945208 -1.210522
v 1.774105 1.941459 -1.201759
v 1.516121 2.291672 -1.210522
v 1.516121 2.339045 -1.468505
v 1.639977 2.199442 -1.468505
v 1.337288 2.457426 -1.210522
v 1.388668 2.457426 -1.468505
v 1.258138 2.518239 -1.210522
v 1.258138 2.559342 -1.468505
v 1.258138 2.457426 -1.018230
v 1.000155 2.596588 -0.952539
v 1.000155 2.676136 -1.210522
v 1.222109 2.457426 -0.952539
v 1.258138 2.430713 -0.952539
v 1.258138 2.285428 -0.694556
v 1.017831 2.457426 -0.694556
v 1.000155 2.294409 -0.436573
v 1.000155 2.457426 -0.677790
v 1.258138 2.199442 -0.582554
v 1.125416 2.199442 -0.436573
v 1.000155 2.468091 -0.694556
v 0.742172 2.588270 -0.694556
v 0.742172 2.457426 -0.477627
v 0.742172 2.707861 -0.952539
v 0.484189 2.660493 -0.694556
v 0.484189 2.715409 -0.806359
v 0.717984 2.715409 -0.952539
v 0.484189 2.774813 -0.952539
v 0.484189 2.846144 -1.210522
v 0.742172 2.781826 -1.210522
v 0.742172 2.715409 -0.974689
v 0.484189 2.880445 -1.468505
v 0.742172 2.817255 -1.468505
v 0.484189 2.877916 -1.726488
v 0.742172 2.814643 -1.726488
v 0.484189 2.838579 -1.984472
v 0.742172 2.773961 -1.984472
v 0.484189 2.761763 -2.242455
v 0.673869 2.715409 -2.242455
v 0.742172 2.715409 -2.183897
v 0.742172 2.694204 -2.242455
v 0.484189 2.640252 -2.500438
v 0.742172 2.567569 -2.500438
v 0.484189 2.715409 -2.351910
v 0.484189 2.463809 -2.758421
v 0.509723 2.457426 -2.758421
v 0.742172 2.457426 -2.664289
v 0.742172 2.381681 -2.758421
v 0.484189 2.272408 -3.016404
v 0.725144 2.199442 -3.016404
v 0.742172 2.199442 -3.000875
v 0.484189 2.457426 -2.766108
v 0.742172 2.193072 -3.016404
v 0.592104 2.199442 -3.274387
v 0.742172 2.153382 -3.274387
v 0.630693 2.199442 -3.532370
v 0.742172 2.166887 -3.532370
v 0.484189 2.223027 -3.274387
v 0.484189 2.229630 -3.532370
v 0.484189 2.237730 -3.790353
v 0.668748 2.199442 -3.790353
v 0.484189 2.205308 -4.048337
v 0.519969 2.199442 -4.048337
v 0.742172 2.177970 -3.790354
v 0.484189 2.199442 -4.069800
v 0.226206 2.210595 -4.048337
v 0.226206 2.199442 -4.089177
v 0.226206 2.121276 -4.306319
v 0.143233 2.199442 -4.048337
v 0.226206 2.242546 -3.790353
v -0.005756 2.199442 -3.790353
v 0.226206 2.237273 -3.532370
v 0.005540 2.199442 -3.532370
v 0.226206 2.236917 -3.274387
v -0.015571 2.199442 -3.274387
v 0.226206 2.298745 -3.016404
v 0.226206 2.497735 -2.758421
v 0.226206 2.457426 -2.806982
v 0.978004 2.457426 -2.500438
v 0.226206 2.670498 -2.500438
v 0.226206 2.715409 -2.413203
v 0.226206 2.789459 -2.242455
v 0.895951 2.715409 -1.984472
v 0.226206 2.865903 -1.984472
v 0.987780 2.715409 -1.726488
v 1.000155 2.709659 -1.726488
v 1.000155 2.712332 -1.468505
v 0.993535 2.715409 -1.468505
v 0.915130 2.715409 -1.210523
v 0.226206 2.903478 -1.726488
v 0.226206 2.873661 -1.210522
v 0.226206 2.905857 -1.468505
v 0.226206 2.803125 -0.952539
v 0.226206 2.715409 -0.745062
v 0.226206 2.690479 -0.694556
v 0.226206 2.553511 -0.436573
v 0.484189 2.517704 -0.436573
v 0.226206 2.499307 -0.178590
v 0.484189 2.457426 -0.214002
v 0.476559 2.457426 -0.178590
v 0.484189 2.455619 -0.178590
v 0.484189 2.457426 -0.157026
v 0.742172 2.358393 -0.178590
v 0.742172 2.431884 0.079393
v 0.689437 2.457426 0.079393
v 0.484189 2.535381 0.079393
v 0.742172 2.457426 0.118430
v 0.742172 2.639427 0.337376
v 0.550201 2.715409 0.337376
v 0.484189 2.715409 0.313246
v 0.484189 2.735365 0.337377
v 0.484189 2.909364 0.595360
v 0.742172 2.715409 0.431754
v 0.742172 2.825153 0.595360
v 0.742172 2.950816 0.853343
v 0.678880 2.973392 0.853343
v 0.484189 2.973392 0.720767
v 0.484189 3.029123 0.853343
v 0.484189 3.104026 1.111326
v 0.742172 2.973392 0.916635
v 0.742172 3.029123 1.111326
v 0.484189 3.141305 1.369309
v 0.742172 3.067621 1.369309
v 0.484189 3.141305 1.627292
v 0.742172 3.067621 1.627292
v 0.484189 3.104026 1.885275
v 0.742172 3.029123 1.885275
v 0.484189 3.029123 2.143258
v 0.742172 2.973392 2.079966
v 0.678880 2.973392 2.143258
v 0.742172 2.950816 2.143258
v 0.484189 2.909364 2.401241
v 0.484189 2.973392 2.275835
v 0.742172 2.825153 2.401241
v 0.484189 2.748599 2.659225
v 0.742172 2.715409 2.565099
v 0.580441 2.715409 2.659225
v 0.742172 2.645751 2.659225
v 0.484189 2.647347 2.917208
v 0.484189 2.715409 2.718940
v 0.742172 2.510441 2.917208
v 0.484189 2.641260 3.175191
v 0.742172 2.480783 3.175191
v 0.484189 2.698231 3.433174
v 0.742172 2.528296 3.433174
v 0.742172 2.597058 3.691157
v 0.568557 2.715409 3.691157
v 0.484189 2.715409 3.495922
v 0.484189 2.762603 3.691157
v 0.484189 2.782806 3.949140
v 0.604291 2.715409 3.949140
v 0.484189 2.757853 4.207124
v 0.560004 2.715409 4.207124
v 0.742172 2.591360 4.207124
v 0.742172 2.620841 3.949140
v 0.484189 2.683221 4.465106
v 0.484189 2.715409 4.371045
v 0.742172 2.506411 4.465106
v 0.484189 2.550372 4.723089
v 0.742172 2.457426 4.561152
v 0.619135 2.457426 4.723089
v 0.742172 2.350861 4.723089
v 0.797091 2.457426 4.465106
v 1.000155 2.226073 4.465106
v 1.000155 2.199442 4.506790
v 0.876593 2.199442 4.723089
v 1.000155 2.008412 4.723089
v 0.742172 2.082146 4.981072
v 0.742172 2.199442 4.886616
v 1.000155 1.941459 4.775756
v 0.834732 1.941459 4.981072
v 1.000155 1.683476 4.911226
v 0.942458 1.683476 4.981072
v 1.000155 1.425493 4.967587
v 0.989136 1.425493 4.981072
v 1.000155 1.167510 4.957784
v 0.980962 1.167510 4.981073
v 1.000155 0.909527 4.879626
v 0.916704 0.909527 4.981072
v 1.000155 0.663567 4.723089
v 0.993903 0.651544 4.723089
v 0.786097 0.651544 4.981073
v 1.000155 0.651544 4.712766
v 1.000155 0.445879 4.465106
v 0.961654 0.393561 4.465106
v 0.811262 0.393561 4.723089
v 0.742172 0.321216 4.723089
v 0.742172 0.165293 4.465106
v 1.000155 0.393561 4.363982
v 1.000155 0.336540 4.207124
v 0.808082 0.135578 4.207124
v 0.742172 0.135577 4.391804
v 0.742172 0.080384 4.207124
v 0.842800 0.135577 3.949140
v 0.742172 0.051136 3.949140
v 0.814793 0.135577 3.691157
v 0.742172 0.065239 3.691157
v 0.759263 0.135577 3.433174
v 0.742172 0.104286 3.433174
v 1.000155 0.329768 3.691157
v 1.000155 0.393561 3.457701
v 0.995574 0.393561 3.433174
v 1.000155 0.399592 3.433174
v 1.000155 0.418886 3.175191
v 0.979699 0.393561 3.175191
v 1.000155 0.393561 3.060130
v 0.742172 0.145647 3.175191
v 1.000155 0.327128 2.917208
v 0.778663 0.135577 2.917208
v 0.742172 0.135577 3.036249
v 0.742172 0.097869 2.917208
v 1.000155 0.135577 2.684966
v 1.000155 0.111048 2.659225
v 0.742172 -0.059883 2.659225
v 1.000155 -0.111664 2.401241
v 0.988413 -0.122406 2.401241
v 0.742172 -0.122406 2.593523
v 0.742172 -0.380389 2.451723
v 0.809636 -0.380389 2.401241
v 0.742172 -0.638372 2.425205
v 0.771932 -0.638372 2.401241
v 0.742172 -0.896355 2.435204
v 0.791357 -0.896355 2.401241
v 0.742172 -1.154338 2.429268
v 0.784920 -1.154338 2.401241
v 0.742172 -1.304359 2.401241
v 1.000155 -1.154338 2.227575
v 1.000155 -1.412321 2.157064
v 0.742172 -1.412321 2.371000
v 0.742172 -1.670304 2.247977
v 1.000155 -1.442379 2.143258
v 0.869393 -1.670304 2.143258
v 0.742172 -1.812954 2.143258
v 0.484189 -1.928287 2.206598
v 0.484189 -1.670304 2.391329
v 0.596292 -1.928287 2.143258
v 0.484189 -1.993569 2.143258
v 0.742172 -1.928287 2.032207
v 0.742172 -2.043466 1.885275
v 0.490375 -2.186271 1.885275
v 0.484189 -2.186271 1.889867
v 0.484189 -2.189111 1.885275
v 0.723978 -2.186271 1.627292
v 0.484189 -2.306294 1.627292
v 0.742172 -2.186271 1.593578
v 0.742172 -2.240221 1.369309
v 0.484189 -2.365361 1.369309
v 0.742172 -2.175115 1.627292
v 1.000155 -1.959302 1.627292
v 1.000155 -2.038170 1.369309
v 0.823271 -2.186271 1.369309
v 1.000155 -2.048799 1.111326
v 0.836684 -2.186271 1.111326
v 0.742172 -2.248903 1.111326
v 0.768517 -2.186271 0.853343
v 0.742172 -2.203947 0.853343
v 0.742172 -2.186271 0.799826
v 0.742172 -2.096740 0.595360
v 1.000155 -1.993681 0.853343
v 1.000155 -1.928287 0.705289
v 0.939215 -1.928287 0.595360
v 1.000155 -1.860460 0.595360
v 0.742172 -1.908387 0.337376
v 0.742172 -1.928287 0.360258
v 1.000155 -1.670304 0.391474
v 0.956823 -1.670304 0.337376
v 1.000155 -1.599993 0.337376
v 1.000155 -1.412321 0.190523
v 0.975519 -1.412321 0.079393
v 0.842039 -1.670304 0.079393
v 1.000155 -1.321445 0.079394
v 1.000155 -1.412321 -0.051464
v 1.025720 -1.154338 0.079393
v 1.100191 -1.154338 -0.178590
v 1.072238 -1.412321 -0.178590
v 1.006665 -0.896355 0.079393
v 1.058827 -0.896355 -0.178590
v 1.149686 -1.154338 0.337376
v 1.152423 -0.896355 0.337377
v 1.000155 -0.869882 0.079393
v 1.098441 -0.638372 0.337377
v 1.000155 -0.638372 0.217862
v 1.020922 -0.380389 0.337376
v 1.000155 -0.380389 0.313942
v 1.000155 -0.279146 0.337377
v 1.203321 -0.380389 0.595360
v 1.192275 -0.122406 0.595360
v 1.000155 -0.122406 0.343567
v 1.000155 -0.090820 0.337377
v 1.258138 0.079197 0.595360
v 1.258138 0.135577 0.547153
v 1.102842 0.135578 0.337377
v 1.258138 0.317869 0.337377
v 1.258138 0.393561 0.198508
v 1.243691 0.393561 0.079393
v 1.014464 0.135577 0.079393
v 1.258138 0.415434 0.079393
v 1.258138 0.393561 -0.011664
v 1.383725 0.651544 0.079393
v 1.449489 0.651544 -0.178590
v 1.334893 0.393561 -0.178590
v 1.462386 0.909527 0.079393
v 1.508379 0.909527 -0.178590
v 1.516121 0.992805 -0.178590
v 1.490143 1.167510 0.079393
v 1.516121 1.167510 -0.172705
v 1.516121 1.192001 -0.178590
v 1.469876 1.425493 0.079393
v 1.481191 1.425493 -0.178590
v 1.399936 1.683476 0.079393
v 1.391633 1.683476 -0.178590
v 1.258138 1.914992 -0.178590
v 1.271784 1.941459 0.079393
v 1.258138 1.941459 0.042822
v 1.258138 1.962128 0.079393
v 1.442149 1.941459 0.337376
v 1.283000 2.199442 0.337377
v 1.258138 2.199442 0.310841
v 1.258138 2.230695 0.337376
v 1.489054 2.199442 0.595360
v 1.282149 2.457426 0.595360
v 1.258138 2.457426 0.565052
v 1.258138 2.481437 0.595360
v 1.258138 2.639400 0.853343
v 1.440113 2.457426 0.853343
v 1.516121 2.457426 1.045314
v 1.516121 2.481437 1.111326
v 1.282149 2.715409 1.111326
v 1.258138 2.715409 1.045314
v 1.258138 2.735365 1.111326
v 1.258138 2.780410 1.369309
v 1.337017 2.715409 1.369309
v 1.258138 2.780410 1.627292
v 1.337017 2.715409 1.627292
v 1.516121 2.536304 1.627292
v 1.516121 2.536304 1.369309
v 1.516121 2.481437 1.885275
v 1.282149 2.715409 1.885275
v 1.258138 2.639400 2.143258
v 1.258138 2.715409 1.951287
v 1.516121 2.457426 1.951287
v 1.440113 2.457426 2.143258
v 1.258138 2.735365 1.885275
v 1.000155 2.825153 2.143258
v 1.000155 2.909364 1.885275
v 1.163761 2.715409 2.143258
v 1.000155 2.950816 1.627292
v 0.874748 2.973392 1.885275
v 0.956100 2.973392 1.627292
v 0.956100 2.973392 1.369309
v 1.000155 2.950816 1.369309
v 0.874748 2.973392 1.111326
v 1.000155 2.909364 1.111326
v 1.000155 2.825153 0.853343
v 1.000155 2.715409 2.357187
v 1.000155 2.688342 2.401241
v 1.258138 2.481437 2.401241
v 1.000155 2.484043 2.659225
v 1.258138 2.457426 2.431549
v 1.033322 2.457426 2.659225
v 1.258138 2.230268 2.659225
v 1.000155 2.294324 2.917208
v 1.000155 2.457426 2.689342
v 1.258138 2.199442 2.684762
v 1.083327 2.199442 2.917208
v 1.258138 1.941459 2.899268
v 1.248657 1.941459 2.917208
v 1.258138 1.920884 2.917208
v 1.258138 1.731615 3.175191
v 1.178427 1.941459 3.175191
v 1.258138 1.754288 3.433174
v 1.190650 1.941459 3.433174
v 1.047495 2.199442 3.433174
v 1.021420 2.199442 3.175191
v 1.000155 2.263633 3.433174
v 1.000155 2.226280 3.175191
v 1.000155 2.342372 3.691157
v 1.103641 2.199442 3.691157
v 1.000155 2.371680 3.949140
v 1.124950 2.199442 3.949140
v 1.256625 1.941459 3.949140
v 1.237475 1.941459 3.691157
v 1.258138 1.937371 3.949140
v 1.258138 1.885549 3.691157
v 1.258138 1.872802 4.207124
v 1.232853 1.941459 4.207124
v 1.258138 1.683476 4.426313
v 1.245750 1.683476 4.465106
v 1.161258 1.941459 4.465106
v 1.019207 2.199442 4.465106
v 1.098542 2.199442 4.207124
v 1.000155 2.335355 4.207124
v 1.258138 1.621672 4.465106
v 1.258138 1.425493 4.530692
v 1.167938 1.425493 4.723089
v 1.126733 1.683476 4.723089
v 1.258138 1.167510 4.513052
v 1.160760 1.167510 4.723089
v 1.258138 1.050961 4.465106
v 1.225525 0.909527 4.465106
v 1.105000 0.909527 4.723089
v 1.258138 0.909527 4.359455
v 1.258138 0.799365 4.207124
v 1.197310 0.651544 4.207124
v 1.123972 0.651544 4.465106
v 1.258138 0.734700 3.949140
v 1.223298 0.651544 3.949140
v 1.044322 0.393561 4.207124
v 1.072152 0.393561 3.949140
v 1.000155 0.300136 3.949140
v 1.049583 0.393561 3.691157
v 1.202432 0.651544 3.691157
v 1.258138 0.786063 3.691157
v 1.258138 0.906732 3.433174
v 1.159217 0.651544 3.433174
v 1.258138 0.909527 3.423435
v 1.258049 0.909527 3.175191
v 1.153476 0.651544 3.175191
v 1.258138 0.909863 3.175191
v 1.258138 0.909527 3.174621
v 1.310789 1.167510 3.175191
v 1.392210 1.167510 2.917208
v 1.341991 0.909527 2.917208
v 1.314965 1.425493 3.175191
v 1.394381 1.425493 2.917208
v 1.272539 1.683476 3.175191
v 1.348685 1.683476 2.917208
v 1.516121 1.425493 2.739900
v 1.516121 1.683476 2.683358
v 1.315967 1.425493 3.433174
v 1.277881 1.683476 3.433174
v 1.354166 1.425493 3.691157
v 1.317624 1.683476 3.691157
v 1.347761 1.167510 3.691157
v 1.310468 1.167510 3.433174
v 1.298766 0.909527 3.691157
v 1.259046 0.909527 3.433174
v 1.317120 0.909527 3.949140
v 1.366104 1.167510 3.949140
v 1.294170 0.909527 4.207124
v 1.343131 1.167510 4.207124
v 1.349644 1.425493 4.207124
v 1.372213 1.425493 3.949140
v 1.313339 1.683476 4.207124
v 1.336957 1.683476 3.949140
v 1.276642 1.167510 4.465106
v 1.283456 1.425493 4.465106
v 1.516121 1.167510 2.739618
v 1.581123 1.425493 2.659225
v 1.581123 1.167510 2.659225
v 1.516121 0.909527 2.683277
v 1.536078 0.909527 2.659225
v 1.516121 0.843514 2.659225
v 1.710077 0.909527 2.401241
v 1.625866 0.651544 2.401241
v 1.516121 0.651544 2.564847
v 1.516121 0.437615 2.401241
v 1.751529 0.651544 2.143258
v 1.625866 0.393561 2.143258
v 1.516121 0.393561 2.357187
v 1.516121 0.229955 2.143258
v 1.710077 0.393561 1.885275
v 1.536078 0.135577 1.885275
v 1.516121 0.135577 1.951287
v 1.516121 0.111566 1.885275
v 1.581123 0.135577 1.627292
v 1.516121 0.055133 1.627292
v 1.581128 0.135577 1.369309
v 1.516121 0.050626 1.369309
v 1.751529 0.393561 1.627292
v 1.751529 0.393561 1.369309
v 1.774105 0.437615 1.627292
v 1.774105 0.437615 1.369309
v 1.774105 0.518968 1.111326
v 1.710077 0.393561 1.111326
v 1.774105 0.651544 0.916635
v 1.751529 0.651544 0.853343
v 1.625866 0.393561 0.853343
v 1.774105 0.714836 0.853343
v 1.774105 0.909527 0.720767
v 1.710077 0.909527 0.595360
v 1.625866 0.651544 0.595360
v 1.774105 1.167510 0.639414
v 1.751529 1.167510 0.595360
v 1.774105 1.425493 0.639414
v 1.751529 1.425493 0.595360
v 1.774105 1.683476 0.720767
v 1.710077 1.683476 0.595360
v 1.774105 1.878167 0.853343
v 1.751529 1.941459 0.853343
v 1.625866 1.941459 0.595360
v 1.516121 2.155388 0.595360
v 1.625866 2.199442 0.853343
v 1.516121 2.199442 0.639414
v 1.516121 2.363048 0.853343
v 1.710077 2.199442 1.111326
v 1.536078 2.457426 1.111326
v 1.751529 2.199442 1.369309
v 1.581123 2.457426 1.369309
v 1.774105 2.155388 1.369309
v 1.774105 2.074035 1.111326
v 1.774105 2.155388 1.627292
v 1.751529 2.199442 1.627292
v 1.774105 2.074035 1.885275
v 1.710077 2.199442 1.885275
v 1.536078 2.457426 1.885275
v 1.581123 2.457426 1.627292
v 1.516121 2.363048 2.143258
v 1.625866 2.199442 2.143258
v 1.516121 2.199442 2.357187
v 1.516121 2.155388 2.401241
v 1.751529 1.941459 2.143258
v 1.625866 1.941459 2.401241
v 1.774105 1.878167 2.143258
v 1.774105 1.683476 2.275835
v 1.710077 1.683476 2.401241
v 1.774105 1.425493 2.357187
v 1.751529 1.425493 2.401242
v 1.774105 1.167510 2.357187
v 1.751529 1.167510 2.401242
v 1.774105 0.909527 2.275835
v 1.868334 1.167510 2.143258
v 1.829836 0.909527 2.143258
v 1.774105 0.714836 2.143258
v 1.904739 0.909527 1.885275
v 1.829836 0.651544 1.885275
v 1.774105 0.651544 2.079966
v 1.774105 0.518968 1.885275
v 1.868334 0.651544 1.627292
v 1.942018 0.909527 1.627292
v 1.942018 1.167510 1.885275
v 1.977361 1.167510 1.627292
v 1.942018 1.425493 1.885275
v 1.977361 1.425493 1.627292
v 1.977361 1.425493 1.369309
v 1.977361 1.167510 1.369309
v 1.942018 1.683476 1.627292
v 1.942018 1.683476 1.369309
v 1.868334 1.941459 1.627292
v 1.868334 1.941459 1.369309
v 1.829836 1.941459 1.111326
v 1.904739 1.683476 1.111326
v 1.829836 1.683476 0.853343
v 1.774105 1.941459 0.916635
v 1.942018 1.425493 1.111326
v 1.868334 1.425493 0.853343
v 1.942018 1.167510 1.111326
v 1.868334 1.167510 0.853343
v 1.904739 1.683476 1.885275
v 1.829836 1.941459 1.885275
v 1.774105 1.941459 2.079966
v 1.829836 1.683476 2.143258
v 1.868334 1.425493 2.143258
v 1.942018 0.909527 1.369309
v 1.904739 0.909527 1.111326
v 1.868334 0.651544 1.369309
v 1.829836 0.651544 1.111326
v 1.536080 1.683476 2.659225
v 1.516121 1.749489 2.659225
v 1.516121 1.941459 2.564847
v 1.440189 1.941459 2.659225
v 1.282574 2.199442 2.659225
v 1.489054 2.199442 2.401241
v 1.282149 2.457426 2.401241
v 1.516121 1.941459 0.431747
v 1.516121 1.759458 0.337376
v 1.540240 1.683476 0.337377
v 1.516121 1.683476 0.302613
v 1.516121 1.425493 0.210564
v 1.588235 1.425493 0.337376
v 1.516121 1.167510 0.179215
v 1.592242 1.167510 0.337377
v 1.516121 0.909527 0.268238
v 1.552207 0.909527 0.337376
v 1.516121 0.788209 0.337376
v 1.829836 0.909527 0.853343
v 1.516121 0.651544 0.425021
v 1.516121 0.437615 0.595360
v 1.463334 0.651544 0.337377
v 1.315731 0.393561 0.337376
v 1.489054 0.393561 0.595360
v 1.516121 0.393561 0.639414
v 1.516121 0.229955 0.853343
v 1.294477 0.135577 0.595360
v 1.443666 0.135577 0.853343
v 1.258138 -0.122406 0.710129
v 1.322515 -0.122406 0.853343
v 1.258138 -0.380389 0.707196
v 1.313903 -0.380389 0.853343
v 1.258138 -0.638133 0.595360
v 1.258198 -0.638372 0.595360
v 1.354798 -0.638372 0.853343
v 1.393821 -0.896355 0.853343
v 1.304586 -0.896355 0.595360
v 1.391227 -1.154338 0.853343
v 1.302061 -1.154338 0.595360
v 1.258138 -1.373339 0.595360
v 1.258138 -1.412321 0.620197
v 1.341067 -1.412321 0.853343
v 1.258138 -1.624389 0.853343
v 1.258138 -1.670304 0.954140
v 1.279607 -1.670304 1.111326
v 1.380887 -1.412321 1.111326
v 1.258138 -1.709075 1.111326
v 1.258138 -1.692795 1.369309
v 1.270599 -1.670304 1.369309
v 1.258138 -1.670304 1.440739
v 1.258138 -1.566593 1.627292
v 1.315434 -1.412321 1.627292
v 1.373199 -1.412321 1.369309
v 1.367740 -1.154338 1.627292
v 1.423319 -1.154338 1.369309
v 1.370225 -0.896355 1.627292
v 1.425678 -0.896355 1.369309
v 1.342993 -0.638372 1.627292
v 1.393759 -0.638372 1.369309
v 1.336202 -0.380389 1.627292
v 1.376834 -0.380389 1.369309
v 1.400046 -0.122406 1.627292
v 1.421838 -0.122406 1.369309
v 1.396338 -0.122406 1.111326
v 1.369973 -0.380389 1.111326
v 1.516121 0.108607 1.111326
v 1.258138 -0.297158 1.885275
v 1.329531 -0.122406 1.885275
v 1.258138 -0.380389 1.849310
v 1.258138 -0.122406 2.043807
v 1.242344 -0.380389 1.885275
v 1.080801 -0.380389 2.143258
v 1.200853 -0.122406 2.143258
v 1.258138 -0.054350 2.143258
v 1.258138 0.111566 2.401241
v 1.000155 -0.122406 2.390125
v 1.282149 0.135578 2.401241
v 1.440113 0.135578 2.143258
v 1.258138 0.135577 2.431549
v 1.000155 -0.380389 2.235988
v 1.000155 -0.638372 2.211075
v 1.062026 -0.638372 2.143258
v 1.258138 -0.638372 1.843105
v 1.237758 -0.638372 1.885275
v 1.258138 -0.867692 1.885275
v 1.258138 -0.896355 1.890026
v 1.083628 -0.896355 2.143258
v 1.258138 -1.149208 1.885275
v 1.257717 -1.154338 1.885275
v 1.079466 -1.154338 2.143258
v 1.013162 -1.412321 2.143258
v 1.201732 -1.412321 1.885275
v 1.083589 -1.670304 1.885275
v 1.000155 -1.670304 2.002117
v 1.000155 -1.791617 1.885275
v 1.208414 -1.670304 1.627292
v 1.028529 -1.928287 1.627292
v 1.000155 -1.928287 1.688749
v 0.878357 -1.928287 1.885275
v 1.258138 -1.412321 1.773628
v 1.258138 -1.154338 1.884448
v 1.000155 -0.896355 2.232160
v 1.260879 -0.896355 1.885275
v 1.397709 -0.638372 1.111326
v 1.433268 -0.896355 1.111326
v 1.430977 -1.154338 1.111326
v 1.100956 -1.928287 1.369309
v 1.110861 -1.928287 1.111326
v 1.235900 -1.670304 0.853343
v 1.059909 -1.928287 0.853343
v 1.247234 -1.412321 0.595360
v 1.133214 -1.670304 0.595360
v 1.258138 -1.154338 0.509255
v 1.088335 -1.412321 0.337376
v 1.258138 -0.896355 0.504314
v 1.258138 -0.638372 0.595245
v 1.516121 0.135577 1.042414
v 1.536882 0.135577 1.111326
v 1.489054 0.393561 2.401241
v 1.440127 0.651544 2.659225
v 1.258138 0.696164 2.917208
v 1.258138 0.651544 2.881135
v 1.258138 0.393561 2.683589
v 1.282190 0.393561 2.659225
v 1.258138 0.363209 2.659225
v 1.060539 0.393561 2.917208
v 1.031021 0.135577 2.659225
v 1.236491 0.651544 2.917208
v 1.034763 1.941459 4.723089
v 0.892036 2.457426 4.207124
v 0.923692 2.457426 3.949140
v 0.898149 2.457426 3.691157
v 0.824088 2.457426 3.433174
v 0.771226 2.457426 3.175191
v 0.816793 2.457426 2.917208
v 0.956101 2.715409 2.401241
v 1.163761 2.715409 0.853343
v 1.000155 2.715409 0.639414
v 1.000155 2.688342 0.595360
v 0.956101 2.715409 0.595360
v 1.000155 2.481583 0.337377
v 1.030640 2.457426 0.337376
v 1.000155 2.457426 0.312547
v 1.000155 2.256129 0.079393
v 1.062091 2.199442 0.079393
v 1.000155 2.199442 -0.051650
v 1.000155 2.191271 -0.178590
v 1.239275 1.941459 -0.178590
v 1.000155 2.199442 -0.222029
v 1.258138 2.074143 -0.436573
v 1.258138 1.941459 -0.244856
v 0.989884 2.199442 -0.178590
v 0.742172 2.434918 -0.436573
v 1.369942 1.941459 -0.436573
v 1.516121 1.683476 -0.422278
v 1.516121 1.425493 -0.264405
v 1.518063 1.167510 -0.178590
v 1.516121 0.651544 -0.283617
v 1.516121 0.909527 -0.194411
v 1.258138 0.274708 -0.178590
v 1.516121 0.393561 -0.403476
v 1.516121 0.335769 -0.436573
v 1.395652 0.135577 -0.436573
v 1.258138 0.135577 -0.298699
v 1.258138 -0.031333 -0.436573
v 1.516121 0.135577 -0.582123
v 1.400403 -0.122406 -0.694556
v 1.258138 -0.122406 -0.514413
v 1.258138 -0.380389 -0.633434
v 1.293855 -0.380389 -0.694556
v 1.258138 -0.638372 -0.589336
v 1.308542 -0.638372 -0.694556
v 1.258138 -0.896355 -0.475136
v 1.358672 -0.896355 -0.694556
v 1.258138 -1.002749 -0.436573
v 1.391619 -1.154338 -0.694556
v 1.276644 -1.154338 -0.436573
v 1.258138 -1.410651 -0.436573
v 1.375852 -1.412321 -0.694556
v 1.258138 -1.412321 -0.437018
v 1.258138 -1.670304 -0.585035
v 1.303414 -1.670304 -0.694556
v 1.258138 -1.767899 -0.694556
v 1.363101 -1.670304 -0.952539
v 1.258138 -1.881955 -0.952539
v 1.366194 -1.670304 -1.210522
v 1.258138 -1.887648 -1.210522
v 1.432380 -1.412321 -0.952539
v 1.435264 -1.412321 -1.210522
v 1.447045 -1.154338 -0.952539
v 1.449848 -1.154338 -1.210522
v 1.420168 -0.896355 -0.952539
v 1.429821 -0.896355 -1.210522
v 1.386617 -0.638372 -0.952539
v 1.414766 -0.638372 -1.210522
v 1.401210 -0.380389 -0.952539
v 1.458125 -0.380389 -1.210522
v 1.474170 -0.380389 -1.468505
v 1.392387 -0.638372 -1.468505
v 1.388480 -0.896355 -1.468505
v 1.320601 -0.638372 -1.726488
v 1.294578 -0.896355 -1.726488
v 1.402153 -1.154338 -1.468505
v 1.296277 -1.154338 -1.726488
v 1.384668 -1.412321 -1.468505
v 1.275977 -1.412321 -1.726488
v 1.258138 -1.488758 -1.726488
v 1.258138 -1.670304 -1.607978
v 1.312989 -1.670304 -1.468505
v 1.258138 -1.788125 -1.468505
v 1.195597 -1.670304 -1.726488
v 1.038007 -1.928287 -1.726488
v 1.173291 -1.928287 -1.468505
v 1.000155 -1.670304 -1.973070
v 1.258138 -1.412321 -1.755991
v 1.085979 -1.412321 -1.984472
v 1.258138 -1.154338 -1.790687
v 1.114015 -1.154338 -1.984472
v 1.258138 -0.896355 -1.793744
v 1.128241 -0.896355 -1.984472
v 1.258138 -0.638372 -1.866044
v 1.189674 -0.638372 -1.984472
v 1.258138 -0.516944 -1.984472
v 1.258138 -0.384697 -2.242455
v 1.059338 -0.638372 -2.242455
v 1.258138 -0.380389 -2.251023
v 1.148718 -0.380389 -2.500438
v 1.071235 -0.638372 -2.500438
v 1.258138 -0.230247 -2.500438
v 1.258138 -0.122406 -2.630210
v 1.121464 -0.122406 -2.758420
v 1.062258 -0.380389 -2.758421
v 1.258138 0.010691 -2.758421
v 1.369766 -0.122406 -2.500438
v 1.516121 0.135578 -2.576180
v 1.361641 0.135578 -2.758421
v 1.513630 0.393561 -2.758421
v 1.258138 0.135577 -2.888932
v 1.000155 -0.380389 -2.869947
v 1.000155 -0.122406 -2.887375
v 1.021834 -0.638372 -2.758421
v 1.263528 -0.380389 -2.242455
v 1.383575 -0.380389 -1.984472
v 1.449110 -0.380389 -1.726488
v 1.232988 -1.928287 -1.210522
v 1.229470 -1.928287 -0.952539
v 1.001264 -2.186271 -0.952539
v 1.005928 -2.186271 -1.210522
v 1.162087 -1.928287 -0.694556
v 1.015959 -1.928287 -0.436573
v 1.177640 -1.670304 -0.436573
v 1.000155 -1.928287 -0.416722
v 1.000155 -1.670304 -0.213773
v 1.000155 -1.610993 -0.178590
v 1.257888 -1.412321 -0.436573
v 0.969405 -1.670304 -0.178590
v 0.751788 -1.928287 -0.178590
v 0.742172 -1.786500 0.079393
v 0.742172 -1.928287 -0.169598
v 0.559666 -1.928287 0.079393
v 0.717451 -1.928287 0.337376
v 0.484189 -2.072886 0.337376
v 0.484189 -1.969785 0.079393
v 0.484189 -2.186271 0.503856
v 0.591784 -2.186270 0.595360
v 0.484189 -2.236310 0.595360
v 0.226206 -2.310874 0.595360
v 0.226206 -2.186271 0.378312
v 0.226206 -2.402432 0.853343
v 0.484189 -2.332403 0.853343
v 0.226206 -2.440856 1.111326
v 0.484189 -2.373246 1.111326
v 0.226206 -2.433433 1.369309
v 0.201003 -2.444254 1.111326
v 0.139157 -2.444254 1.369309
v -0.031777 -2.452892 1.369309
v -0.031777 -2.461057 1.111326
v -0.031777 -2.444254 1.425805
v -0.163931 -2.444254 1.369309
v -0.225466 -2.444254 1.111326
v -0.031777 -2.444254 0.968382
v -0.031777 -2.398237 1.627292
v 0.226206 -2.377085 1.627292
v -0.031777 -2.289803 1.885275
v 0.226206 -2.267500 1.885275
v -0.031777 -2.186271 2.048807
v 0.226206 -2.186271 2.014966
v -0.031777 -2.111683 2.143258
v 0.226206 -2.086278 2.143258
v -0.031777 -2.422414 0.853343
v -0.031777 -2.332862 0.595360
v -0.031777 -2.186271 0.344896
v -0.031777 -2.181060 0.337376
v 0.226206 -2.158208 0.337377
v 0.226206 -2.051698 0.079393
v -0.031777 -2.060876 0.079393
v 1.258138 -1.154338 -0.407210
v 1.236205 -0.896355 -0.436573
v 1.165074 -0.638372 -0.436573
v 1.000155 -0.727511 -0.178590
v 1.000155 -0.638372 -0.230224
v 1.000155 -0.380389 -0.316501
v 1.116909 -0.380389 -0.436573
v 0.964670 -0.638372 -0.178590
v 0.862010 -0.380389 -0.178590
v 0.879665 -0.122406 -0.178590
v 1.000155 -0.122406 -0.277226
v 1.000155 0.002023 -0.178590
v 1.000155 0.121716 0.079393
v 0.808312 -0.122406 0.079393
v 0.994885 -0.122406 0.337376
v 1.144024 0.135577 -0.178590
v 0.808480 -0.380389 0.079393
v 0.919828 -0.638372 0.079393
v 1.183764 -0.122406 -0.436573
v 0.226206 -1.928287 2.296942
v 0.226206 -1.785130 2.401241
v 0.457819 -1.670304 2.401241
v 0.484189 -1.651016 2.401242
v 0.226206 -1.670304 2.467686
v 0.226206 -1.412321 2.599325
v 0.484189 -1.412322 2.501290
v 0.226206 -1.377800 2.659225
v 0.484189 -1.186673 2.659225
v 0.226206 -1.403256 2.917208
v 0.484189 -1.254135 2.917208
v 0.226206 -1.412321 2.952845
v 0.339166 -1.412321 3.175191
v 0.484189 -1.325489 3.175191
v 0.226206 -1.459355 3.175191
v 0.226206 -1.444632 3.433174
v 0.304992 -1.412321 3.433174
v 0.226206 -1.412321 3.539438
v 0.226206 -1.341761 3.691157
v 0.484189 -1.181761 3.691157
v 0.484189 -1.307522 3.433174
v 0.226206 -1.154338 3.910588
v 0.484189 -1.154338 3.724190
v 0.512056 -1.154338 3.691157
v 0.639644 -1.154338 3.433174
v 0.742172 -0.987231 3.433174
v 0.677455 -0.896355 3.691157
v 0.742172 -0.896355 3.558105
v 0.731820 -0.638372 3.691157
v 0.742172 -0.638372 3.670394
v 0.710883 -0.380389 3.691157
v 0.742172 -0.380389 3.620428
v 0.742172 -0.153009 3.433174
v 0.679172 -0.122406 3.691157
v 0.735258 -0.122406 3.433174
v 0.737893 -0.122406 3.175191
v 0.742172 -0.137760 3.175191
v 0.742172 0.135577 3.296705
v 0.736095 0.135577 3.175191
v 0.706405 -0.122406 2.917208
v 0.742172 -0.295346 2.917208
v 0.698246 -0.122406 2.659225
v 0.674680 -0.380389 2.659225
v 0.742172 -0.380389 2.866155
v 0.742172 -0.638372 2.826791
v 0.678804 -0.638372 2.659225
v 0.780657 -0.638372 2.917208
v 0.760955 -0.380389 2.917208
v 0.742172 -0.857198 2.917208
v 0.742172 -0.896355 2.950725
v 0.795613 -0.896355 3.175191
v 0.843097 -0.638372 3.175191
v 0.742172 -1.019677 3.175191
v 0.781160 -0.896355 3.433174
v 0.730626 -0.896355 2.917208
v 0.583057 -1.154338 2.917208
v 0.657707 -1.154338 3.175191
v 0.640724 -0.896355 2.659225
v 0.510599 -1.154338 2.659225
v 0.828530 -0.638372 3.433174
v 0.799564 -0.380389 3.433174
v 0.812526 -0.380389 3.175191
v 0.516927 -0.380389 3.949140
v 0.562797 -0.122406 3.949140
v 0.484189 -0.380389 3.979836
v 0.484189 -0.122406 4.081558
v 0.484189 -0.638372 3.974859
v 0.515846 -0.638372 3.949140
v 0.484189 -0.790888 3.949140
v 0.226206 -0.896355 4.057743
v 0.226206 -0.638372 4.111941
v 0.437165 -0.896355 3.949140
v 0.226206 -1.102911 3.949140
v -0.031777 -1.154338 3.965742
v -0.031777 -0.896355 4.103794
v 0.099361 -1.154338 3.949140
v -0.031777 -1.174710 3.949140
v -0.194018 -1.154338 3.949140
v 0.484189 -0.896355 3.914656
v -0.031777 -0.638372 4.158249
v 0.226206 -0.380389 4.139750
v 0.226206 -0.229046 4.207124
v 0.411070 -0.122406 4.207124
v 0.484189 -0.086144 4.207124
v 0.226206 -0.121412 4.465106
v 0.484189 -0.011181 4.465106
v 0.226206 -0.122406 4.462105
v 0.226206 -0.000047 4.723089
v 0.484189 0.121711 4.723089
v 0.226206 0.135577 4.917115
v 0.484189 0.135577 4.743459
v 0.226206 0.190543 4.981072
v 0.484189 0.335606 4.981072
v 0.226206 0.393561 5.171191
v 0.484189 0.393561 5.033789
v 0.226206 0.447860 5.239056
v 0.484189 0.605736 5.239056
v 0.226206 0.508828 5.497039
v 0.484189 0.648969 5.497039
v 0.226206 0.512104 5.755022
v 0.484189 0.641375 5.755022
v 0.226206 0.541040 6.013005
v 0.451695 0.651544 6.013005
v 0.484189 0.651544 5.901340
v 0.484189 0.673081 6.013005
v 0.484189 0.799739 6.270988
v 0.236284 0.651544 6.270988
v 0.226206 0.874744 6.528971
v 0.283827 0.909527 6.528971
v 0.484189 0.909527 6.391680
v 0.226206 0.651544 6.277748
v 0.484189 1.122402 6.528971
v 0.226206 0.909527 6.555620
v 0.226206 1.167510 6.683950
v 0.484189 1.167510 6.548654
v 0.226206 1.425493 6.725358
v 0.484189 1.425493 6.597862
v 0.226206 1.683476 6.696335
v 0.484189 1.683476 6.563388
v 0.226206 1.941459 6.583630
v 0.341162 1.941459 6.528971
v 0.484189 1.771441 6.528971
v 0.226206 2.018948 6.528971
v 0.226206 2.199442 6.342231
v 0.329439 2.199442 6.270988
v 0.484189 2.094226 6.270988
v 0.484189 1.941459 6.428175
v 0.226206 2.247303 6.270988
v 0.226206 2.353031 6.013005
v 0.484189 2.220787 6.013005
v 0.484189 2.199442 6.074612
v 0.226206 2.378061 5.755022
v 0.484189 2.249936 5.755022
v 0.226206 2.354473 5.497039
v 0.484189 2.218561 5.497039
v 0.226206 2.342810 5.239056
v 0.478744 2.199442 5.239056
v 0.484189 2.199442 5.370081
v 0.484189 2.195380 5.239056
v 0.484189 2.199442 5.209265
v 0.714531 1.941459 5.239056
v 0.737929 1.941459 5.497039
v 0.508539 2.199442 5.497039
v 0.742172 1.933914 5.497039
v 0.742172 1.892322 5.239056
v 0.742172 1.941459 5.107529
v 0.742172 1.941459 5.525511
v 0.849143 1.683476 5.497039
v 0.874887 1.683476 5.755022
v 0.770580 1.941459 5.755022
v 0.742172 1.984952 5.755022
v 0.742172 1.941459 6.008803
v 0.741261 1.941459 6.013005
v 0.511750 2.199442 6.013005
v 0.549512 2.199442 5.755022
v 0.742172 1.939840 6.013005
v 0.742172 1.698651 6.270988
v 0.623135 1.941459 6.270988
v 0.742172 1.683476 6.279321
v 0.527739 1.683476 6.528971
v 0.747448 1.683476 6.270988
v 0.742172 1.425493 6.333502
v 0.781618 1.425493 6.270988
v 0.742172 1.195632 6.270988
v 0.880263 1.425493 6.013005
v 0.839429 1.167510 6.013005
v 0.742172 1.167510 6.255802
v 0.742172 0.953788 6.013005
v 0.863810 1.167510 5.755022
v 0.743572 0.909527 5.755022
v 0.742172 0.909527 5.831130
v 0.742172 0.907529 5.755022
v 0.742172 0.909527 5.723099
v 0.742172 0.936046 5.497039
v 0.843653 1.167510 5.497039
v 0.905378 1.425493 5.755022
v 0.880454 1.425493 5.497039
v 0.866848 1.425493 5.239056
v 0.839395 1.167510 5.239056
v 0.829884 1.683476 5.239056
v 0.742172 0.920010 5.239056
v 0.736798 0.909527 5.239056
v 0.726738 0.909527 5.497039
v 0.487449 0.651544 5.497039
v 0.535246 0.651544 5.239056
v 0.742172 0.651544 5.022847
v 0.742172 0.909527 5.221303
v 0.714856 0.909527 6.013005
v 0.590822 0.909527 6.270988
v 0.734001 1.167510 6.270988
v 0.851245 1.683476 6.013005
v 0.509076 1.167510 6.528971
v 0.572569 1.425493 6.528971
v 0.226206 2.457426 5.007179
v 0.279368 2.457426 4.981072
v 0.484189 2.336347 4.981072
v 0.226206 2.481590 4.981072
v 0.226206 2.672359 4.723089
v 0.484189 2.457426 4.849770
v -0.031777 2.556838 4.981072
v -0.031777 2.715409 4.759691
v 0.075965 2.715409 4.723089
v -0.031777 2.737380 4.723089
v -0.031777 2.853492 4.465106
v 0.226206 2.793905 4.465106
v 0.226206 2.715409 4.643473
v 0.419797 2.715409 4.465106
v 0.226206 2.863348 4.207124
v -0.031777 2.457426 5.099531
v 0.641921 2.199442 4.981072
v -0.031777 2.405457 5.239056
v -0.031777 2.405756 5.497039
v -0.031777 2.399446 6.013005
v -0.031777 2.425189 5.755022
v -0.031777 2.300998 6.270988
v -0.031777 2.199442 6.417825
v -0.031777 2.091628 6.528971
v -0.031777 1.941459 6.638157
v -0.031777 1.683476 6.743949
v -0.031777 1.167510 6.731442
v -0.031777 1.425493 6.772480
v -0.031777 0.909527 6.611392
v -0.031777 0.802251 6.528971
v 0.226206 0.647174 6.270988
v -0.031777 0.593768 6.270988
v -0.031777 0.651544 6.361942
v -0.031777 0.493217 6.013005
v 0.497817 0.651544 5.755022
v -0.031777 0.464521 5.755022
v -0.031777 0.453773 5.497039
v 0.063861 0.393561 5.239056
v -0.031777 0.393561 5.271737
v -0.031777 0.370905 5.239056
v 0.742172 0.589975 4.981072
v 0.557381 0.393561 4.981072
v 0.058796 0.135577 4.981072
v -0.031777 0.135578 5.004273
v -0.031777 0.115116 4.981072
v 0.742172 0.393561 4.808352
v 0.505981 0.135577 4.723089
v -0.031777 -0.065041 4.723089
v 0.705464 0.135577 4.465106
v 0.222813 -0.122406 4.465106
v -0.031777 -0.122406 4.610085
v -0.031777 -0.181420 4.465106
v -0.031777 -0.369408 4.207124
v -0.031777 -0.380389 4.203615
v -0.031777 -1.392546 3.691157
v -0.031777 -1.412321 3.650827
v -0.031777 -1.488039 3.433174
v -0.031777 -1.503240 3.175191
v 0.195314 -1.412321 2.917208
v 0.112643 -1.412321 2.659225
v -0.031777 -1.451212 2.917208
v -0.031777 -1.431002 2.659225
v -0.180445 -1.412321 2.659225
v -0.289388 -1.412321 2.917208
v 0.691393 -1.412321 2.401241
v -0.031777 -1.670304 2.490404
v -0.031777 -1.820649 2.401241
v -0.031777 -1.928287 2.321912
v 0.226206 2.887301 3.949140
v -0.031777 2.920258 4.207124
v -0.031777 2.943767 3.949140
v -0.031777 2.924802 3.691157
v 0.226206 2.867975 3.691157
v -0.031777 2.863758 3.433174
v 0.226206 2.805849 3.433174
v -0.031777 2.790296 3.175191
v 0.226206 2.740910 3.175191
v -0.031777 2.762812 2.917208
v 0.226206 2.728793 2.917208
v -0.031777 2.815589 2.659225
v 0.226206 2.803222 2.659225
v -0.031777 2.950816 2.401241
v 0.226206 2.950816 2.401242
v -0.031777 2.973392 2.357187
v 0.226206 2.973392 2.357187
v -0.031777 3.067621 2.143258
v 0.226206 3.067621 2.143258
v -0.031777 3.141305 1.885275
v 0.226206 3.141305 1.885275
v -0.031777 3.176649 1.627292
v 0.226206 3.176649 1.627292
v -0.031777 3.176649 1.369309
v 0.226206 3.176649 1.369309
v -0.031777 3.141305 1.111326
v 0.226206 3.141305 1.111326
v -0.031777 3.067621 0.853343
v 0.226206 3.067621 0.853343
v -0.031777 2.973392 0.639414
v 0.226206 2.973392 0.639414
v -0.031777 2.950816 0.595360
v 0.226206 2.950816 0.595360
v -0.031777 2.780410 0.337376
v 0.226206 2.780410 0.337376
v -0.031777 2.715409 0.257419
v 0.226206 2.715409 0.257140
v -0.031777 2.580372 0.079393
v 0.226206 2.582793 0.079393
v 0.278929 2.715409 2.917208
v 0.304064 2.715409 3.175191
v 0.448795 2.715409 3.433174
v 0.684263 2.457426 -0.436573
v 1.350694 2.199442 -0.694556
v 1.504965 2.199442 -0.952539
v 1.774105 1.795048 -0.952539
v 1.776359 1.941459 -1.210523
v 1.899481 1.683476 -1.210522
v 1.824195 1.683476 -0.952539
v 1.905744 1.425493 -0.952539
v 1.978361 1.425493 -1.210522
v 1.947680 1.167510 -0.952539
v 2.018187 1.167510 -1.210522
v 1.951087 0.909527 -0.952539
v 2.021424 0.909527 -1.210522
v 1.916889 0.651544 -0.952539
v 1.988940 0.651544 -1.210522
v 1.842486 0.393561 -0.952539
v 1.917767 0.393561 -1.210522
v 1.803835 0.135577 -1.210522
v 1.774105 0.135578 -1.100278
v 1.952710 0.393561 -1.468505
v 1.840458 0.135577 -1.468505
v 1.950131 0.393561 -1.726488
v 1.837588 0.135578 -1.726488
v 2.022196 0.651544 -1.468505
v 2.019741 0.651544 -1.726488
v 2.032088 0.709979 -1.468505
v 2.032088 0.726292 -1.726488
v 2.032088 0.909527 -1.884628
v 2.014001 0.909527 -1.984472
v 1.980919 0.651544 -1.984472
v 2.032088 1.167510 -1.864353
v 2.010705 1.167510 -1.984472
v 2.032088 1.302819 -1.726488
v 2.009912 1.425493 -1.726488
v 1.970136 1.425493 -1.984472
v 1.932788 1.683476 -1.726488
v 1.891592 1.683476 -1.984472
v 1.774105 1.929819 -1.984472
v 1.812053 1.941459 -1.726488
v 1.774105 1.941459 -1.955943
v 1.774105 2.004633 -1.726488
v 1.774105 2.009427 -1.468505
v 1.814895 1.941459 -1.468505
v 1.774105 1.764126 -2.242455
v 1.810097 1.683476 -2.242455
v 1.774105 1.683476 -2.323721
v 1.774105 1.425493 -2.491989
v 1.892427 1.425493 -2.242455
v 1.774105 1.405245 -2.500437
v 1.814739 1.167510 -2.500438
v 1.934480 1.167510 -2.242455
v 1.937990 0.909527 -2.242455
v 1.818451 0.909527 -2.500438
v 1.902753 0.651544 -2.242455
v 1.781174 0.651544 -2.500438
v 1.774105 0.909527 -2.574861
v 1.774105 1.167510 -2.568539
v 1.935470 1.683476 -1.468505
v 2.012425 1.425493 -1.468505
v 2.032088 1.317986 -1.468505
v 2.048861 1.167510 -1.726488
v 2.051442 1.167510 -1.468505
v 2.032088 1.167510 -1.294587
v 2.032088 0.909527 -1.272424
v 2.054812 0.909527 -1.468505
v 2.052252 0.909527 -1.726488
v 1.909334 0.393561 -1.984472
v 1.828550 0.393561 -2.242455
v 1.774105 0.135577 -2.058307
v 1.795054 0.135577 -1.984472
v 1.802005 0.651544 -0.694556
v 1.837737 0.909527 -0.694556
v 1.834174 1.167510 -0.694556
v 1.790378 1.425493 -0.694556
v 1.774105 1.683476 -0.834571
v 1.206878 0.135577 -3.016404
v 1.198033 0.135577 -3.274387
v 1.238209 0.135577 -3.532370
v 1.305319 0.393561 -4.306319
v 1.513606 0.651544 -4.048336
v 1.421817 0.651544 -4.306319
v 1.469373 0.909527 -4.306319
v 1.306167 0.909527 -4.564303
v 0.484189 0.135577 -4.685592
v 0.484189 0.020938 -4.564303
v 0.484189 -0.122406 -4.346838
v 0.591990 -0.122406 -4.306319
v 0.484189 -0.143734 -4.306319
v 0.484189 -0.233457 -4.048337
v 0.484189 -0.264697 -3.790353
v 0.484189 -0.251742 -3.532370
v 0.484189 -0.247264 -3.274387
v 0.484189 -0.380389 -3.206361
v 0.484189 -0.896355 -3.042768
v 0.586981 -0.896355 -3.016404
v 0.484189 -0.638372 -3.171535
v 0.484189 -0.926104 -3.016404
v 0.265141 -0.896355 -3.016404
v 0.226206 -1.066533 -2.758421
v 0.484189 -1.095497 -2.758421
v 0.742172 -1.067633 -2.500438
v 0.742172 -1.154338 -2.283498
v 0.544733 -1.154338 -2.500438
v 0.484189 -1.171573 -2.500437
v 0.484189 -1.412321 -2.344227
v 0.742172 -1.412321 -2.242683
v 0.484189 -1.670304 -2.272666
v 0.572171 -1.670304 -2.242455
v 0.484189 -1.737850 -2.242455
v 0.226206 -1.412321 -2.386036
v 0.226206 -1.161117 -2.500438
v 0.484189 -1.154338 -2.550221
v 0.226206 -1.154338 -2.511609
v 0.208664 -1.154338 -2.500438
v 0.742172 -1.007789 -2.758421
v 0.484189 -1.928287 -2.133885
v 0.484189 -2.105192 -1.984472
v 0.484189 -2.186271 -1.893945
v 0.740906 -2.186270 -1.726488
v 0.484189 -2.301805 -1.726488
v 0.484189 -2.414657 -1.468505
v 0.484189 -2.444254 -1.346732
v 0.551657 -2.444254 -1.210522
v 0.484189 -2.465472 -1.210522
v 0.484189 -2.462306 -0.952539
v 0.541808 -2.444253 -0.952539
v 0.484189 -2.444254 -0.847103
v 0.339764 -2.444254 -1.468505
v 0.484189 -2.405008 -0.694556
v 0.263625 -2.444254 -0.694556
v -0.244836 -2.444254 -0.952539
v -0.254394 -2.444254 -1.210522
v -0.043493 -2.444254 -1.468505
v -0.632887 -2.186271 -1.468505
v -0.618783 -1.928287 2.143258
v -0.673624 1.683476 6.528971
v -0.289760 0.135577 -4.459431
v -0.196201 -0.122406 -4.048337
v -0.265758 -0.122406 -3.790353
v -0.256304 -0.122406 -3.532370
v -0.260143 -0.122406 -3.274387
v -0.147697 0.135577 -4.564303
v 1.329987 1.683476 -3.274387
v 1.343373 1.683476 -3.016404
v 1.468184 1.425493 -3.016404
v 1.463019 1.425493 -3.274387
v 1.490119 1.683476 -2.758421
v 1.323386 1.941459 -2.758421
v 1.322078 2.199442 -2.500438
v 1.487392 2.199442 -2.242455
v 1.233365 1.683476 -4.306319
vn 0.5068 0.6238 -0.5951
vn 0.5019 0.5222 -0.6894
vn 0.6045 0.5282 -0.5963
vn 0.5463 0.3506 -0.7607
vn 0.6619 0.3671 -0.6535
vn 0.5699 0.1767 -0.8025
vn 0.6912 0.1338 -0.7101
vn 0.7293 0.2455 -0.6386
vn 0.7455 0.3721 -0.5529
vn 0.7964 0.1288 -0.5909
vn 0.8832 0.1478 -0.4451
vn 0.8381 0.3459 -0.4218
vn 0.7542 0.4789 -0.4492
vn 0.9008 0.3694 -0.2284
vn 0.8207 0.5291 -0.2157
vn 0.7472 0.5659 -0.3484
vn 0.7211 0.6549 -0.2260
vn 0.7400 0.6719 -0.0315
vn 0.8434 0.5365 -0.0285
vn 0.7451 0.6626 0.0762
vn 0.8414 0.5344 0.0804
vn 0.9224 0.3755 0.0906
vn 0.9240 0.3813 -0.0284
vn 0.9607 0.2626 0.0901
vn 0.9605 0.2769 -0.0267
vn 0.9405 0.2578 -0.2216
vn 0.9718 0.1313 -0.1957
vn 0.9900 0.1389 -0.0247
vn 0.9326 0.1470 -0.3296
vn 0.9420 -0.0667 -0.3289
vn 0.9775 -0.0627 -0.2012
vn 0.9533 -0.1915 -0.2336
vn 0.9518 -0.2729 -0.1404
vn 0.9706 -0.2392 -0.0263
vn 0.9978 -0.0612 -0.0253
vn 0.9324 -0.3605 -0.0276
vn 0.9327 -0.3457 0.1025
vn 0.9651 -0.2421 0.0993
vn 0.9569 -0.2605 0.1287
vn 0.9814 -0.1823 0.0600
vn 0.9966 -0.0560 0.0605
vn 0.9938 -0.0599 0.0936
vn 0.9911 0.1193 0.0583
vn 0.9869 0.1339 0.0898
vn 0.9715 0.2309 0.0544
vn 0.9532 0.2247 -0.2021
vn 0.9735 0.1068 -0.2023
vn 0.8697 0.0936 -0.4846
vn 0.8157 0.2528 -0.5203
vn 0.8594 0.2894 -0.4215
vn 0.7973 0.3214 -0.5109
vn 0.8291 0.2321 -0.5087
vn 0.7954 0.3547 -0.4914
vn 0.7293 0.3744 -0.5726
vn 0.7480 0.4707 -0.4679
vn 0.6931 0.4765 -0.5410
vn 0.6928 0.5441 -0.4732
vn 0.7328 0.5750 -0.3640
vn 0.7946 0.4951 -0.3514
vn 0.8253 0.5157 -0.2299
vn 0.7677 0.6053 -0.2104
vn 0.7242 0.6239 -0.2937
vn 0.6981 0.6834 -0.2135
vn 0.7113 0.6984 -0.0793
vn 0.7831 0.6168 -0.0797
vn 0.6477 0.7577 -0.0797
vn 0.6344 0.7436 -0.2114
vn 0.5622 0.8234 -0.0771
vn 0.5545 0.8066 -0.2048
vn 0.5807 0.7627 -0.2846
vn 0.4547 0.8637 -0.2176
vn 0.4348 0.8283 -0.3533
vn 0.5214 0.7729 -0.3616
vn 0.5931 0.7179 -0.3645
vn 0.4619 0.7273 -0.5076
vn 0.5600 0.6812 -0.4715
vn 0.4566 0.7760 -0.4352
vn 0.4428 0.6925 -0.5696
vn 0.5167 0.6560 -0.5502
vn 0.5673 0.6163 -0.5462
vn 0.6015 0.5814 -0.5478
vn 0.5453 0.7760 -0.3170
vn 0.6698 0.6862 -0.2837
vn 0.5847 0.6293 -0.5120
vn 0.4676 0.6918 -0.5502
vn 0.7464 0.6121 -0.2613
vn 0.6627 0.7489 0.0016
vn 0.7615 0.6480 0.0173
vn 0.6509 0.7559 0.0696
vn 0.5454 0.8380 -0.0178
vn 0.5243 0.8496 0.0573
vn 0.5153 0.8563 -0.0355
vn 0.6493 0.7598 -0.0334
vn 0.5027 0.8371 -0.2159
vn 0.6310 0.7425 -0.2249
vn 0.5436 0.7670 -0.3408
vn 0.3358 0.9140 -0.2278
vn 0.3205 0.8519 -0.4142
vn 0.4550 0.7720 -0.4438
vn 0.5594 0.6921 -0.4563
vn 0.3364 0.6830 -0.6484
vn 0.3349 0.7636 -0.5520
vn 0.2008 0.7484 -0.6321
vn 0.1198 0.8937 -0.4324
vn 0.0992 0.8026 -0.5882
vn 0.0917 0.7109 -0.6973
vn -0.0675 0.8059 -0.5881
vn -0.0674 0.7085 -0.7025
vn -0.1739 0.7178 -0.6741
vn -0.3022 0.6931 -0.6544
vn -0.2924 0.5722 -0.7662
vn -0.0832 0.5965 -0.7983
vn -0.2917 0.4684 -0.8340
vn -0.0838 0.4931 -0.8659
vn -0.2729 0.3320 -0.9029
vn -0.0817 0.3474 -0.9341
vn -0.2881 0.1427 -0.9469
vn -0.0847 0.1464 -0.9856
vn -0.2917 -0.0606 -0.9546
vn -0.0841 -0.0604 -0.9946
vn -0.2866 -0.2686 -0.9196
vn -0.0848 -0.2696 -0.9592
vn -0.3100 -0.3941 -0.8652
vn -0.2150 -0.4830 -0.8488
vn -0.0864 -0.4405 -0.8936
vn -0.0902 -0.5647 -0.8204
vn -0.2777 -0.6405 -0.7160
vn -0.0891 -0.6646 -0.7419
vn -0.3226 -0.4994 -0.8041
vn -0.2738 -0.7527 -0.5988
vn -0.0861 -0.7816 -0.6178
vn -0.3104 -0.8344 -0.4555
vn -0.1928 -0.8794 -0.4354
vn -0.0794 -0.8538 -0.5144
vn -0.0733 -0.9168 -0.3926
vn -0.2746 -0.9381 -0.2112
vn -0.0826 -0.9715 -0.2221
vn -0.3095 -0.8862 -0.3447
vn -0.2829 -0.9581 -0.0456
vn -0.0819 -0.9958 -0.0418
vn -0.2766 -0.9608 0.0199
vn -0.0757 -0.9967 0.0302
vn -0.3459 -0.8964 -0.2771
vn -0.1187 -0.8962 -0.4274
vn -0.5204 -0.4437 -0.7296
vn -0.2176 -0.4184 -0.8818
vn -0.6196 -0.2182 -0.7540
vn -0.5530 -0.3485 -0.7568
vn -0.2824 -0.2999 -0.9112
vn -0.3625 -0.5204 -0.7732
vn -0.6995 -0.5408 -0.4671
vn -0.5811 -0.6624 -0.4729
vn -0.3926 -0.6740 -0.6258
vn -0.6751 -0.3903 -0.6260
vn -0.6730 -0.6465 -0.3593
vn -0.6643 -0.4605 -0.5887
vn -0.6583 -0.4646 -0.5923
vn -0.7919 -0.4101 -0.4525
vn -0.6862 -0.5696 -0.4525
vn -0.6339 -0.4836 -0.6036
vn -0.6365 -0.4381 -0.6348
vn -0.5416 -0.5303 -0.6522
vn -0.4570 -0.7463 -0.4840
vn -0.4035 -0.6836 -0.6082
vn -0.3836 -0.6887 -0.6153
vn -0.4280 -0.7749 -0.4650
vn -0.4159 -0.6572 -0.6286
vn -0.5212 -0.7072 -0.4778
vn -0.4209 -0.8707 -0.2545
vn -0.4922 -0.8625 -0.1171
vn -0.6285 -0.7581 -0.1741
vn -0.5218 -0.8531 -0.0022
vn -0.6514 -0.7586 -0.0138
vn -0.5303 -0.8460 -0.0559
vn -0.6579 -0.7508 -0.0591
vn -0.5191 -0.8237 -0.2280
vn -0.6494 -0.7336 -0.2003
vn -0.4805 -0.7742 -0.4120
vn -0.6084 -0.6736 -0.4197
vn -0.6871 -0.6648 -0.2930
vn -0.6952 -0.5839 -0.4191
vn -0.7889 -0.4569 -0.4110
vn -0.8403 -0.4919 -0.2278
vn -0.7525 -0.6273 -0.2006
vn -0.8983 -0.3774 -0.2251
vn -0.8523 -0.2709 -0.4474
vn -0.9001 -0.2696 -0.3422
vn -0.8836 -0.0625 -0.4641
vn -0.9301 -0.0602 -0.3625
vn -0.8777 0.1486 -0.4556
vn -0.9252 0.1465 -0.3500
vn -0.8291 0.3528 -0.4337
vn -0.8815 0.3528 -0.3138
vn -0.8732 0.4359 -0.2182
vn -0.7546 0.5170 -0.4040
vn -0.8086 0.5409 -0.2315
vn -0.7003 0.6747 -0.2332
vn -0.6591 0.6314 -0.4087
vn -0.6697 0.5352 -0.5148
vn -0.5881 0.5341 -0.6073
vn -0.4756 0.6421 -0.6012
vn -0.5294 0.7123 -0.4608
vn -0.4730 0.5258 -0.7069
vn -0.5208 0.3692 -0.7697
vn -0.6461 0.3767 -0.6638
vn -0.7156 0.2610 -0.6479
vn -0.6744 0.1473 -0.7235
vn -0.5784 0.1392 -0.8038
vn -0.4998 0.2512 -0.8289
vn -0.6778 -0.0644 -0.7324
vn -0.5817 -0.0633 -0.8109
vn -0.6594 -0.2506 -0.7088
vn -0.5325 -0.2887 -0.7957
vn -0.5086 -0.1791 -0.8422
vn -0.6907 -0.3566 -0.6291
vn -0.6093 -0.4708 -0.6381
vn -0.4790 -0.4623 -0.7462
vn -0.4956 -0.5865 -0.6406
vn -0.6986 -0.4714 -0.5382
vn -0.4228 -0.2853 -0.8601
vn -0.7670 -0.2467 -0.5924
vn -0.4614 -0.0588 -0.8852
vn -0.7941 -0.0610 -0.6047
vn -0.4575 0.1291 -0.8798
vn -0.7328 0.3679 -0.5724
vn -0.4066 0.3611 -0.8392
vn -0.7875 0.1491 -0.5981
vn -0.3038 0.7775 -0.5507
vn -0.4293 0.7793 -0.4564
vn -0.2877 0.8598 -0.4219
vn -0.4786 0.8495 -0.2219
vn -0.5188 0.7757 -0.3595
vn -0.2995 0.9266 -0.2275
vn -0.4830 0.8736 -0.0592
vn -0.3121 0.9483 -0.0580
vn -0.4768 0.8787 -0.0225
vn -0.3095 0.9508 -0.0105
vn -0.4524 0.8715 -0.1895
vn -0.2875 0.9497 -0.1240
vn -0.3655 0.7944 -0.4851
vn -0.2444 0.9281 -0.2810
vn -0.2833 0.8214 -0.4951
vn -0.1722 0.8654 -0.4706
vn -0.2596 0.7370 -0.6241
vn -0.2975 0.7052 -0.6436
vn -0.1030 0.7670 -0.6334
vn -0.1719 0.7832 -0.5975
vn -0.0965 0.7978 -0.5951
vn -0.2402 0.8394 -0.4875
vn -0.2485 0.7800 -0.5743
vn -0.1053 0.8587 -0.5015
vn -0.1061 0.9001 -0.4226
vn -0.2351 0.8819 -0.4087
vn -0.2234 0.9183 -0.3269
vn -0.1024 0.9355 -0.3381
vn -0.2400 0.9469 -0.2140
vn -0.1042 0.9709 -0.2156
vn -0.2415 0.9673 -0.0779
vn -0.1042 0.9915 -0.0777
vn -0.2415 0.9687 0.0581
vn -0.1041 0.9929 0.0580
vn -0.2386 0.9518 0.1925
vn -0.1042 0.9752 0.1952
vn -0.2275 0.9221 0.3129
vn -0.1019 0.9408 0.3234
vn -0.1045 0.9056 0.4111
vn -0.2377 0.8875 0.3949
vn -0.2477 0.8641 0.4382
vn -0.1077 0.8860 0.4511
vn -0.2800 0.8873 0.3666
vn -0.1137 0.9349 0.3363
vn -0.1266 0.9897 -0.0670
vn -0.2668 0.9619 -0.0595
vn -0.4655 0.8501 0.2461
vn -0.3328 0.9410 -0.0610
vn -0.3114 0.8948 -0.3200
vn -0.4432 0.7642 -0.4686
vn -0.4896 0.8708 -0.0460
vn -0.3589 0.7629 -0.5377
vn -0.2585 0.8281 -0.4974
vn -0.3616 0.7169 -0.5961
vn -0.3918 0.6954 -0.6024
vn -0.1981 0.7599 -0.6191
vn -0.2667 0.7697 -0.5800
vn -0.1908 0.7887 -0.5845
vn -0.3371 0.8147 -0.4718
vn -0.3458 0.7561 -0.5557
vn -0.2080 0.8455 -0.4918
vn -0.3594 0.8611 -0.3596
vn -0.2063 0.8863 -0.4145
vn -0.2867 0.8899 -0.3548
vn -0.1984 0.9236 -0.3281
vn -0.3281 0.9236 -0.1984
vn -0.3478 0.8945 -0.2809
vn -0.2055 0.9568 -0.2055
vn -0.3369 0.9391 -0.0676
vn -0.2060 0.9761 -0.0696
vn -0.3369 0.9391 0.0676
vn -0.2060 0.9761 0.0696
vn -0.3281 0.9236 0.1984
vn -0.2051 0.9570 0.2051
vn -0.1984 0.9236 0.3281
vn -0.2829 0.8945 0.3463
vn -0.3466 0.8940 0.2839
vn -0.3586 0.8600 0.3630
vn -0.3468 0.8472 0.4025
vn -0.2053 0.8863 0.4152
vn -0.2028 0.8770 0.4355
vn -0.1799 0.9427 0.2808
vn -0.2936 0.9317 0.2140
vn -0.4215 0.8469 0.3243
vn -0.3590 0.9220 0.1449
vn -0.3233 0.9428 -0.0820
vn -0.2470 0.9671 -0.0604
vn -0.2799 0.9322 -0.2295
vn -0.2187 0.9366 -0.2739
vn -0.1303 0.9913 -0.0189
vn -0.0614 0.9718 -0.2277
vn -0.1921 0.9421 -0.2749
vn -0.0365 0.9631 -0.2668
vn -0.1884 0.9701 -0.1530
vn -0.0279 0.9880 -0.1520
vn -0.1878 0.9822 0.0082
vn -0.0272 0.9996 0.0084
vn -0.1879 0.9674 0.1696
vn -0.0271 0.9852 0.1694
vn -0.1851 0.9267 0.3271
vn -0.0271 0.9437 0.3297
vn -0.1710 0.8731 0.4566
vn -0.0270 0.8866 0.4617
vn -0.0284 0.8335 0.5518
vn -0.1742 0.8223 0.5417
vn -0.1884 0.7624 0.6190
vn -0.0315 0.7839 0.6201
vn -0.0594 0.8289 0.5562
vn -0.1932 0.7659 0.6132
vn -0.3429 0.8647 0.3670
vn -0.1298 0.9551 0.2663
vn -0.4308 0.9015 0.0421
vn -0.1936 0.9811 0.0021
vn -0.4546 0.8899 0.0365
vn -0.2188 0.9755 0.0241
vn -0.4514 0.8657 0.2164
vn -0.2231 0.9477 0.2284
vn -0.2107 0.8657 0.4540
vn -0.3763 0.7779 0.5032
vn -0.5019 0.7779 0.3782
vn -0.5166 0.6817 0.5182
vn -0.2254 0.7502 0.6216
vn -0.2263 0.6418 0.7327
vn -0.3812 0.5212 0.7635
vn -0.5181 0.5394 0.6638
vn -0.5046 0.4017 0.7642
vn -0.2147 0.4731 0.8544
vn -0.2254 0.2463 0.9426
vn -0.4560 0.2358 0.8582
vn -0.4684 -0.0217 0.8832
vn -0.2282 -0.0224 0.9734
vn -0.4526 -0.2697 0.8499
vn -0.2227 -0.2894 0.9309
vn -0.4927 -0.4343 0.7541
vn -0.2041 -0.5057 0.8382
vn -0.3577 -0.5497 0.7549
vn -0.2138 -0.6659 0.7148
vn -0.4935 -0.7150 0.4952
vn -0.5020 -0.5698 0.6506
vn -0.2095 -0.7736 0.5980
vn -0.3420 -0.8088 0.4785
vn -0.1973 -0.8769 0.4384
vn -0.4345 -0.8742 0.2169
vn -0.4769 -0.8089 0.3439
vn -0.2204 -0.9453 0.2405
vn -0.2108 -0.9726 0.0985
vn -0.4399 -0.8914 0.1094
vn -0.1594 -0.9634 0.2154
vn -0.4121 -0.8681 0.2767
vn -0.0892 -0.8704 0.4843
vn -0.1806 -0.7813 0.5975
vn -0.2838 -0.7252 0.6274
vn -0.0495 -0.7355 0.6757
vn -0.1725 -0.7037 0.6892
vn -0.2120 -0.6330 0.7445
vn -0.0320 -0.7211 0.6921
vn -0.1685 -0.7754 0.6086
vn -0.0270 -0.7875 0.6157
vn -0.0275 -0.8593 0.5107
vn -0.1882 -0.8445 0.5014
vn -0.0266 -0.9072 0.4198
vn -0.1852 -0.8941 0.4079
vn -0.2043 -0.9183 0.3390
vn -0.0764 -0.9051 0.4183
vn -0.1604 -0.7270 0.6676
vn -0.2802 -0.8275 0.4865
vn -0.2191 -0.3783 0.8994
vn -0.4304 -0.4785 0.7654
vn -0.5211 -0.1899 0.8321
vn -0.2668 -0.2072 0.9412
vn -0.5825 -0.2238 0.7814
vn -0.2674 -0.3336 0.9040
vn -0.4627 -0.3671 0.8070
vn -0.2992 -0.5066 0.8086
vn -0.5311 -0.5729 0.6243
vn -0.6023 -0.3642 0.7104
vn -0.2957 -0.6533 0.6970
vn -0.5209 -0.7192 0.4599
vn -0.2767 -0.8106 0.5160
vn -0.2744 -0.8897 0.3650
vn -0.4232 -0.8828 0.2038
vn -0.5717 -0.7942 0.2061
vn -0.2355 -0.9557 0.1767
vn -0.2453 -0.9665 -0.0753
vn -0.4380 -0.8937 -0.0972
vn -0.3377 -0.9093 -0.2431
vn -0.5816 -0.8087 -0.0880
vn -0.3794 -0.9027 -0.2032
vn -0.5863 -0.7824 -0.2099
vn -0.3903 -0.8919 0.2284
vn -0.6516 -0.7128 0.2594
vn -0.3092 -0.6126 0.7274
vn -0.4429 -0.4427 0.7797
vn -0.3935 -0.3936 0.8308
vn -0.2108 -0.4845 0.8490
vn -0.2941 -0.4585 0.8386
vn -0.1952 -0.5400 0.8187
vn -0.3539 -0.6013 0.7163
vn -0.3914 -0.4824 0.7836
vn -0.1964 -0.6300 0.7514
vn -0.3547 -0.6979 0.6222
vn -0.1970 -0.7322 0.6520
vn -0.1975 -0.8013 0.5647
vn -0.3030 -0.8179 0.4891
vn -0.3972 -0.7692 0.5006
vn -0.1883 -0.8706 0.4546
vn -0.3624 -0.8849 0.2926
vn -0.3870 -0.8263 0.4092
vn -0.1941 -0.9335 0.3014
vn -0.2134 -0.9694 0.1214
vn -0.3722 -0.9206 0.1182
vn -0.2107 -0.9754 -0.0653
vn -0.3738 -0.9255 -0.0603
vn -0.1957 -0.9508 -0.2401
vn -0.3689 -0.8993 -0.2350
vn -0.1891 -0.8925 -0.4095
vn -0.3497 -0.8520 -0.3895
vn -0.1942 -0.8265 -0.5284
vn -0.3602 -0.7909 -0.4946
vn -0.4047 -0.7452 -0.5300
vn -0.2255 -0.8251 -0.5181
vn -0.3375 -0.9293 -0.1501
vn -0.5031 -0.8432 -0.1894
vn -0.5019 -0.6829 -0.5308
vn -0.6236 -0.7429 -0.2436
vn -0.5368 -0.7755 0.3323
vn -0.6691 -0.6826 0.2939
vn -0.5757 -0.6297 0.5216
vn -0.5474 -0.6841 0.4820
vn -0.3739 -0.8388 0.3957
vn -0.3257 -0.7644 0.5565
vn -0.4307 -0.7660 0.4773
vn -0.3173 -0.8217 0.4734
vn -0.5004 -0.8160 0.2894
vn -0.5281 -0.7482 0.4017
vn -0.3394 -0.8872 0.3125
vn -0.3688 -0.9227 0.1126
vn -0.5170 -0.8490 0.1090
vn -0.3587 -0.9288 -0.0927
vn -0.5172 -0.8514 -0.0870
vn -0.3401 -0.8953 -0.2877
vn -0.5020 -0.8219 -0.2694
vn -0.3227 -0.8263 -0.4616
vn -0.4438 -0.7527 -0.4863
vn -0.5326 -0.7527 -0.3869
vn -0.5478 -0.6732 -0.4967
vn -0.3323 -0.7396 -0.5853
vn -0.3338 -0.6586 -0.6744
vn -0.4546 -0.5587 -0.6937
vn -0.5520 -0.5721 -0.6067
vn -0.3323 -0.5357 -0.7763
vn -0.5441 -0.4714 -0.6941
vn -0.3690 -0.3826 -0.8470
vn -0.5171 -0.3537 -0.7794
vn -0.3478 -0.2792 -0.8950
vn -0.4478 -0.1817 -0.8755
vn -0.5582 -0.1739 -0.8113
vn -0.4678 -0.0924 -0.8790
vn -0.5763 -0.0801 -0.8133
vn -0.4839 -0.1994 -0.8521
vn -0.5856 -0.1494 -0.7967
vn -0.5566 -0.3229 -0.7654
vn -0.5440 -0.2482 -0.8015
vn -0.5350 -0.5404 -0.6494
vn -0.5505 -0.4672 -0.6919
vn -0.4565 -0.6921 -0.5591
vn -0.5989 -0.6356 -0.4871
vn -0.6175 -0.4301 -0.6585
vn -0.4571 -0.7334 -0.5032
vn -0.5248 -0.7289 -0.4396
vn -0.5281 -0.6845 -0.5026
vn -0.4093 -0.7104 -0.5725
vn -0.4533 -0.6527 -0.6071
vn -0.5334 -0.6173 -0.5783
vn -0.5357 -0.5757 -0.6177
vn -0.6635 -0.5521 -0.5049
vn -0.6021 -0.6166 -0.5072
vn -0.5968 -0.5059 -0.6228
vn -0.6622 -0.4809 -0.5747
vn -0.6621 -0.4226 -0.6189
vn -0.5603 -0.5125 -0.6507
vn -0.6846 -0.5075 -0.5232
vn -0.7417 -0.3944 -0.5424
vn -0.6674 -0.3265 -0.6693
vn -0.7970 -0.2421 -0.5534
vn -0.7062 -0.2125 -0.6754
vn -0.8186 -0.1332 -0.5588
vn -0.9278 -0.2758 -0.2512
vn -0.9628 -0.0660 -0.2621
vn -0.8517 -0.0312 -0.5231
vn -0.9550 0.1291 -0.2672
vn -0.8388 0.0941 -0.5362
vn -0.8030 0.1714 -0.5709
vn -0.9094 0.3212 -0.2642
vn -0.7680 0.2826 -0.5747
vn -0.8553 0.4611 -0.2363
vn -0.7585 0.5012 -0.4165
vn -0.6936 0.4255 -0.5813
vn -0.6425 0.5157 -0.5669
vn -0.6562 0.4319 -0.6187
vn -0.6533 0.3469 -0.6729
vn -0.5377 0.5084 -0.6726
vn -0.5925 0.5090 -0.6245
vn -0.5280 0.5778 -0.6224
vn -0.5633 0.6202 -0.5459
vn -0.4925 0.6854 -0.5363
vn -0.3837 0.6462 -0.6597
vn -0.4529 0.6436 -0.6170
vn -0.3772 0.6971 -0.6098
vn -0.5159 0.7029 -0.4897
vn -0.5237 0.6343 -0.5687
vn -0.3682 0.7502 -0.5492
vn -0.4392 0.7595 -0.4798
vn -0.3612 0.8067 -0.4677
vn -0.4911 0.8041 -0.3351
vn -0.5054 0.7586 -0.4112
vn -0.3818 0.8536 -0.3544
vn -0.5100 0.8333 -0.2132
vn -0.3636 0.8929 -0.2655
vn -0.4282 0.8807 -0.2023
vn -0.3511 0.9152 -0.1981
vn -0.3593 0.9300 -0.0775
vn -0.4410 0.8938 -0.0812
vn -0.3595 0.9313 0.0578
vn -0.4422 0.8949 0.0606
vn -0.5244 0.8494 0.0589
vn -0.5231 0.8486 -0.0788
vn -0.5125 0.8364 0.1943
vn -0.4320 0.8815 0.1906
vn -0.4936 0.8093 0.3183
vn -0.3663 0.8955 0.2529
vn -0.3869 0.8576 0.3388
vn -0.3516 0.9189 0.1791
vn -0.3769 0.8181 0.4344
vn -0.4470 0.7719 0.4520
vn -0.5098 0.7625 0.3983
vn -0.5253 0.7188 0.4554
vn -0.5814 0.7178 0.3831
vn -0.4181 0.7730 0.4771
vn -0.4499 0.8265 0.3384
vn -0.6192 0.7846 -0.0303
vn -0.6332 0.7175 0.2904
vn -0.7106 0.7035 -0.0111
vn -0.6558 0.6935 -0.2984
vn -0.6582 0.5854 -0.4733
vn -0.7469 0.5249 -0.4083
vn -0.7934 0.6085 0.0140
vn -0.5709 0.6657 -0.4806
vn -0.6155 0.5438 -0.5706
vn -0.6401 0.4907 -0.5912
vn -0.4862 0.6317 -0.6038
vn -0.5450 0.6162 -0.5686
vn -0.5972 0.5995 -0.5328
vn -0.5908 0.6607 -0.4631
vn -0.4692 0.6678 -0.5778
vn -0.4988 0.7088 -0.4988
vn -0.6253 0.6984 -0.3483
vn -0.4914 0.7592 -0.4268
vn -0.5559 0.7557 -0.3462
vn -0.4716 0.8149 -0.3368
vn -0.5857 0.7878 -0.1905
vn -0.6121 0.7459 -0.2626
vn -0.4927 0.8448 -0.2087
vn -0.5928 0.8024 -0.0681
vn -0.5027 0.8616 -0.0701
vn -0.5928 0.8024 0.0681
vn -0.5027 0.8616 0.0701
vn -0.5843 0.7889 0.1901
vn -0.4924 0.8453 0.2072
vn -0.4730 0.8143 0.3366
vn -0.5550 0.7579 0.3430
vn -0.6018 0.7553 0.2595
vn -0.6247 0.7017 0.3424
vn -0.6316 0.6852 0.3626
vn -0.4958 0.7626 0.4154
vn -0.5065 0.7762 0.3754
vn -0.4238 0.8184 0.3880
vn -0.6745 0.6523 0.3459
vn -0.6990 0.6295 0.3392
vn -0.7580 0.5586 0.3368
vn -0.7724 0.5558 0.3073
vn -0.7770 0.5044 0.3767
vn -0.8232 0.4865 0.2926
vn -0.8573 0.5139 0.0313
vn -0.7848 0.6171 0.0576
vn -0.8158 0.5270 -0.2382
vn -0.7555 0.6148 -0.2263
vn -0.6643 0.7215 -0.1951
vn -0.6989 0.7109 0.0784
vn -0.6155 0.7804 0.1102
vn -0.5877 0.7903 -0.1733
vn -0.4631 0.8756 -0.1375
vn -0.5047 0.8488 0.1574
vn -0.5289 0.7808 -0.3325
vn -0.5862 0.7475 -0.3124
vn -0.4021 0.8600 -0.3140
vn -0.5200 0.8007 -0.2975
vn -0.3686 0.8603 -0.3521
vn -0.4336 0.8491 -0.3017
vn -0.3362 0.8998 -0.2782
vn -0.3442 0.9270 -0.1493
vn -0.4540 0.8758 -0.1636
vn -0.4765 0.8792 0.0059
vn -0.5131 0.8545 -0.0812
vn -0.3469 0.9379 0.0086
vn -0.5336 0.8295 -0.1651
vn -0.6433 0.7656 0.0076
vn -0.6373 0.7558 -0.1500
vn -0.5646 0.8253 0.0056
vn -0.6755 0.6951 -0.2461
vn -0.6196 0.7184 -0.3162
vn -0.6951 0.6453 -0.3169
vn -0.6900 0.6279 -0.3600
vn -0.6045 0.7178 -0.3453
vn -0.7707 0.5577 -0.3082
vn -0.7560 0.5414 -0.3679
vn -0.8286 0.4661 -0.3101
vn -0.8369 0.3840 -0.3900
vn -0.8227 0.4160 -0.3876
vn -0.8690 0.3103 -0.3853
vn -0.8960 0.2235 -0.3838
vn -0.9330 0.2395 -0.2685
vn -0.8737 0.4098 -0.2620
vn -0.9313 0.0647 -0.3585
vn -0.9654 0.0685 -0.2515
vn -0.9275 -0.1077 -0.3581
vn -0.9632 -0.1061 -0.2470
vn -0.8983 -0.2373 -0.3698
vn -0.9273 -0.2793 -0.2494
vn -0.8626 -0.3418 -0.3731
vn -0.8147 -0.4476 -0.3687
vn -0.8640 -0.4502 -0.2254
vn -0.8102 -0.5512 -0.1997
vn -0.7307 -0.5828 -0.3556
vn -0.7279 -0.5963 -0.3385
vn -0.6857 -0.6426 -0.3418
vn -0.6724 -0.6778 -0.2976
vn -0.7538 -0.5846 -0.3001
vn -0.6990 -0.6965 -0.1621
vn -0.7804 -0.6070 -0.1503
vn -0.8380 -0.5243 -0.1512
vn -0.8130 -0.4987 -0.3006
vn -0.8457 -0.5337 0.0082
vn -0.7888 -0.6146 0.0079
vn -0.8358 -0.5225 0.1685
vn -0.7782 -0.6055 0.1665
vn -0.6936 -0.6985 0.1762
vn -0.6685 -0.7384 0.0887
vn -0.7138 -0.7003 0.0071
vn -0.6260 -0.7798 0.0062
vn -0.6769 -0.7320 -0.0771
vn -0.5363 -0.8439 0.0151
vn -0.5899 -0.7999 -0.1105
vn -0.6134 -0.7729 -0.1621
vn -0.6582 -0.7199 -0.2202
vn -0.5964 -0.7473 -0.2930
vn -0.5668 -0.7439 -0.3541
vn -0.9140 -0.3974 -0.0811
vn -0.9379 -0.2323 -0.2577
vn -0.6603 -0.6889 -0.2989
vn -0.5996 -0.7359 -0.3146
vn -0.6999 -0.6900 -0.1843
vn -0.6571 -0.7409 -0.1386
vn -0.6498 -0.7455 0.1484
vn -0.6879 -0.7105 0.1483
vn -0.8768 -0.4092 -0.2525
vn -0.7918 -0.5964 0.1317
vn -0.6505 -0.6165 0.4435
vn -0.6525 -0.6790 0.3365
vn -0.8116 -0.3512 0.4668
vn -0.6808 -0.4545 0.5744
vn -0.8451 -0.1748 0.5052
vn -0.7891 -0.2069 0.5784
vn -0.7284 -0.4075 0.5509
vn -0.7140 -0.0548 0.6980
vn -0.7426 -0.0274 0.6692
vn -0.6867 0.0625 0.7242
vn -0.7250 0.0899 0.6828
vn -0.7438 0.1182 0.6579
vn -0.8425 0.0638 0.5349
vn -0.6315 0.0482 0.7739
vn -0.6924 0.0595 0.7190
vn -0.6887 -0.0913 0.7193
vn -0.6170 -0.0845 0.7824
vn -0.7273 -0.1870 0.6603
vn -0.6315 -0.3031 0.7137
vn -0.5668 -0.2793 0.7751
vn -0.6732 -0.2901 0.6802
vn -0.5285 -0.4380 0.7272
vn -0.6323 -0.4406 0.6373
vn -0.5395 -0.5400 0.6461
vn -0.7060 -0.4410 0.5542
vn -0.7504 -0.2913 0.5934
vn -0.7801 -0.4329 0.4517
vn -0.8329 -0.2807 0.4771
vn -0.8616 -0.1012 0.4974
vn -0.7810 -0.0897 0.6181
vn -0.8641 0.0692 0.4986
vn -0.7824 0.0617 0.6197
vn -0.8665 0.1417 0.4786
vn -0.7966 0.1092 0.5946
vn -0.8932 0.0331 0.4484
vn -0.8185 0.0003 0.5745
vn -0.8939 -0.2173 0.3921
vn -0.7955 -0.3822 0.4701
vn -0.8504 -0.4541 0.2657
vn -0.7939 -0.5384 0.2827
vn -0.7469 -0.5493 0.3749
vn -0.7567 -0.5551 0.3453
vn -0.8311 -0.5117 0.2176
vn -0.8465 -0.4897 0.2089
vn -0.8151 -0.4725 0.3352
vn -0.8861 -0.4154 0.2056
vn -0.8941 -0.3473 0.2828
vn -0.8623 -0.3675 0.3484
vn -0.8980 -0.2848 0.3354
vn -0.8998 -0.2086 0.3831
vn -0.9259 -0.2368 0.2944
vn -0.8725 -0.3830 0.3034
vn -0.9270 -0.0727 0.3680
vn -0.9597 -0.0829 0.2686
vn -0.9290 0.0694 0.3634
vn -0.9627 0.0724 0.2606
vn -0.9087 0.1957 0.3686
vn -0.9344 0.2276 0.2740
vn -0.9005 0.2816 0.3315
vn -0.8645 0.3659 0.3445
vn -0.8806 0.3790 0.2844
vn -0.8899 0.3548 0.2867
vn -0.8863 0.4145 0.2063
vn -0.8456 0.4916 0.2078
vn -0.8163 0.4769 0.3260
vn -0.7889 0.5843 0.1901
vn -0.7551 0.6021 0.2595
vn -0.7243 0.6615 0.1946
vn -0.8024 0.5928 0.0681
vn -0.7367 0.6725 0.0711
vn -0.8024 0.5928 -0.0681
vn -0.7367 0.6725 -0.0711
vn -0.8616 0.5027 0.0701
vn -0.8616 0.5027 -0.0701
vn -0.9004 0.4296 0.0686
vn -0.9004 0.4296 -0.0686
vn -0.8861 0.4154 -0.2056
vn -0.8446 0.4943 -0.2055
vn -0.8941 0.3473 -0.2828
vn -0.8594 0.3641 -0.3589
vn -0.8144 0.4702 -0.3401
vn -0.7551 0.5567 -0.3463
vn -0.7446 0.6136 -0.2629
vn -0.7878 0.5859 -0.1903
vn -0.7243 0.6615 -0.1946
vn -0.6976 0.6264 -0.3479
vn -0.6619 0.7239 -0.1946
vn -0.6725 0.7367 -0.0711
vn -0.7622 0.4861 -0.4274
vn -0.7089 0.4988 -0.4986
vn -0.6601 0.5912 -0.4633
vn -0.7620 0.4240 -0.4894
vn -0.7551 0.3475 -0.5559
vn -0.7243 0.3754 -0.5783
vn -0.6739 0.4736 -0.5670
vn -0.7785 0.2876 -0.5579
vn -0.7947 0.2243 -0.5640
vn -0.8786 0.3084 -0.3646
vn -0.8166 0.4246 -0.3911
vn -0.7049 0.4193 -0.5722
vn -0.8429 0.0938 -0.5298
vn -0.9369 0.1496 -0.3160
vn -0.8670 -0.0489 -0.4959
vn -0.9660 -0.0169 -0.2578
vn -0.8592 -0.1675 -0.4834
vn -0.9570 -0.1945 -0.2154
vn -0.8311 -0.2648 -0.4890
vn -0.7990 -0.3695 -0.4745
vn -0.9118 -0.3764 -0.1641
vn -0.8658 -0.4869 -0.1157
vn -0.7338 -0.4773 -0.4835
vn -0.7063 -0.5976 -0.3794
vn -0.7347 -0.4733 -0.4860
vn -0.7464 -0.4462 -0.4937
vn -0.8230 -0.2499 -0.5102
vn -0.7718 -0.2208 -0.5963
vn -0.7979 0.0859 -0.5967
vn -0.8647 0.0625 -0.4984
vn -0.7795 0.2530 -0.5731
vn -0.8577 0.2358 -0.4569
vn -0.7395 0.2953 -0.6050
vn -0.8664 0.2327 -0.4418
vn -0.7905 0.2341 -0.5659
vn -0.8946 0.1551 -0.4191
vn -0.8746 0.0680 -0.4801
vn -0.8144 0.0802 -0.5748
vn -0.8754 -0.0729 -0.4779
vn -0.8125 -0.0976 -0.5748
vn -0.8927 -0.1730 -0.4161
vn -0.8571 -0.2815 -0.4315
vn -0.7852 -0.2600 -0.5620
vn -0.7383 -0.3682 -0.5651
vn -0.8024 -0.4416 -0.4016
vn -0.7262 -0.4581 -0.5127
vn -0.7248 -0.5516 -0.4129
vn -0.8491 -0.4703 -0.2406
vn -0.7760 -0.5922 -0.2173
vn -0.7177 -0.6264 -0.3042
vn -0.6868 -0.6924 -0.2211
vn -0.5798 -0.7735 -0.2560
vn -0.5464 -0.7313 -0.4082
vn -0.6493 -0.6374 -0.4149
vn -0.5610 -0.6416 -0.5231
vn -0.7030 -0.7085 -0.0618
vn -0.6205 -0.7819 -0.0600
vn -0.5315 -0.8312 -0.1629
vn -0.5177 -0.8536 -0.0572
vn -0.5153 -0.8502 0.1076
vn -0.6181 -0.7781 0.1122
vn -0.5524 -0.8073 0.2076
vn -0.7005 -0.7035 0.1199
vn -0.7369 -0.6375 0.2248
vn -0.6797 -0.6614 0.3172
vn -0.5755 -0.7568 0.3099
vn -0.7556 -0.5746 0.3145
vn -0.7076 -0.5356 0.4609
vn -0.6361 -0.6189 0.4608
vn -0.8355 -0.4608 0.2993
vn -0.7911 -0.6000 0.1191
vn -0.8690 -0.4794 0.1226
vn -0.8863 -0.3590 0.2927
vn -0.9161 -0.3821 0.1217
vn -0.8723 -0.4850 -0.0618
vn -0.9189 -0.3899 -0.0600
vn -0.8979 -0.3712 -0.2366
vn -0.9409 -0.2560 -0.2215
vn -0.9616 -0.2686 -0.0568
vn -0.9664 -0.0971 -0.2379
vn -0.9934 -0.0985 -0.0582
vn -0.9687 0.0758 -0.2362
vn -0.9952 0.0777 -0.0593
vn -0.9186 -0.0821 -0.3865
vn -0.9205 0.0502 -0.3875
vn -0.9133 0.2284 -0.3373
vn -0.9493 0.2158 -0.2285
vn -0.9294 0.2570 -0.2650
vn -0.9604 0.2025 -0.1911
vn -0.9778 0.1920 -0.0836
vn -0.9776 0.1989 -0.0691
vn -0.9858 0.1059 -0.1307
vn -0.9294 0.2139 -0.3009
vn -0.9442 0.0348 -0.3276
vn -0.9843 -0.0181 -0.1758
vn -0.9713 -0.1627 -0.1736
vn -0.8895 -0.2776 -0.3629
vn -0.9070 -0.3050 -0.2905
vn -0.8280 -0.4382 -0.3499
vn -0.8242 -0.4487 -0.3455
vn -0.8597 -0.4657 -0.2099
vn -0.9072 -0.3688 -0.2023
vn -0.8863 -0.4145 -0.2063
vn -0.8599 -0.3611 -0.3609
vn -0.8899 -0.3548 -0.2867
vn -0.8942 -0.2814 -0.3483
vn -0.8160 -0.3390 -0.4682
vn -0.8484 -0.2074 -0.4871
vn -0.8843 -0.2090 -0.4174
vn -0.8635 -0.0688 -0.4995
vn -0.9004 -0.0686 -0.4296
vn -0.8625 0.0710 -0.5011
vn -0.9004 0.0686 -0.4296
vn -0.8458 0.2075 -0.4914
vn -0.8863 0.2053 -0.4151
vn -0.8936 0.2845 -0.3472
vn -0.8146 0.3414 -0.4690
vn -0.9235 0.1979 -0.3285
vn -0.9235 0.3284 -0.1981
vn -0.9570 0.2051 -0.2051
vn -0.9761 0.0696 -0.2060
vn -0.9391 0.0676 -0.3370
vn -0.9761 -0.0696 -0.2060
vn -0.9391 -0.0676 -0.3370
vn -0.9570 -0.2051 -0.2051
vn -0.9236 -0.1984 -0.3281
vn -0.9761 -0.2060 -0.0696
vn -0.9953 -0.0686 -0.0686
vn -0.9391 -0.3369 -0.0676
vn -0.9236 -0.3281 -0.1984
vn -0.9004 -0.4296 -0.0686
vn -0.9004 -0.4296 0.0686
vn -0.9391 -0.3369 0.0676
vn -0.9235 -0.3284 0.1981
vn -0.9761 -0.2060 0.0696
vn -0.9570 -0.2051 0.2051
vn -0.9953 -0.0686 0.0686
vn -0.9761 -0.0696 0.2060
vn -0.9953 0.0686 0.0686
vn -0.9761 0.0696 0.2060
vn -0.9761 0.2060 0.0696
vn -0.9570 0.2051 0.2051
vn -0.9391 0.3369 0.0676
vn -0.9236 0.3281 0.1984
vn -0.9761 0.2060 -0.0696
vn -0.9391 0.3369 -0.0676
vn -0.9953 0.0686 -0.0686
vn -0.9426 0.0696 0.3265
vn -0.9249 0.2009 0.3229
vn -0.9424 -0.0701 0.3270
vn -0.9246 -0.2001 0.3242
vn -0.8673 -0.4919 0.0758
vn -0.8733 -0.4831 -0.0639
vn -0.8729 -0.4782 0.0964
vn -0.9144 -0.4031 -0.0372
vn -0.9292 -0.3315 0.1636
vn -0.9843 -0.1002 0.1455
vn -0.9957 -0.0898 0.0213
vn -0.9826 0.0738 0.1705
vn -0.9880 0.1359 0.0735
vn -0.9432 0.1727 0.2839
vn -0.9454 0.1755 0.2745
vn -0.9759 0.1868 0.1128
vn -0.9565 0.0708 0.2831
vn -0.9901 0.0751 0.1188
vn -0.9540 -0.0964 0.2839
vn -0.9879 -0.0983 0.1202
vn -0.9279 -0.2538 0.2730
vn -0.9566 -0.2669 0.1172
vn -0.8857 -0.2750 0.3742
vn -0.9120 -0.1014 0.3975
vn -0.9148 0.0713 0.3976
vn -0.9070 0.1860 0.3778
vn -0.9577 0.0691 0.2795
vn -0.9623 -0.1451 0.2302
vn -0.9968 0.0096 -0.0793
vn -0.8247 0.0753 -0.5605
vn -0.8005 0.1919 -0.5678
vn -0.8320 -0.0647 -0.5510
vn -0.8193 -0.1940 -0.5396
vn -0.7705 -0.3475 -0.5344
vn -0.7696 -0.4220 -0.4791
vn -0.7684 -0.4719 -0.4322
vn -0.9027 -0.2729 -0.3327
vn -0.7948 -0.6040 -0.0592
vn -0.5308 -0.7125 0.4590
vn -0.5400 -0.6258 0.5629
vn -0.4768 -0.8230 0.3086
vn -0.4828 -0.8385 -0.2526
vn -0.4533 -0.7946 -0.4038
vn -0.5837 -0.5897 -0.5581
vn -0.6597 -0.4865 -0.5728
vn -0.4712 -0.6983 -0.5389
vn -0.7312 -0.2563 -0.6322
vn -0.6356 -0.4973 -0.5906
vn -0.8145 -0.4510 -0.3648
vn -0.8555 -0.2927 -0.4271
vn -0.8699 -0.0807 -0.4866
vn -0.7503 -0.0932 -0.6545
vn -0.8325 0.1503 -0.5332
vn -0.7402 0.0880 -0.6666
vn -0.9560 -0.2646 0.1266
vn -0.9977 -0.0257 0.0629
vn -0.8879 -0.1870 0.4204
vn -0.9148 0.0275 0.4031
vn -0.9021 0.1890 0.3879
vn -0.9789 0.2042 0.0116
vn -0.9377 0.3473 0.0056
vn -0.8615 0.2247 0.4554
vn -0.8235 0.3609 0.4377
vn -0.8068 -0.0062 0.5908
vn -0.8096 0.0687 0.5829
vn -0.9008 0.1486 0.4080
vn -0.8810 -0.0958 0.4634
vn -0.7918 -0.3529 0.4984
vn -0.7238 -0.4000 0.5623
vn -0.6994 -0.3493 0.6235
vn -0.6546 -0.5204 0.5484
vn -0.6722 -0.4965 0.5491
vn -0.6876 -0.6004 0.4084
vn -0.7463 -0.5586 0.3618
vn -0.7103 -0.3074 0.6332
vn -0.7465 -0.4090 0.5249
vn -0.7829 -0.5233 0.3364
vn -0.8494 -0.4251 0.3127
vn -0.8182 -0.5678 -0.0907
vn -0.7585 -0.3584 0.5442
vn -0.8093 -0.2403 0.5360
vn -0.9065 -0.3156 0.2806
vn -0.8484 -0.1503 0.5076
vn -0.8704 -0.0793 0.4859
vn -0.9620 -0.1421 0.2331
vn -0.8893 0.0491 0.4546
vn -0.9841 0.0288 0.1752
vn -0.8780 0.1446 0.4562
vn -0.8655 0.2325 0.4437
vn -0.9684 0.2162 0.1242
vn -0.8257 0.3782 0.4185
vn -0.9193 0.3870 0.0715
vn -0.8730 0.4861 0.0395
vn -0.7834 0.4823 0.3919
vn -0.7864 0.4223 0.4508
vn -0.7343 0.5043 0.4545
vn -0.7215 0.4978 0.4813
vn -0.7891 0.3480 0.5062
vn -0.6732 0.5787 0.4603
vn -0.7691 0.5504 0.3248
vn -0.7148 0.6171 0.3290
vn -0.6573 0.6305 0.4128
vn -0.7804 0.4862 0.3931
vn -0.6424 0.6926 0.3282
vn -0.7415 0.6425 0.1935
vn -0.6665 0.7201 0.1929
vn -0.7534 0.6551 0.0570
vn -0.6787 0.7322 0.0567
vn -0.7952 0.5741 0.1952
vn -0.8071 0.5876 0.0577
vn -0.8057 0.5873 -0.0768
vn -0.7521 0.6547 -0.0762
vn -0.7917 0.5716 -0.2156
vn -0.7382 0.6398 -0.2137
vn -0.6780 0.7311 -0.0759
vn -0.6637 0.7170 -0.2131
vn -0.7111 0.6128 -0.3448
vn -0.6381 0.6888 -0.3441
vn -0.6533 0.6262 -0.4255
vn -0.7648 0.5463 -0.3415
vn -0.7723 0.4858 -0.4094
vn -0.7238 0.4907 -0.4852
vn -0.6568 0.5689 -0.4949
vn -0.7736 0.4131 -0.4804
vn -0.7658 0.3455 -0.5423
vn -0.7117 0.3473 -0.6106
vn -0.6565 0.4975 -0.5670
vn -0.7926 0.2184 -0.5693
vn -0.7415 0.2208 -0.6336
vn -0.8069 0.0795 -0.5853
vn -0.7593 0.0825 -0.6455
vn -0.8086 -0.0545 -0.5858
vn -0.7631 -0.0525 -0.6442
vn -0.7971 -0.1916 -0.5727
vn -0.7476 -0.1939 -0.6352
vn -0.7712 -0.3232 -0.5484
vn -0.7166 -0.3270 -0.6160
vn -0.8549 -0.1901 -0.4827
vn -0.8271 -0.3135 -0.4665
vn -0.7797 -0.3959 -0.4850
vn -0.8772 -0.3280 -0.3507
vn -0.8300 -0.4458 -0.3353
vn -0.7822 -0.4631 -0.4168
vn -0.7738 -0.5307 -0.3459
vn -0.8046 -0.5509 -0.2215
vn -0.8602 -0.4630 -0.2136
vn -0.8766 -0.4746 -0.0801
vn -0.8174 -0.5717 -0.0709
vn -0.8073 -0.5719 -0.1458
vn -0.9162 -0.3923 -0.0819
vn -0.9006 -0.3813 -0.2088
vn -0.9172 -0.3937 0.0611
vn -0.8776 -0.4755 0.0601
vn -0.9038 -0.3833 0.1901
vn -0.8634 -0.4651 0.1957
vn -0.8068 -0.5545 0.2038
vn -0.8317 -0.5406 0.1264
vn -0.8184 -0.5720 0.0552
vn -0.7946 -0.6062 0.0336
vn -0.7698 -0.6322 -0.0880
vn -0.8899 -0.4525 -0.0573
vn -0.8284 -0.5343 -0.1680
vn -0.7565 -0.6143 -0.2243
vn -0.6876 -0.6847 -0.2415
vn -0.7483 -0.6248 -0.2229
vn -0.8805 -0.4012 -0.2526
vn -0.8991 -0.2386 -0.3670
vn -0.8067 -0.3419 -0.4821
vn -0.7107 -0.6294 -0.3143
vn -0.8908 -0.0356 -0.4529
vn -0.8101 -0.0839 -0.5803
vn -0.8724 -0.0248 -0.4881
vn -0.7852 -0.0372 -0.6182
vn -0.7307 -0.0761 -0.6784
vn -0.8560 -0.1619 -0.4911
vn -0.7603 -0.1804 -0.6240
vn -0.7249 -0.3531 -0.5914
vn -0.8140 -0.3445 -0.4677
vn -0.7353 -0.4687 -0.4896
vn -0.8808 -0.3727 -0.2920
vn -0.8070 -0.5246 -0.2710
vn -0.7338 -0.5554 -0.3914
vn -0.7120 -0.6435 -0.2810
vn -0.7368 -0.6700 -0.0901
vn -0.8380 -0.5389 -0.0859
vn -0.7350 -0.6684 0.1141
vn -0.8374 -0.5349 0.1129
vn -0.8966 -0.4319 0.0975
vn -0.8964 -0.4373 -0.0731
vn -0.9112 -0.3634 0.1942
vn -0.8765 -0.3697 0.3084
vn -0.8025 -0.5214 0.2900
vn -0.9182 -0.2521 0.3055
vn -0.9077 -0.1535 0.3905
vn -0.8240 -0.3615 0.4362
vn -0.9513 -0.1312 0.2788
vn -0.9585 0.0318 0.2834
vn -0.9169 0.0392 0.3972
vn -0.9363 0.1390 0.3224
vn -0.9930 0.0262 0.1156
vn -0.9838 0.1197 0.1333
vn -0.9511 0.1608 0.2636
vn -0.9821 0.0440 0.1830
vn -0.9532 0.0913 0.2883
vn -0.9282 -0.2378 0.2863
vn -0.9124 -0.1655 0.3743
vn -0.7975 -0.4998 0.3378
vn -0.7204 -0.5135 0.4662
vn -0.7801 -0.5331 0.3274
vn -0.7872 -0.4658 0.4042
vn -0.7351 -0.4749 0.4838
vn -0.7846 -0.4030 0.4712
vn -0.7781 -0.3281 0.5356
vn -0.7027 -0.4575 0.5449
vn -0.8340 -0.3165 0.4519
vn -0.8637 -0.1948 0.4649
vn -0.8100 -0.2047 0.5495
vn -0.8790 -0.0593 0.4731
vn -0.8448 -0.0582 0.5320
vn -0.8793 0.0811 0.4693
vn -0.8498 0.0695 0.5225
vn -0.8625 0.2174 0.4569
vn -0.8238 0.2365 0.5152
vn -0.8283 0.3398 0.4455
vn -0.9065 0.2359 0.3502
vn -0.8747 0.3538 0.3313
vn -0.8254 0.4682 0.3154
vn -0.9032 0.3732 0.2119
vn -0.8530 0.4849 0.1932
vn -0.9098 0.4108 0.0594
vn -0.8673 0.4943 0.0594
vn -0.9155 0.3759 0.1433
vn -0.9341 0.2920 0.2053
vn -0.9570 0.2157 0.1942
vn -0.9743 0.2176 0.0588
vn -0.9415 0.3323 0.0562
vn -0.9773 0.0816 0.1956
vn -0.9950 0.0813 0.0588
vn -0.9790 -0.0560 0.1958
vn -0.9967 -0.0556 0.0586
vn -0.9624 -0.1906 0.1935
vn -0.9795 -0.1928 0.0590
vn -0.9342 -0.3070 0.1816
vn -0.9483 -0.3120 0.0588
vn -0.9469 -0.3119 -0.0788
vn -0.9780 -0.1929 -0.0788
vn -0.9298 -0.3074 -0.2027
vn -0.9579 -0.1923 -0.2134
vn -0.9752 -0.0556 -0.2144
vn -0.9954 -0.0557 -0.0781
vn -0.9736 0.0806 -0.2134
vn -0.9936 0.0813 -0.0783
vn -0.9545 0.2127 -0.2089
vn -0.9732 0.2163 -0.0776
vn -0.9285 0.2984 -0.2211
vn -0.9215 0.3580 -0.1507
vn -0.9406 0.3318 -0.0720
vn -0.9087 0.4103 -0.0770
vn -0.8977 0.3775 -0.2273
vn -0.8487 0.4843 -0.2125
vn -0.8659 0.4941 -0.0777
vn -0.8664 0.3546 -0.3517
vn -0.8185 0.4678 -0.3336
vn -0.9296 0.2265 -0.2909
vn -0.8993 0.2380 -0.3670
vn -0.9219 0.1582 -0.3536
vn -0.9094 0.0792 -0.4084
vn -0.8664 0.0802 -0.4929
vn -0.8493 0.2156 -0.4819
vn -0.9106 -0.0578 -0.4093
vn -0.8682 -0.0567 -0.4930
vn -0.9245 -0.1356 -0.3561
vn -0.9070 -0.2078 -0.3664
vn -0.9331 -0.2095 -0.2923
vn -0.9050 -0.3264 -0.2728
vn -0.9423 -0.0542 -0.3305
vn -0.9410 0.0736 -0.3302
vn -0.8196 0.3327 -0.4664
vn -0.9107 -0.2507 0.3283
vn -0.9092 -0.3278 0.2566
vn -0.9348 -0.1712 0.3112
vn -0.9038 -0.1888 0.3840
vn -0.9476 -0.0559 0.3147
vn -0.9166 -0.0582 0.3956
vn -0.9460 0.0808 0.3140
vn -0.9136 0.0873 0.3971
vn -0.9276 0.1610 0.3372
vn -0.8819 -0.3319 0.3347
vn -0.9274 0.2428 0.2844
vn -0.8341 -0.4496 0.3196
vn -0.8107 -0.5501 0.2002
vn -0.9325 -0.3421 0.1157
vn -0.9994 -0.0288 0.0188
vn -0.9811 -0.1154 -0.1554
vn -0.9951 0.0846 -0.0512
vn -0.9747 0.0427 -0.2192
vn -0.9444 0.0103 -0.3286
vn -0.9519 -0.1375 -0.2737
vn -0.9284 -0.0109 -0.3715
vn -0.9674 0.0020 -0.2531
vn -0.9144 -0.1532 -0.3748
vn -0.9562 -0.1447 -0.2546
vn -0.9228 -0.2613 -0.2830
vn -0.9839 -0.1580 -0.0833
vn -0.9460 -0.3179 -0.0628
vn -0.9090 -0.3861 -0.1569
vn -0.9416 -0.3248 0.0893
vn -0.9816 -0.1582 0.1070
vn -0.9966 0.0151 -0.0805
vn -0.9140 0.1805 0.3633
vn -0.7461 -0.4817 0.4596
vn -0.7282 -0.5525 0.4056
vn -0.7080 -0.6395 0.2995
vn -0.6537 -0.5892 0.4749
vn -0.6191 -0.7262 0.2991
vn -0.6471 -0.7538 0.1143
vn -0.7797 -0.4141 0.4698
vn -0.6486 -0.7558 -0.0904
vn -0.6532 -0.5700 -0.4985
vn -0.6437 -0.3535 -0.6787
vn -0.6781 -0.1778 -0.7132
vn -0.6973 -0.0488 -0.7151
vn -0.7244 -0.1253 -0.6779
vn -0.7198 -0.3664 -0.5897
vn -0.6263 -0.6667 -0.4040
vn -0.6503 -0.6738 -0.3509
vn -0.7208 -0.5981 -0.3503
vn -0.6609 -0.6094 -0.4380
vn -0.7279 -0.4740 -0.4955
vn -0.6920 0.2257 -0.6857
vn -0.7440 0.0688 -0.6646
vn -0.5930 0.6336 -0.4969
vn -0.5710 0.7465 -0.3416
vn -0.5975 0.7726 -0.2144
vn -0.6128 0.7865 -0.0763
vn -0.6136 0.7876 0.0570
vn -0.6006 0.7757 0.1941
vn -0.5752 0.7505 0.3254
vn -0.6098 0.6460 0.4592
vn -0.6121 0.6876 0.3904
vn -0.7358 0.5639 0.3750
vn -0.7991 -0.5869 -0.1303
vn -0.8359 -0.5205 0.1744
vn -0.8713 -0.4501 -0.1954
vn -0.8966 -0.1303 -0.4232
vn -0.9435 -0.2813 0.1748
vn -0.8136 0.2656 -0.5172
vn -0.9735 0.1954 0.1187
vn -0.7618 0.3409 -0.5509
vn -0.8503 0.3479 -0.3949
vn -0.9359 0.3494 0.0456
vn -0.6722 0.2413 -0.6999
vn -0.7128 0.2415 -0.6584
vn -0.7439 0.3127 -0.5906
vn -0.7076 0.2614 -0.6565
vn -0.7479 0.0071 -0.6638
vn -0.7521 0.0698 -0.6554
vn -0.7770 -0.3455 -0.5261
vn -0.8989 -0.4030 0.1720
vn -0.8049 -0.5449 0.2351
vn -0.7517 -0.5786 -0.3165
vn -0.7688 -0.2681 -0.5806
vn -0.6725 0.7367 0.0711
vn -0.6619 0.7239 0.1946
vn -0.9676 0.2526 0.0023
vn -0.9101 0.4141 0.0156
vn -0.9972 0.0748 -0.0016
vn -0.9949 -0.1008 0.0077
vn -0.9606 -0.2764 0.0303
vn -0.9017 -0.4287 0.0564
vn -0.8484 -0.5231 0.0812
vn -0.8157 -0.4752 0.3299
vn -0.7694 -0.6296 0.1076
vn -0.7519 -0.5585 0.3502
vn -0.6836 -0.6228 0.3807
vn -0.7673 -0.4934 0.4096
vn -0.7424 -0.6476 -0.1717
vn -0.5213 -0.3413 0.7821
vn -0.6887 -0.2299 0.6876
vn -0.7887 -0.0324 0.6139
vn -0.9713 -0.2379 0.0055
vn -0.8216 -0.5483 0.1561
vn -0.8889 0.0367 0.4566
vn -0.9917 -0.0072 -0.1280
vn -0.8893 -0.2522 -0.3815
vn -0.9137 -0.0341 -0.4050
vn -0.9946 0.0391 -0.0962
vn -0.9149 0.1026 -0.3905
vn -0.9420 0.1204 -0.3133
vn -0.9825 -0.1842 0.0263
vn -0.9544 -0.0390 -0.2960
vn -0.9478 0.0488 -0.3152
vn -0.9860 0.0801 -0.1465
vn -0.9354 0.1277 -0.3296
vn -0.9433 -0.0431 -0.3292
vn -0.9056 -0.2833 -0.3156
vn -0.8529 -0.4341 -0.2902
vn -0.8632 -0.4960 -0.0942
vn -0.9498 -0.3000 -0.0884
vn -0.8462 -0.4900 0.2095
vn -0.9365 -0.2968 0.1868
vn -0.9934 -0.0545 -0.1008
vn -0.9806 -0.0785 0.1794
vn -0.9953 -0.0334 0.0904
vn -0.9076 -0.0952 0.4090
vn -0.9311 -0.1622 0.3268
vn -0.7781 -0.6256 0.0558
vn -0.6988 -0.6858 0.2036
vn -0.8334 -0.2496 0.4931
vn -0.4710 -0.8815 0.0341
vn -0.4106 -0.8766 0.2509
vn -0.4338 -0.8837 0.1760
vn -0.5143 -0.8411 0.1674
vn -0.4935 -0.8088 0.3197
vn -0.3659 -0.8655 0.3422
vn -0.3473 -0.9031 0.2526
vn -0.5149 -0.7464 0.4216
vn -0.4405 -0.7471 0.4977
vn -0.3370 -0.8113 0.4778
vn -0.5248 -0.6836 0.5072
vn -0.5304 -0.6033 0.5955
vn -0.4526 -0.5973 0.6621
vn -0.3467 -0.6752 0.6510
vn -0.3420 -0.7430 0.5753
vn -0.5277 -0.5293 0.6643
vn -0.5161 -0.4350 0.7379
vn -0.5082 -0.5498 0.6629
vn -0.4455 -0.6080 0.6572
vn -0.3483 -0.5882 0.7299
vn -0.6171 -0.4240 0.6629
vn -0.7362 -0.3649 0.5700
vn -0.8336 -0.4620 0.3027
vn -0.6932 -0.6595 0.2907
vn -0.5701 -0.6404 0.5147
vn -0.8624 -0.2356 0.4480
vn -0.9318 -0.2874 0.2218
vn -0.9533 -0.1476 0.2636
vn -0.9952 -0.0238 0.0948
vn -0.9933 -0.0151 0.1142
vn -0.9511 -0.2822 0.1258
vn -0.9263 -0.2857 0.2457
vn -0.9686 -0.0202 0.2478
vn -0.9609 0.2590 0.0979
vn -0.9385 0.2469 0.2414
vn -0.8655 0.4953 0.0743
vn -0.8501 0.4761 0.2250
vn -0.7294 0.6421 0.2360
vn -0.7432 0.6661 0.0623
vn -0.8346 0.5268 0.1611
vn -0.7209 0.6831 0.1170
vn -0.7182 0.5123 0.4710
vn -0.6178 0.6514 0.4405
vn -0.7529 0.3690 0.5450
vn -0.9527 0.2642 0.1502
vn -0.8881 0.3359 0.3138
vn -0.9575 0.1806 0.2249
vn -0.9610 0.0159 0.2762
vn -0.7801 0.0382 0.6245
vn -0.7525 0.2645 0.6032
vn -0.6779 0.0532 0.7332
vn -0.6667 0.2195 0.7123
vn -0.6372 0.3576 0.6827
vn -0.5955 0.4237 0.6825
vn -0.6476 0.4348 0.6257
vn -0.5786 0.5201 0.6282
vn -0.5086 0.5255 0.6820
vn -0.4962 0.6104 0.6173
vn -0.3792 0.6775 0.6303
vn -0.4613 0.5996 0.6539
vn -0.4890 0.6728 0.5551
vn -0.3648 0.7156 0.5957
vn -0.4830 0.7408 0.4669
vn -0.3495 0.7943 0.4969
vn -0.5137 0.7924 0.3290
vn -0.4284 0.8436 0.3237
vn -0.3370 0.8490 0.4070
vn -0.3263 0.8932 0.3094
vn -0.4457 0.8771 0.1792
vn -0.3434 0.9245 0.1654
vn -0.5323 0.8242 0.1935
vn -0.4615 0.8809 0.1049
vn -0.6366 0.7537 0.1637
vn -0.6078 0.7165 0.3425
vn -0.6593 0.7058 0.2592
vn -0.6867 0.6407 0.3434
vn -0.6444 0.6024 0.4711
vn -0.5718 0.6714 0.4714
vn -0.7203 0.5116 0.4684
vn -0.7657 0.5509 0.3320
vn -0.8224 0.4639 0.3293
vn -0.7678 0.3921 0.5067
vn -0.8238 0.3836 0.4174
vn -0.8188 0.2989 0.4902
vn -0.7046 0.3585 0.6124
vn -0.7401 0.2184 0.6360
vn -0.8056 0.2079 0.5548
vn -0.8204 0.0571 0.5689
vn -0.7584 0.0566 0.6493
vn -0.8177 -0.1079 0.5655
vn -0.7559 -0.1066 0.6460
vn -0.7968 -0.2564 0.5471
vn -0.7343 -0.2606 0.6268
vn -0.8102 -0.3327 0.4825
vn -0.6715 -0.3516 0.6522
vn -0.6784 -0.4406 0.5879
vn -0.7571 -0.4298 0.4920
vn -0.6817 -0.5266 0.5079
vn -0.8051 -0.4981 0.3221
vn -0.8115 -0.4227 0.4034
vn -0.6796 -0.5928 0.4321
vn -0.7472 -0.5776 0.3288
vn -0.6650 -0.6708 0.3284
vn -0.6119 -0.6027 0.5122
vn -0.8624 -0.4005 0.3094
vn -0.9090 -0.2605 0.3255
vn -0.8552 -0.2398 0.4594
vn -0.9380 -0.1054 0.3302
vn -0.8780 -0.1033 0.4674
vn -0.9417 0.0545 0.3321
vn -0.8817 0.0542 0.4686
vn -0.9198 0.2146 0.3285
vn -0.8643 0.2024 0.4606
vn -0.9778 0.1274 0.1663
vn -0.9596 0.2230 0.1713
vn -0.9725 0.0356 0.2301
vn -0.9123 0.3745 0.1657
vn -0.8777 0.3617 0.3144
vn -0.8532 0.4994 0.1502
vn -0.8230 0.5200 0.2285
vn -0.7908 0.5914 0.1579
vn -0.8614 0.5079 0.0085
vn -0.8015 0.5979 0.0090
vn -0.8535 0.5030 -0.1359
vn -0.7920 0.5934 -0.1435
vn -0.9261 0.3771 0.0085
vn -0.9154 0.3740 -0.1490
vn -0.9735 0.2287 0.0087
vn -0.9614 0.2288 -0.1528
vn -0.9891 0.1470 0.0090
vn -0.9793 0.1365 -0.1495
vn -0.9747 0.0467 -0.2185
vn -0.9481 0.0545 -0.3134
vn -0.9259 0.2171 -0.3093
vn -0.9727 -0.0928 -0.2127
vn -0.9449 -0.1059 -0.3098
vn -0.9740 -0.1701 -0.1495
vn -0.9503 -0.2696 -0.1555
vn -0.9159 -0.2624 -0.3039
vn -0.8966 -0.4175 -0.1478
vn -0.8676 -0.4031 -0.2912
vn -0.8859 -0.2571 -0.3861
vn -0.8267 -0.4194 -0.3750
vn -0.9068 -0.4216 0.0080
vn -0.9607 -0.2776 0.0062
vn -0.8942 -0.4165 0.1643
vn -0.9481 -0.2672 0.1726
vn -0.9827 -0.1848 0.0084
vn -0.9881 -0.1118 0.1057
vn -0.9737 -0.1313 0.1862
vn -0.9838 -0.0428 0.1738
vn -0.9959 -0.0903 0.0082
vn -0.9988 0.0473 0.0083
vn -0.9891 0.0390 0.1421
vn -0.9883 -0.0839 -0.1270
vn -0.9913 0.0411 -0.1251
vn -0.9154 -0.1080 -0.3877
vn -0.9190 0.0607 -0.3896
vn -0.8818 0.3642 -0.2998
vn -0.8120 0.5395 -0.2226
vn -0.7290 0.6670 -0.1538
vn -0.7379 0.6749 0.0089
vn -0.7279 0.6650 0.1672
vn -0.6479 -0.2609 0.7157
vn -0.6057 -0.4434 0.6607
vn -0.6693 -0.1075 0.7352
vn -0.7289 -0.1656 0.6643
vn -0.6465 -0.3036 0.6999
vn -0.6516 0.5157 0.5563
vn -0.2532 0.8392 0.4813
vn -0.2671 0.7565 0.5969
vn -0.5256 0.7469 0.4073
vn -0.5944 0.8002 0.0800
vn -0.7599 0.5249 0.3833
vn -0.6258 0.7782 0.0521
vn -0.6182 0.7507 0.2331
vn -0.7626 0.4023 0.5066
vn -0.8569 0.2328 0.4599
vn -0.7364 0.2476 0.6297
vn -0.7589 -0.0231 0.6508
vn -0.8824 -0.0217 0.4701
vn -0.7309 -0.2833 0.6209
vn -0.8490 -0.2681 0.4554
vn -0.7524 -0.4348 0.4948
vn -0.7486 -0.5560 0.3612
vn -0.8323 -0.5057 0.2269
vn -0.7102 -0.6629 0.2370
vn -0.7241 -0.6776 0.1285
vn -0.8484 -0.5150 0.1224
vn -0.5926 -0.7715 0.2315
vn -0.5988 -0.7911 0.1248
vn -0.6491 -0.5699 0.5039
vn -0.6192 -0.2833 0.7324
vn -0.6491 -0.0231 0.7604
vn -0.6624 0.5395 0.5198
vn -0.6067 -0.7426 0.2839
vn -0.2409 -0.7237 0.6467
vn -0.5912 -0.7376 0.3263
vn -0.2724 -0.9039 0.3297
vn -0.6152 -0.7683 0.1768
vn -0.6877 -0.4191 0.5928
vn -0.8095 -0.1385 0.5706
vn -0.8424 -0.1995 0.5005
vn -0.6899 -0.1743 0.7026
vn -0.7688 -0.3566 0.5308
vn -0.8608 -0.3437 0.3754
vn -0.6792 -0.5676 0.4654
vn -0.7492 -0.6295 0.2061
vn -0.7682 -0.6339 -0.0892
vn -0.7577 -0.6007 -0.2549
vn -0.9047 -0.0803 0.4184
vn -0.8946 0.2151 -0.3916
vn -0.7428 0.5700 -0.3511
vn -0.3127 0.8935 -0.3222
vn -0.6526 0.6960 0.2996
vn -0.4296 0.9004 0.0686
vn -0.4151 0.8863 0.2053
vn -0.4296 0.9004 -0.0686
vn -0.4174 0.8843 -0.2090
vn -0.4271 0.7590 -0.4914
vn -0.3385 0.8659 0.3684
vn -0.3091 0.8919 0.3300
vn -0.2953 0.8918 -0.3428
vn -0.5969 0.7135 -0.3671
vn -0.7999 0.5564 -0.2251
vn -0.6915 0.6958 -0.1943
vn -0.8162 0.5755 -0.0511
vn -0.7160 0.6968 -0.0422
vn -0.8904 0.4515 -0.0573
vn -0.8919 0.4453 -0.0790
vn -0.8234 0.5625 -0.0745
vn -0.9426 0.3288 -0.0590
vn -0.9430 0.3242 -0.0751
vn -0.9877 0.1430 -0.0627
vn -0.9866 0.1446 -0.0758
vn -0.9960 -0.0654 -0.0605
vn -0.9953 -0.0626 -0.0742
vn -0.9617 -0.2693 -0.0506
vn -0.9635 -0.2588 -0.0691
vn -0.9142 -0.4031 -0.0417
vn -0.9155 -0.3962 -0.0692
vn -0.9465 -0.2452 -0.2098
vn -0.8778 -0.4416 -0.1858
vn -0.8570 -0.4901 -0.1591
vn -0.8559 -0.5159 -0.0353
vn -0.7286 -0.6571 -0.1932
vn -0.7603 -0.6491 -0.0246
vn -0.7655 -0.6403 -0.0633
vn -0.8583 -0.5085 -0.0693
vn -0.6318 -0.5854 -0.5081
vn -0.8134 -0.5182 -0.2643
vn -0.9730 -0.0589 -0.2233
vn -0.9646 0.1421 -0.2223
vn -0.9259 0.3173 -0.2050
vn -0.7180 0.6927 -0.0683
vn -0.6242 0.7785 -0.0654
vn -0.6165 0.7866 -0.0349
vn -0.6101 0.7566 -0.2355
vn -0.6099 0.7709 -0.1836
vn -0.7493 -0.0455 -0.6606
vn -0.3900 -0.1552 -0.9076
vn -0.3084 -0.3029 -0.9018
vn -0.4540 -0.6337 -0.6263
vn -0.3210 -0.1801 -0.9298
vn -0.1807 -0.2273 -0.9569
vn -0.2636 -0.3662 -0.8924
vn -0.1378 -0.3345 -0.9323
vn -0.1445 -0.4594 -0.8764
vn 0.0617 -0.4671 -0.8821
vn 0.0576 -0.3385 -0.9392
vn -0.1407 -0.5679 -0.8110
vn 0.0602 -0.5748 -0.8161
vn -0.1381 -0.6938 -0.7068
vn 0.0590 -0.6992 -0.7125
vn -0.1389 -0.7735 -0.6183
vn 0.0595 -0.7790 -0.6242
vn -0.1371 -0.8669 -0.4792
vn 0.0583 -0.8727 -0.4847
vn -0.1272 -0.9249 -0.3582
vn 0.0499 -0.9288 -0.3671
vn -0.1195 -0.9596 -0.2549
vn 0.0366 -0.9662 -0.2551
vn -0.1323 -0.9873 -0.0882
vn 0.0550 -0.9950 -0.0838
vn -0.1307 -0.9856 0.1068
vn 0.0595 -0.9921 0.1106
vn -0.1511 -0.9626 0.2249
vn -0.0519 -0.9491 0.3107
vn 0.0429 -0.9619 0.2702
vn -0.1742 -0.9272 0.3314
vn -0.1375 -0.8595 0.4924
vn 0.0605 -0.8659 0.4965
vn 0.0369 -0.9232 0.3826
vn -0.1351 -0.8082 0.5731
vn 0.0658 -0.8059 0.5883
vn -0.1349 -0.8857 0.4442
vn 0.0995 -0.8693 0.4842
vn 0.2592 -0.7680 0.5856
vn 0.2537 -0.8356 0.4872
vn 0.3853 -0.7651 0.5160
vn 0.3259 -0.8014 0.5015
vn 0.4954 -0.6983 0.5167
vn 0.4905 -0.6940 0.5270
vn 0.4764 -0.7638 0.4354
vn 0.6175 -0.6232 0.4798
vn 0.6646 -0.6784 0.3131
vn 0.5741 -0.7576 0.3107
vn 0.4472 -0.8420 0.3018
vn 0.6751 -0.7156 0.1791
vn 0.6074 -0.7894 0.0891
vn 0.4666 -0.8775 0.1112
vn 0.6088 -0.7906 -0.0658
vn 0.4671 -0.8799 -0.0875
vn 0.6509 -0.7400 -0.1697
vn 0.5790 -0.7588 -0.2982
vn 0.4438 -0.8477 -0.2907
vn 0.6686 -0.6833 -0.2935
vn 0.4898 -0.7014 -0.5178
vn 0.4733 -0.7721 -0.4241
vn 0.6181 -0.6348 -0.4636
vn 0.6253 -0.5345 -0.5686
vn 0.5390 -0.5349 -0.6507
vn 0.4380 -0.6297 -0.6416
vn 0.4329 -0.5201 -0.7362
vn 0.5949 -0.3732 -0.7119
vn 0.4709 -0.3543 -0.8079
vn 0.4396 -0.2406 -0.8654
vn 0.6662 -0.2675 -0.6961
vn 0.6213 -0.1793 -0.7628
vn 0.5493 -0.1812 -0.8158
vn 0.6697 -0.1127 -0.7341
vn 0.6899 -0.2723 -0.6708
vn 0.7554 -0.2348 -0.6117
vn 0.8131 -0.4610 -0.3556
vn 0.8756 -0.4229 -0.2332
vn 0.8758 -0.4766 -0.0766
vn 0.7703 -0.6318 -0.0871
vn 0.8247 -0.4473 -0.3460
vn 0.7203 -0.6032 -0.3425
vn 0.4966 -0.4544 -0.7396
vn 0.5078 -0.6417 -0.5748
vn 0.8042 -0.2771 -0.5258
vn 0.6803 -0.2637 -0.6839
vn 0.4360 -0.2456 -0.8658
vn 0.7370 -0.1431 -0.6606
vn 0.5193 -0.2544 -0.8158
vn 0.4570 -0.8398 -0.2931
vn 0.7202 -0.5378 -0.4383
vn 0.4594 -0.8882 -0.0042
vn 0.6134 -0.7479 -0.2538
vn 0.5922 -0.8056 0.0178
vn 0.5693 -0.8184 0.0782
vn 0.4507 -0.8896 0.0734
vn 0.5644 -0.8250 -0.0293
vn 0.4518 -0.8916 -0.0314
vn 0.3249 -0.9440 0.0579
vn 0.3143 -0.9488 -0.0317
vn 0.4353 -0.8717 -0.2251
vn 0.3044 -0.9300 -0.2063
vn 0.3363 -0.8798 -0.3358
vn 0.3423 -0.8249 -0.4498
vn 0.5456 -0.8073 -0.2250
vn 0.5075 -0.7588 -0.4083
vn 0.5235 -0.6683 -0.5284
vn 0.4136 -0.6641 -0.6228
vn 0.3046 -0.7429 -0.5961
vn 0.3085 -0.6376 -0.7059
vn 0.5235 -0.5767 -0.6271
vn 0.5135 -0.4539 -0.7283
vn 0.3524 -0.5024 -0.7895
vn 0.3445 -0.3907 -0.8536
vn 0.5596 -0.2837 -0.7787
vn 0.4510 -0.2808 -0.8472
vn 0.5339 -0.1592 -0.8304
vn 0.3167 -0.2579 -0.9128
vn 0.4902 -0.0430 -0.8705
vn 0.3288 -0.0584 -0.9426
vn 0.5416 0.0626 -0.8383
vn 0.4672 0.1596 -0.8696
vn 0.3271 0.1400 -0.9346
vn 0.4389 0.3477 -0.8285
vn 0.3072 0.3266 -0.8938
vn 0.3251 0.4595 -0.8266
vn 0.1207 0.4887 -0.8641
vn 0.1177 0.3461 -0.9308
vn 0.3322 0.5620 -0.7575
vn 0.1202 0.5924 -0.7966
vn 0.1228 0.1456 -0.9817
vn 0.6069 -0.0467 -0.7934
vn 0.1230 -0.0604 -0.9906
vn 0.1208 -0.2669 -0.9561
vn 0.1152 -0.4400 -0.8906
vn 0.2450 -0.5022 -0.8293
vn 0.1241 -0.5641 -0.8163
vn 0.6866 -0.2885 -0.6674
vn 0.7444 -0.1735 -0.6447
vn 0.6992 -0.0576 -0.7126
vn 0.7701 -0.2831 -0.5717
vn 0.7179 -0.4575 -0.5247
vn 0.6377 -0.4572 -0.6200
vn 0.6291 -0.6579 -0.4141
vn 0.7141 -0.5648 -0.4136
vn 0.7597 -0.6096 -0.2264
vn 0.6757 -0.7018 -0.2258
vn 0.7303 -0.6750 -0.1057
vn 0.7813 -0.6239 -0.0183
vn 0.8736 -0.4860 -0.0240
vn 0.8546 -0.4699 -0.2213
vn 0.6851 -0.7282 -0.0187
vn 0.8493 -0.5260 0.0448
vn 0.7813 -0.6173 0.0918
vn 0.8719 -0.4805 0.0942
vn 0.7914 -0.6094 0.0484
vn 0.8772 -0.4766 0.0576
vn 0.7824 -0.5921 -0.1929
vn 0.8692 -0.4541 -0.1958
vn 0.9472 -0.2826 -0.1513
vn 0.9519 -0.2997 0.0633
vn 0.9670 -0.1850 -0.1752
vn 0.8915 -0.2547 -0.3746
vn 0.8388 -0.2297 -0.4936
vn 0.8717 -0.0695 -0.4851
vn 0.9785 -0.0552 -0.1987
vn 0.8194 -0.2991 -0.4889
vn 0.7444 -0.3384 -0.5757
vn 0.8008 -0.3289 -0.5005
vn 0.8385 -0.2515 -0.4834
vn 0.8255 -0.1895 -0.5317
vn 0.8458 -0.3257 -0.4225
vn 0.8469 -0.3996 -0.3508
vn 0.7607 -0.4456 -0.4720
vn 0.8017 -0.4805 -0.3556
vn 0.7044 -0.5265 -0.4761
vn 0.6991 -0.5913 -0.4020
vn 0.7480 -0.5733 -0.3344
vn 0.6846 -0.6460 -0.3376
vn 0.7119 -0.6661 -0.2223
vn 0.7782 -0.5885 -0.2191
vn 0.7503 -0.6544 -0.0936
vn 0.7949 -0.6013 -0.0814
vn 0.8454 -0.5280 -0.0802
vn 0.8289 -0.5187 -0.2092
vn 0.8463 -0.5293 0.0601
vn 0.7997 -0.5978 0.0561
vn 0.8314 -0.5215 0.1916
vn 0.7891 -0.5819 0.1969
vn 0.8221 -0.5463 0.1605
vn 0.7993 -0.6003 0.0282
vn 0.7879 -0.5311 0.3117
vn 0.7620 -0.5633 0.3194
vn 0.7161 -0.5820 0.3854
vn 0.7141 -0.5259 0.4621
vn 0.7684 -0.4510 0.4541
vn 0.8081 -0.4798 0.3417
vn 0.8520 -0.4025 0.3348
vn 0.8070 -0.3399 0.4829
vn 0.8508 -0.3334 0.4062
vn 0.8451 -0.2587 0.4678
vn 0.7600 -0.3188 0.5663
vn 0.7991 -0.2083 0.5639
vn 0.8337 -0.1826 0.5212
vn 0.8307 -0.0742 0.5517
vn 0.8459 -0.0575 0.5303
vn 0.8410 0.0847 0.5344
vn 0.8455 0.0825 0.5276
vn 0.8198 0.2320 0.5235
vn 0.8303 0.2116 0.5156
vn 0.8417 0.2770 0.4635
vn 0.7807 0.3442 0.5216
vn 0.8026 0.3594 0.4762
vn 0.7633 0.4296 0.4824
vn 0.7113 0.4782 0.5152
vn 0.7576 0.4742 0.4485
vn 0.7031 0.5521 0.4482
vn 0.7382 0.5799 0.3446
vn 0.7994 0.5023 0.3297
vn 0.7253 0.6285 0.2809
vn 0.7714 0.6046 0.1982
vn 0.8216 0.5387 0.1867
vn 0.8336 0.4940 0.2470
vn 0.7005 0.6858 0.1976
vn 0.7123 0.6993 0.0592
vn 0.7843 0.6174 0.0600
vn 0.6361 0.7466 0.1950
vn 0.6485 0.7589 0.0597
vn 0.5555 0.8099 0.1881
vn 0.5624 0.8248 0.0580
vn 0.5838 0.7648 0.2726
vn 0.4390 0.8353 0.3311
vn 0.4569 0.8669 0.1993
vn 0.5252 0.7757 0.3500
vn 0.5968 0.7234 0.3471
vn 0.5716 0.6900 0.4440
vn 0.4977 0.7471 0.4407
vn 0.5039 0.7607 0.4091
vn 0.4371 0.7564 0.4867
vn 0.5910 0.6269 0.5078
vn 0.5777 0.6985 0.4223
vn 0.4239 0.7931 0.4374
vn 0.3121 0.8401 0.4437
vn 0.3372 0.8113 0.4777
vn 0.3271 0.8764 0.3535
vn 0.1818 0.8726 0.4534
vn 0.1769 0.8958 0.4077
vn 0.2550 0.9037 0.3438
vn 0.1664 0.9330 0.3190
vn 0.1699 0.9658 0.1959
vn 0.2973 0.9354 0.1915
vn 0.3200 0.9049 0.2808
vn 0.1692 0.9838 0.0596
vn 0.3048 0.9507 0.0578
vn 0.1691 0.9824 -0.0788
vn 0.3043 0.9495 -0.0764
vn 0.1684 0.9622 -0.2139
vn 0.2954 0.9328 -0.2066
vn 0.1622 0.9286 -0.3338
vn 0.2441 0.9020 -0.3561
vn 0.3186 0.9003 -0.2966
vn 0.3247 0.8704 -0.3702
vn 0.1713 0.8501 -0.4979
vn 0.3068 0.8239 -0.4765
vn 0.1707 0.8918 -0.4190
vn 0.1540 0.7902 -0.5931
vn 0.2314 0.7865 -0.5726
vn 0.3101 0.7639 -0.5660
vn 0.3269 0.7452 -0.5811
vn 0.1764 0.8990 -0.4008
vn 0.2853 0.8952 -0.3424
vn 0.3480 0.7791 -0.5215
vn 0.1585 0.7758 -0.6107
vn 0.3843 0.8743 -0.2967
vn 0.2606 0.9636 -0.0599
vn 0.3840 0.9225 -0.0407
vn 0.2445 0.9689 0.0367
vn 0.3663 0.9292 0.0490
vn 0.1493 0.9853 -0.0829
vn 0.1192 0.9926 0.0245
vn 0.1106 0.9928 -0.0464
vn 0.2385 0.9700 -0.0461
vn 0.0981 0.9765 -0.1918
vn 0.2112 0.9522 -0.2207
vn 0.3510 0.9354 -0.0427
vn 0.1018 0.9479 -0.3020
vn -0.0649 0.9796 -0.1900
vn -0.0755 0.9477 -0.3102
vn -0.0835 0.8965 -0.4352
vn -0.1889 0.9497 -0.2499
vn -0.0755 0.9960 -0.0485
vn -0.2071 0.9768 -0.0536
vn -0.0681 0.9976 0.0119
vn -0.2021 0.9794 -0.0003
vn -0.0452 0.9921 -0.1172
vn -0.1934 0.9738 -0.1199
vn 0.0029 0.9022 -0.4313
vn 0.0330 0.8009 -0.5979
vn 0.0240 0.7815 -0.6235
vn 0.3930 0.7758 -0.4937
vn 0.0337 0.8615 -0.5066
vn 0.0328 0.9031 -0.4281
vn 0.0316 0.9401 -0.3395
vn 0.3806 0.8995 -0.2148
vn 0.0326 0.9760 -0.2155
vn 0.3970 0.9146 -0.0763
vn 0.4650 0.8818 -0.0784
vn 0.4656 0.8830 0.0588
vn 0.3980 0.9156 0.0572
vn 0.3868 0.8997 0.2023
vn 0.0324 0.9964 -0.0779
vn 0.0334 0.9801 0.1954
vn 0.0326 0.9978 0.0585
vn 0.0325 0.9452 0.3249
vn 0.0328 0.9086 0.4163
vn 0.0362 0.8890 0.4565
vn 0.0521 0.9355 0.3495
vn 0.2046 0.9094 0.3622
vn 0.0764 0.9958 -0.0496
vn 0.2194 0.9585 0.1820
vn 0.1975 0.9768 -0.0828
vn 0.2574 0.9663 0.0040
vn 0.1693 0.9647 -0.2019
vn 0.4678 0.8833 0.0310
vn 0.4421 0.8002 -0.4053
vn 0.3422 0.8352 -0.4304
vn 0.2424 0.8539 -0.4605
vn 0.3906 0.7226 -0.5703
vn 0.3635 0.7246 -0.5856
vn 0.2679 0.7734 -0.5745
vn 0.1970 0.7664 -0.6114
vn 0.1907 0.7891 -0.5839
vn 0.2084 0.8452 -0.4921
vn 0.3468 0.7548 -0.5568
vn 0.3396 0.8149 -0.4696
vn 0.3611 0.8598 -0.3611
vn 0.2811 0.8941 -0.3488
vn 0.2090 0.8843 -0.4174
vn 0.1981 0.9235 -0.3284
vn 0.2051 0.9570 -0.2051
vn 0.3553 0.8895 -0.2873
vn 0.3285 0.9235 -0.1979
vn 0.2060 0.9761 -0.0696
vn 0.3369 0.9391 -0.0676
vn 0.2060 0.9761 0.0696
vn 0.3369 0.9391 0.0676
vn 0.2051 0.9570 0.2051
vn 0.3281 0.9236 0.1984
vn 0.1984 0.9236 0.3281
vn 0.3525 0.8911 0.2859
vn 0.2854 0.8914 0.3521
vn 0.3619 0.8591 0.3619
vn 0.2178 0.8521 0.4759
vn 0.2099 0.8839 0.4180
vn 0.3410 0.8169 0.4652
vn 0.2445 0.8593 0.4493
vn 0.3552 0.7666 0.5349
vn 0.3040 0.8441 0.4416
vn 0.4109 0.7723 0.4845
vn 0.3873 0.9012 0.1944
vn 0.2839 0.8923 0.3510
vn 0.5176 0.8163 0.2565
vn 0.4466 0.8911 -0.0807
vn 0.5735 0.8184 -0.0358
vn 0.4701 0.8571 -0.2107
vn 0.5937 0.7843 -0.1800
vn 0.6063 0.7827 -0.1407
vn 0.5210 0.8412 -0.1447
vn 0.4481 0.8659 -0.2223
vn 0.4284 0.8925 -0.1413
vn 0.4324 0.9016 0.0082
vn 0.5302 0.8478 0.0087
vn 0.4267 0.8904 0.1582
vn 0.5229 0.8358 0.1673
vn 0.6066 0.7766 0.1704
vn 0.6153 0.7882 0.0086
vn 0.4733 0.8106 0.3447
vn 0.4583 0.8516 0.2543
vn 0.5848 0.7484 0.3130
vn 0.4384 0.7640 0.4734
vn 0.6080 0.6864 0.3989
vn 0.5352 0.6914 0.4853
vn 0.6149 0.6211 0.4860
vn 0.6745 0.6670 0.3164
vn 0.7409 0.5929 0.3154
vn 0.7536 0.5270 0.3929
vn 0.6980 0.5312 0.4802
vn 0.7573 0.4452 0.4778
vn 0.6899 0.5124 0.5114
vn 0.6169 0.5371 0.5753
vn 0.7497 0.3640 0.5527
vn 0.7456 0.4266 0.5119
vn 0.7817 0.2164 0.5849
vn 0.8190 0.2540 0.5145
vn 0.7968 0.0549 0.6017
vn 0.8387 0.0506 0.5422
vn 0.7941 -0.1027 0.5990
vn 0.8160 -0.1345 0.5622
vn 0.7700 -0.2704 0.5779
vn 0.7598 -0.3112 0.5708
vn 0.7849 -0.3646 0.5009
vn 0.7335 -0.4473 0.5117
vn 0.6936 -0.4274 0.5799
vn 0.7839 -0.4451 0.4330
vn 0.7856 -0.5165 0.3407
vn 0.7212 -0.6020 0.3428
vn 0.6802 -0.5623 0.4702
vn 0.5928 -0.6533 0.4709
vn 0.6323 -0.6939 0.3445
vn 0.7784 -0.5756 0.2506
vn 0.7456 -0.6456 0.1650
vn 0.6766 -0.7172 0.1671
vn 0.6193 -0.7422 0.2562
vn 0.5993 -0.7787 0.1856
vn 0.6914 -0.7224 0.0120
vn 0.6906 -0.7161 0.1013
vn 0.7109 -0.6954 -0.1051
vn 0.8403 -0.5417 0.0228
vn 0.7706 -0.6261 -0.1191
vn 0.9399 -0.3388 -0.0418
vn 0.7540 -0.6458 -0.1203
vn 0.7896 -0.5883 -0.1741
vn 0.7565 -0.6450 -0.1080
vn 0.8163 -0.5693 -0.0973
vn 0.7963 -0.5996 0.0804
vn 0.7542 -0.6529 0.0699
vn 0.6181 -0.7556 0.2170
vn 0.7838 -0.6204 0.0257
vn 0.6547 -0.6467 0.3914
vn 0.6348 -0.6824 0.3625
vn 0.8586 -0.5035 0.0960
vn 0.8563 -0.4633 0.2283
vn 0.5703 -0.6087 0.5516
vn 0.5186 -0.6534 0.5515
vn 0.7187 -0.5646 0.4059
vn 0.5448 -0.6334 0.5496
vn 0.5404 -0.5343 0.6500
vn 0.7032 -0.4314 0.5651
vn 0.7866 -0.1780 0.5913
vn 0.6092 -0.2469 0.7536
vn 0.8055 -0.0311 0.5918
vn 0.6194 -0.0191 0.7848
vn 0.7492 -0.0651 0.6591
vn 0.6046 0.0157 0.7964
vn 0.6488 -0.1484 0.7464
vn 0.5937 -0.0972 0.7988
vn 0.5853 -0.2627 0.7671
vn 0.6759 -0.1023 0.7299
vn 0.6594 -0.2589 0.7058
vn 0.5443 -0.2961 0.7849
vn 0.5068 -0.4412 0.7406
vn 0.6839 -0.3471 0.6418
vn 0.6148 -0.4460 0.6504
vn 0.5183 -0.5487 0.6559
vn 0.3294 -0.6054 0.7245
vn 0.3643 -0.4855 0.7947
vn 0.4260 -0.6270 0.6522
vn 0.3302 -0.7059 0.6266
vn 0.5203 -0.6344 0.5717
vn 0.5074 -0.7272 0.4623
vn 0.4147 -0.7839 0.4621
vn 0.3286 -0.7762 0.5381
vn 0.3230 -0.8360 0.4437
vn 0.4525 -0.8335 0.3170
vn 0.3401 -0.8923 0.2969
vn 0.5471 -0.8049 0.2297
vn 0.4918 -0.8629 0.1159
vn 0.3438 -0.9316 0.1181
vn 0.5476 -0.7731 0.3201
vn 0.6620 -0.6945 0.2819
vn 0.6832 -0.7196 0.1240
vn 0.5977 -0.7922 0.1232
vn 0.6869 -0.7240 -0.0625
vn 0.6008 -0.7970 -0.0627
vn 0.4939 -0.8676 -0.0588
vn 0.5854 -0.7790 -0.2247
vn 0.4863 -0.8466 -0.2165
vn 0.5168 -0.7971 -0.3123
vn 0.5281 -0.7393 -0.4177
vn 0.6713 -0.7045 -0.2304
vn 0.7014 -0.6319 -0.3297
vn 0.6288 -0.6482 -0.4295
vn 0.7092 -0.5620 -0.4256
vn 0.6167 -0.6515 -0.4419
vn 0.5448 -0.6545 -0.5242
vn 0.7149 -0.4677 -0.5198
vn 0.7164 -0.5381 -0.4441
vn 0.7970 -0.3993 -0.4531
vn 0.8673 -0.3272 -0.3750
vn 0.9492 -0.3141 -0.0157
vn 0.8214 -0.5697 0.0261
vn 0.9707 -0.2364 -0.0441
vn 0.8767 -0.3519 0.3279
vn 0.9945 -0.0320 -0.1001
vn 0.9014 0.0105 0.4328
vn 0.8401 -0.2238 0.4942
vn 0.9741 0.1725 -0.1459
vn 0.8936 0.2143 0.3944
vn 0.8670 -0.1038 -0.4873
vn 0.8584 0.0953 -0.5040
vn 0.9412 0.2901 -0.1735
vn 0.8025 0.2206 -0.5543
vn 0.7651 0.2932 -0.5733
vn 0.7768 0.1648 -0.6078
vn 0.7587 0.1977 -0.6207
vn 0.7920 0.0613 -0.6075
vn 0.8483 0.1236 -0.5149
vn 0.8290 -0.1074 -0.5488
vn 0.7749 -0.0804 -0.6270
vn 0.7711 -0.3823 -0.5092
vn 0.7775 -0.3667 -0.5109
vn 0.7184 -0.4722 -0.5108
vn 0.7682 -0.4982 -0.4021
vn 0.7250 -0.5776 -0.3753
vn 0.7881 -0.5709 -0.2299
vn 0.8199 -0.5717 0.0295
vn 0.7855 -0.6183 0.0255
vn 0.8443 -0.5357 0.0117
vn 0.7772 -0.5906 0.2173
vn 0.9282 -0.3714 -0.0244
vn 0.8676 -0.2959 0.3996
vn 0.7815 -0.4320 0.4502
vn 0.9819 -0.1824 -0.0516
vn 0.9271 -0.1580 0.3399
vn 0.9367 -0.0571 0.3454
vn 0.9967 -0.0088 -0.0803
vn 0.9789 0.0339 0.2015
vn 0.9455 0.1091 0.3069
vn 0.9721 0.1688 -0.1629
vn 0.9506 0.2210 0.2178
vn 0.9073 0.3377 -0.2506
vn 0.8983 0.3895 0.2034
vn 0.8317 0.5384 0.1354
vn 0.7986 0.4961 -0.3406
vn 0.5729 0.8087 -0.1334
vn 0.7451 0.5601 -0.3621
vn 0.7488 0.3919 -0.5346
vn 0.6707 0.5000 -0.5479
vn 0.6181 0.5540 -0.5577
vn 0.6220 0.5578 -0.5495
vn 0.7090 0.4997 -0.4977
vn 0.6606 0.5911 -0.4627
vn 0.5994 0.5982 -0.5318
vn 0.5918 0.6606 -0.4620
vn 0.6252 0.6985 -0.3482
vn 0.6978 0.6260 -0.3482
vn 0.7551 0.6021 -0.2595
vn 0.7243 0.6615 -0.1946
vn 0.6619 0.7239 -0.1946
vn 0.6141 0.7449 -0.2609
vn 0.5871 0.7879 -0.1859
vn 0.5928 0.8024 -0.0681
vn 0.6725 0.7367 -0.0711
vn 0.5928 0.8024 0.0681
vn 0.6725 0.7367 0.0711
vn 0.7367 0.6725 0.0711
vn 0.7367 0.6725 -0.0711
vn 0.7243 0.6615 0.1946
vn 0.6619 0.7239 0.1946
vn 0.6253 0.6984 0.3483
vn 0.6133 0.7446 0.2633
vn 0.7446 0.6136 0.2629
vn 0.6976 0.6264 0.3479
vn 0.5859 0.7878 0.1901
vn 0.4707 0.8158 0.3359
vn 0.4921 0.8453 0.2080
vn 0.5567 0.7543 0.3480
vn 0.5027 0.8616 0.0701
vn 0.4180 0.8839 0.2099
vn 0.4296 0.9004 0.0686
vn 0.4296 0.9004 -0.0686
vn 0.5027 0.8616 -0.0701
vn 0.4145 0.8863 -0.2063
vn 0.4913 0.8459 -0.2076
vn 0.4688 0.8148 -0.3410
vn 0.4899 0.7609 0.4254
vn 0.4991 0.7121 0.4937
vn 0.5917 0.6607 0.4619
vn 0.5033 0.6977 0.5098
vn 0.5996 0.5985 0.5313
vn 0.5658 0.6358 0.5250
vn 0.6381 0.5507 0.5381
vn 0.6748 0.6590 0.3322
vn 0.5563 0.6821 0.4747
vn 0.6818 0.4887 0.5443
vn 0.7505 0.5498 0.3667
vn 0.7492 0.3956 0.5313
vn 0.8255 0.4285 0.3672
vn 0.8525 0.3377 0.3990
vn 0.9379 0.3277 0.1142
vn 0.8938 0.4389 0.0918
vn 0.9475 0.3063 -0.0918
vn 0.9025 0.4158 -0.1119
vn 0.8326 0.5397 -0.1245
vn 0.8157 0.5753 0.0597
vn 0.7625 0.6301 -0.1468
vn 0.7475 0.6635 0.0323
vn 0.7701 0.6243 -0.1313
vn 0.8438 0.5227 -0.1212
vn 0.7777 0.6286 0.0085
vn 0.8531 0.5217 0.0081
vn 0.9158 0.4016 0.0083
vn 0.9079 0.4015 -0.1206
vn 0.9467 0.3219 0.0080
vn 0.9423 0.3149 -0.1136
vn 0.9356 0.3107 0.1676
vn 0.9013 0.3989 0.1689
vn 0.9390 0.2255 0.2596
vn 0.9061 0.2418 0.3473
vn 0.8661 0.3759 0.3294
vn 0.8063 0.5047 0.3085
vn 0.8392 0.5181 0.1654
vn 0.7671 0.6179 0.1725
vn 0.9313 0.1496 0.3321
vn 0.9169 0.0536 0.3954
vn 0.8684 0.0551 0.4928
vn 0.8499 0.2133 0.4819
vn 0.9152 -0.0937 0.3921
vn 0.8652 -0.1033 0.4908
vn 0.9266 -0.1827 0.3287
vn 0.8953 -0.2811 0.3455
vn 0.8384 -0.2625 0.4777
vn 0.9275 -0.2735 0.2549
vn 0.9236 -0.3445 0.1682
vn 0.8831 -0.4366 0.1719
vn 0.8465 -0.4205 0.3265
vn 0.9350 -0.3545 0.0090
vn 0.8955 -0.4450 0.0090
vn 0.8183 -0.5524 0.1589
vn 0.8293 -0.5587 0.0083
vn 0.7561 -0.6544 0.0086
vn 0.8217 -0.5571 -0.1205
vn 0.8887 -0.4435 -0.1167
vn 0.9318 -0.3452 -0.1127
vn 0.9365 -0.3369 -0.0974
vn 0.8868 -0.4535 -0.0888
vn 0.9585 -0.2851 -0.0080
vn 0.9504 -0.2957 0.0967
vn 0.8759 -0.4654 0.1276
vn 0.9606 -0.2485 0.1243
vn 0.9189 -0.3272 0.2204
vn 0.9824 -0.1068 0.1530
vn 0.8902 -0.0873 0.4471
vn 0.8590 -0.2439 0.4501
vn 0.9866 0.0730 0.1456
vn 0.8949 0.0713 0.4406
vn 0.9631 0.2364 0.1290
vn 0.8716 0.2311 0.4324
vn 0.7986 0.0667 0.5981
vn 0.7775 0.1961 0.5975
vn 0.9949 0.0641 -0.0773
vn 0.9735 0.2134 -0.0819
vn 0.9924 0.0581 -0.1088
vn 0.9715 0.2116 -0.1071
vn 0.9885 -0.1058 -0.1077
vn 0.9913 -0.1086 -0.0738
vn 0.9623 -0.2505 -0.1062
vn 0.9629 -0.2523 -0.0956
vn 0.9679 -0.2513 0.0085
vn 0.9944 -0.1054 0.0088
vn 0.9571 -0.2444 0.1559
vn 0.9809 -0.1021 0.1657
vn 0.9844 0.0551 0.1672
vn 0.9984 0.0566 0.0086
vn 0.9645 0.2095 0.1608
vn 0.9769 0.2135 0.0079
vn 0.9491 -0.0925 0.3011
vn 0.9515 0.0486 0.3038
vn 0.7959 -0.0707 0.6013
vn 0.8052 0.0685 0.5891
vn 0.8049 -0.0686 0.5894
vn 0.7717 -0.1983 0.6043
vn 0.7890 -0.1906 0.5841
vn 0.7742 -0.2761 0.5695
vn 0.8453 -0.2080 0.4921
vn 0.8150 -0.3368 0.4715
vn 0.7543 -0.3481 0.5567
vn 0.7613 -0.4251 0.4896
vn 0.8599 -0.3611 0.3609
vn 0.8143 -0.4724 0.3373
vn 0.7590 -0.4914 0.4271
vn 0.7552 -0.5565 0.3463
vn 0.8456 -0.4916 0.2078
vn 0.7900 -0.5827 0.1905
vn 0.7598 -0.5957 0.2603
vn 0.7559 -0.6192 0.2125
vn 0.8068 -0.5867 0.0699
vn 0.8049 -0.5866 0.0899
vn 0.8110 -0.5812 -0.0668
vn 0.8347 -0.5489 -0.0454
vn 0.8616 -0.5027 0.0701
vn 0.8618 -0.5024 -0.0699
vn 0.9004 -0.4296 0.0686
vn 0.9004 -0.4296 -0.0686
vn 0.8861 -0.4154 -0.2056
vn 0.8450 -0.4938 -0.2054
vn 0.8941 -0.3473 -0.2828
vn 0.8594 -0.3641 -0.3589
vn 0.8144 -0.4702 -0.3401
vn 0.8936 -0.2845 -0.3472
vn 0.8863 -0.2053 -0.4151
vn 0.8545 -0.2093 -0.4754
vn 0.8196 -0.3482 -0.4549
vn 0.9004 -0.0686 -0.4296
vn 0.8693 -0.0674 -0.4897
vn 0.9004 0.0686 -0.4296
vn 0.8664 0.0732 -0.4940
vn 0.8843 0.2090 -0.4174
vn 0.8479 0.2104 -0.4866
vn 0.8942 0.2814 -0.3483
vn 0.8599 0.3611 -0.3609
vn 0.8153 0.3387 -0.4697
vn 0.7618 0.4257 -0.4884
vn 0.8143 0.4724 -0.3373
vn 0.7590 0.4914 -0.4271
vn 0.7552 0.5565 -0.3463
vn 0.8456 0.4916 -0.2078
vn 0.7889 0.5843 -0.1901
vn 0.8616 0.5027 -0.0701
vn 0.8024 0.5928 -0.0681
vn 0.9004 0.4296 -0.0686
vn 0.8863 0.4145 -0.2063
vn 0.9004 0.4296 0.0686
vn 0.8616 0.5027 0.0701
vn 0.8861 0.4154 0.2056
vn 0.8446 0.4943 0.2055
vn 0.7878 0.5859 0.1903
vn 0.8024 0.5928 0.0681
vn 0.7551 0.5567 0.3463
vn 0.8144 0.4702 0.3401
vn 0.7622 0.4861 0.4274
vn 0.7622 0.4240 0.4892
vn 0.8594 0.3641 0.3589
vn 0.8145 0.3413 0.4691
vn 0.8936 0.2845 0.3472
vn 0.8863 0.2053 0.4151
vn 0.8456 0.2071 0.4920
vn 0.9004 0.0686 0.4296
vn 0.8616 0.0701 0.5027
vn 0.9004 -0.0686 0.4296
vn 0.8616 -0.0701 0.5027
vn 0.8843 -0.2090 0.4174
vn 0.9391 -0.0676 0.3370
vn 0.9236 -0.1984 0.3281
vn 0.8942 -0.2814 0.3483
vn 0.9570 -0.2051 0.2051
vn 0.9236 -0.3281 0.1984
vn 0.8899 -0.3548 0.2867
vn 0.8863 -0.4145 0.2063
vn 0.9391 -0.3369 0.0676
vn 0.9761 -0.2060 0.0696
vn 0.9761 -0.0696 0.2060
vn 0.9953 -0.0686 0.0686
vn 0.9761 0.0696 0.2060
vn 0.9953 0.0686 0.0686
vn 0.9953 0.0686 -0.0686
vn 0.9953 -0.0686 -0.0686
vn 0.9761 0.2060 0.0696
vn 0.9761 0.2060 -0.0696
vn 0.9391 0.3369 0.0676
vn 0.9391 0.3369 -0.0676
vn 0.9236 0.3281 -0.1984
vn 0.9570 0.2051 -0.2051
vn 0.9236 0.1984 -0.3281
vn 0.8899 0.3548 -0.2867
vn 0.9761 0.0696 -0.2060
vn 0.9391 0.0676 -0.3370
vn 0.9761 -0.0696 -0.2060
vn 0.9391 -0.0676 -0.3370
vn 0.9570 0.2051 0.2051
vn 0.9235 0.3284 0.1981
vn 0.8941 0.3473 0.2828
vn 0.9235 0.1979 0.3285
vn 0.9391 0.0676 0.3370
vn 0.9761 -0.2060 -0.0696
vn 0.9570 -0.2051 -0.2051
vn 0.9391 -0.3369 -0.0676
vn 0.9235 -0.3284 -0.1981
vn 0.7896 0.1865 0.5847
vn 0.7801 0.2713 0.5637
vn 0.7552 0.3470 0.5561
vn 0.7317 0.3738 0.5700
vn 0.6796 0.4777 0.5567
vn 0.7091 0.4990 0.4982
vn 0.6602 0.5913 0.4631
vn 0.7569 0.3520 -0.5506
vn 0.8064 0.2860 -0.5176
vn 0.8220 0.2077 -0.5303
vn 0.8542 0.2022 -0.4790
vn 0.9007 0.1152 -0.4189
vn 0.8556 0.0886 -0.5101
vn 0.9335 -0.0356 -0.3568
vn 0.8696 -0.0594 -0.4901
vn 0.9118 -0.1893 -0.3645
vn 0.8558 -0.1953 -0.4791
vn 0.8653 -0.2809 -0.4152
vn 0.9235 -0.1979 -0.3285
vn 0.7909 -0.3541 -0.4991
vn 0.7782 -0.4250 -0.4624
vn 0.8330 -0.3968 -0.3856
vn 0.7635 -0.5228 -0.3792
vn 0.7304 -0.5010 -0.4643
vn 0.7683 -0.4796 -0.4239
vn 0.7635 -0.5476 -0.3422
vn 0.7232 -0.5096 -0.4662
vn 0.7919 -0.4883 -0.3666
vn 0.8768 -0.1564 -0.4547
vn 0.9107 -0.2166 -0.3516
vn 0.9095 0.0858 -0.4068
vn 0.9543 0.0510 -0.2944
vn 0.8777 0.1898 -0.4401
vn 0.9029 0.1680 -0.3957
vn 0.9557 0.1435 -0.2571
vn 0.9675 0.0692 -0.2430
vn 0.9170 0.0736 -0.3920
vn 0.9661 -0.0984 -0.2387
vn 0.9166 -0.0954 -0.3883
vn 0.8828 -0.2047 -0.4228
vn 0.8928 -0.2894 -0.3453
vn 0.9339 -0.2706 -0.2338
vn 0.8889 -0.3849 -0.2485
vn 0.8737 -0.4625 -0.1508
vn 0.9049 -0.4227 -0.0498
vn 0.9592 -0.2768 -0.0581
vn 0.8490 -0.5255 -0.0545
vn 0.8433 -0.5262 0.1097
vn 0.9026 -0.4185 0.1006
vn 0.8609 -0.4727 0.1883
vn 0.8771 -0.3750 0.3002
vn 0.9225 -0.2623 0.2831
vn 0.9539 -0.2765 0.1168
vn 0.9497 -0.0961 0.2979
vn 0.9877 -0.1001 0.1203
vn 0.9542 0.0446 0.2959
vn 0.9917 0.0559 0.1159
vn 0.9587 0.0627 0.2775
vn 0.9907 0.0938 0.0985
vn 0.9643 -0.1052 0.2432
vn 0.9969 -0.0537 0.0571
vn 0.8982 -0.4085 0.1622
vn 0.9405 -0.3397 -0.0005
vn 0.9431 -0.2875 -0.1671
vn 0.9920 0.0036 -0.1266
vn 0.8303 -0.5246 -0.1883
vn 0.8761 -0.2870 0.3874
vn 0.8334 -0.4554 0.3131
vn 0.9254 -0.0783 0.3709
vn 0.7731 -0.4900 0.4027
vn 0.8758 -0.1417 0.4614
vn 0.7903 -0.1979 0.5799
vn 0.7170 -0.5014 0.4843
vn 0.6709 -0.6264 0.3970
vn 0.6040 -0.6411 0.4734
vn 0.6358 -0.4817 0.6031
vn 0.6634 -0.5859 0.4654
vn 0.7030 -0.6188 0.3505
vn 0.5991 -0.5984 0.5320
vn 0.6945 -0.2270 0.6827
vn 0.6944 -0.0071 0.7195
vn 0.7866 0.0081 0.6174
vn 0.9182 0.0400 0.3941
vn 0.8693 0.0256 0.4936
vn 0.8761 0.0794 0.4755
vn 0.8443 0.0332 0.5349
vn 0.7801 0.0264 0.6251
vn 0.8753 -0.0253 0.4829
vn 0.8524 -0.1167 0.5098
vn 0.7736 -0.1003 0.6256
vn 0.7464 -0.2571 0.6138
vn 0.8228 -0.2805 0.4943
vn 0.7724 -0.4383 0.4597
vn 0.6939 -0.4442 0.5667
vn 0.6938 -0.5463 0.4692
vn 0.8251 -0.4742 0.3072
vn 0.7534 -0.5958 0.2782
vn 0.6923 -0.6200 0.3692
vn 0.6156 -0.6323 0.4704
vn 0.8729 -0.2781 0.4009
vn 0.8991 -0.1258 0.4193
vn 0.6817 0.0218 0.7313
vn 0.8948 0.0379 0.4448
vn 0.9891 0.1223 -0.0819
vn 0.9959 0.0633 -0.0642
vn 0.9932 -0.0997 -0.0609
vn 0.7810 -0.6128 0.1203
vn 0.7865 -0.6145 -0.0614
vn 0.8368 -0.4864 -0.2513
vn 0.7647 -0.6024 -0.2287
vn 0.8456 -0.3067 -0.4369
vn 0.7935 -0.4500 -0.4096
vn 0.8631 -0.1002 -0.4950
vn 0.8265 -0.3099 -0.4700
vn 0.8647 0.0809 -0.4958
vn 0.8521 0.2003 -0.4835
vn 0.8208 -0.5022 -0.2722
vn 0.7985 -0.5705 -0.1921
vn 0.7089 -0.4987 0.4988
vn 0.7230 -0.3737 0.5810
vn 0.8321 -0.3489 0.4311
vn 0.7273 -0.3978 0.5594
vn 0.6624 -0.4815 0.5738
vn 0.6730 -0.4744 0.5675
vn 0.6276 -0.5470 0.5540
vn 0.7113 -0.5630 0.4207
vn 0.5550 -0.6276 0.5460
vn 0.8001 -0.4399 0.4077
vn 0.8141 0.3499 0.4635
vn 0.7007 0.6924 0.1718
vn 0.7108 0.7033 0.0085
vn 0.7016 0.6997 -0.1349
vn 0.6852 0.7098 -0.1634
vn 0.6614 0.7501 -0.0030
vn 0.6019 0.7440 0.2899
vn 0.4232 0.7660 0.4838
vn 0.5563 0.7550 -0.3472
vn 0.4896 0.7619 -0.4241
vn 0.4986 0.7090 -0.4986
vn 0.4272 0.7623 -0.4862
vn 0.4738 0.6730 -0.5679
vn 0.5517 0.6239 -0.5535
vn 0.4968 0.6516 -0.5732
vn 0.5654 0.6952 -0.4439
vn 0.6630 0.6349 -0.3966
vn 0.6408 0.7363 -0.2174
vn 0.6705 0.7380 0.0767
vn 0.7736 0.6239 0.1114
vn 0.5708 0.7748 0.2718
vn 0.6550 0.6091 0.4472
vn 0.7320 0.5720 0.3702
vn 0.5900 0.8073 0.0120
vn 0.3846 0.8414 0.3796
vn 0.7117 0.5281 0.4633
vn 0.8063 0.3634 0.4667
vn 0.8631 0.2243 0.4525
vn 0.9085 0.0342 0.4165
vn 0.7929 -0.2313 0.5638
vn 0.8451 -0.1354 0.5172
vn 0.7181 -0.5113 0.4721
vn 0.7342 -0.3361 0.5899
vn 0.7206 -0.4011 0.5656
vn 0.6592 -0.4810 0.5780
vn 0.6187 -0.5034 0.6032
vn 0.6174 -0.5174 0.5925
vn 0.7106 -0.4578 0.5343
vn 0.7478 -0.4513 0.4870
vn 0.7155 -0.3883 0.5807
vn 0.8290 -0.0912 0.5517
vn 0.8769 -0.1550 0.4550
vn 0.8643 0.1477 0.4807
vn 0.9233 0.1005 0.3708
vn 0.8733 0.1770 0.4540
vn 0.9348 0.1428 0.3253
vn 0.8616 0.1327 0.4899
vn 0.9494 0.0287 0.3126
vn 0.8821 0.0231 0.4704
vn 0.8626 -0.0848 0.4987
vn 0.9387 -0.1545 0.3083
vn 0.8775 -0.1867 0.4416
vn 0.8406 -0.3505 0.4129
vn 0.8977 -0.3314 0.2903
vn 0.8352 -0.4569 0.3060
vn 0.9309 -0.3490 0.1081
vn 0.8686 -0.4829 0.1115
vn 0.9330 -0.3493 -0.0863
vn 0.8700 -0.4850 -0.0883
vn 0.9810 -0.1586 0.1120
vn 0.9832 -0.1593 -0.0891
vn 0.9929 0.0222 0.1170
vn 0.9967 0.0094 -0.0806
vn 0.9831 0.1132 0.1441
vn 0.9965 0.0679 -0.0493
vn 0.9769 0.0356 0.2108
vn 0.9979 -0.0589 0.0256
vn 0.9273 -0.2458 0.2824
vn 0.9358 -0.3359 0.1072
vn 0.8949 -0.4445 -0.0407
vn 0.9737 -0.1657 -0.1563
vn 0.9703 0.0146 -0.2416
vn 0.9115 -0.2403 -0.3339
vn 0.9160 -0.0338 -0.3997
vn 0.9611 -0.0090 -0.2759
vn 0.8985 -0.0270 -0.4381
vn 0.9463 -0.1570 -0.2827
vn 0.8845 -0.1359 -0.4463
vn 0.8377 -0.2503 -0.4854
vn 0.8461 -0.3602 -0.3929
vn 0.9038 -0.3343 -0.2672
vn 0.8407 -0.4602 -0.2854
vn 0.7808 -0.3685 -0.5045
vn 0.7164 -0.5235 -0.4612
vn 0.7741 -0.5639 -0.2879
vn 0.6825 -0.3798 -0.6245
vn 0.8158 -0.1571 -0.5565
vn 0.7397 -0.1698 -0.6511
vn 0.8352 -0.0447 -0.5481
vn 0.7592 -0.0607 -0.6481
vn 0.8587 -0.0741 -0.5071
vn 0.7941 -0.1409 -0.5912
vn 0.8455 -0.2832 -0.4528
vn 0.8056 -0.3754 -0.4584
vn 0.7681 -0.5404 -0.3435
vn 0.7522 -0.5787 -0.3150
vn 0.8491 -0.4986 -0.1744
vn 0.7629 -0.5153 -0.3905
vn 0.8576 -0.4097 -0.3110
vn 0.9132 -0.3842 -0.1357
vn 0.7105 -0.5609 -0.4249
vn 0.6746 -0.4843 -0.5572
vn 0.7007 -0.4449 -0.5577
vn 0.8642 -0.2189 -0.4530
vn 0.6272 -0.5792 -0.5208
vn 0.6465 -0.5954 -0.4770
vn 0.7029 -0.4535 -0.5480
vn 0.6894 -0.5092 -0.5152
vn 0.7647 -0.4027 -0.5030
vn 0.6977 -0.5733 -0.4296
vn 0.8041 -0.1131 -0.5836
vn 0.7226 -0.4022 -0.5621
vn 0.9025 -0.2778 -0.3291
vn 0.6496 -0.6738 -0.3522
vn 0.6963 -0.6745 -0.2453
vn 0.8098 -0.5593 -0.1771
vn 0.8038 -0.5885 -0.0864
vn 0.8021 -0.5870 0.1096
vn 0.7098 -0.6988 0.0885
vn 0.7084 -0.7026 -0.0667
vn 0.7675 -0.5613 0.3095
vn 0.7075 -0.5226 0.4759
vn 0.7814 -0.3643 0.5067
vn 0.6262 -0.5332 0.5688
vn 0.6832 -0.4173 0.5992
vn 0.7996 -0.3380 0.4964
vn 0.8297 -0.1849 0.5266
vn 0.7147 -0.4781 0.5105
vn 0.5731 -0.6300 0.5241
vn 0.7011 -0.7125 0.0292
vn 0.4801 -0.7610 0.4363
vn 0.5507 -0.8342 0.0294
vn 0.5122 -0.7384 -0.4386
vn 0.3773 -0.8147 -0.4403
vn 0.4154 -0.9094 0.0190
vn 0.3345 -0.7998 -0.4985
vn 0.4298 -0.8047 -0.4094
vn 0.3187 -0.8617 -0.3949
vn 0.1604 -0.8972 -0.4114
vn 0.1631 -0.8339 -0.5273
vn 0.1662 -0.9566 -0.2394
vn 0.3413 -0.9103 -0.2344
vn 0.1834 -0.9809 -0.0645
vn 0.3460 -0.9364 -0.0594
vn 0.1814 -0.9756 0.1234
vn 0.1046 -0.9917 -0.0747
vn 0.0863 -0.9889 0.1207
vn -0.0074 -0.9961 0.0877
vn -0.0073 -0.9989 -0.0462
vn -0.0125 -0.9804 0.1964
vn -0.1097 -0.9867 0.1199
vn -0.1263 -0.9893 -0.0736
vn -0.0126 -0.9857 -0.1680
vn -0.0120 -0.9515 0.3073
vn 0.1697 -0.9376 0.3034
vn -0.0141 -0.8875 0.4606
vn 0.1640 -0.8742 0.4571
vn -0.0146 -0.8154 0.5787
vn 0.1716 -0.8053 0.5674
vn -0.0145 -0.7461 0.6656
vn 0.1691 -0.7372 0.6542
vn -0.0145 -0.9681 -0.2503
vn -0.0137 -0.9093 -0.4160
vn -0.0145 -0.8417 -0.5398
vn -0.0329 -0.8625 -0.5050
vn 0.1727 -0.8625 -0.4756
vn 0.1660 -0.9860 -0.0172
vn -0.0985 -0.9920 -0.0786
vn 0.8323 0.0255 0.5537
vn 0.8230 0.2057 0.5296
vn 0.7975 0.1937 0.5714
vn 0.8746 0.3036 0.3781
vn 0.7543 0.2454 0.6089
vn 0.7133 0.0487 0.6992
vn 0.7624 -0.0168 0.6469
vn 0.8565 0.3259 0.4003
vn 0.8764 0.1363 0.4619
vn 0.8104 -0.3293 0.4846
vn 0.6323 -0.3151 0.7077
vn 0.6468 -0.6027 0.4672
vn 0.7996 -0.5992 -0.0397
vn 0.9390 -0.3065 -0.1559
vn 0.7815 -0.1614 -0.6027
vn 0.6438 -0.5984 0.4769
vn 0.9646 0.1735 -0.1985
vn 0.9203 0.3409 -0.1919
vn 0.6687 -0.3553 0.6531
vn 0.1673 -0.6336 0.7553
vn 0.1698 -0.5420 0.8230
vn 0.2736 -0.4608 0.8443
vn 0.3658 -0.3974 0.8416
vn 0.1887 -0.4859 0.8534
vn 0.2931 -0.5871 0.7546
vn 0.3887 -0.4475 0.8054
vn 0.4018 -0.8721 0.2792
vn 0.6731 -0.6583 0.3370
vn 0.4047 -0.8962 -0.1819
vn 0.6143 -0.7655 -0.1915
vn 0.3381 -0.9141 -0.2239
vn 0.4556 -0.8862 -0.0842
vn 0.6013 -0.7948 -0.0821
vn 0.2755 -0.9587 -0.0702
vn 0.2666 -0.9479 0.1746
vn 0.4490 -0.8707 0.2005
vn 0.3149 -0.8803 0.3548
vn 0.3139 -0.8022 0.5078
vn 0.5475 -0.7021 0.4553
vn 0.5928 -0.7782 0.2073
vn 0.3343 -0.6453 0.6869
vn 0.5589 -0.5681 0.6041
vn 0.6928 -0.5582 0.4566
vn 0.7680 -0.6057 0.2083
vn 0.8623 -0.4643 0.2023
vn 0.7941 -0.3274 0.5121
vn 0.8709 -0.3296 0.3647
vn 0.8477 -0.0602 0.5270
vn 0.9219 -0.0478 0.3845
vn 0.8869 0.0636 0.4576
vn 0.9399 0.1322 0.3149
vn 0.9646 0.2278 0.1331
vn 0.9482 -0.1598 0.2745
vn 0.9943 0.0660 0.0834
vn 0.9950 0.0905 -0.0415
vn 0.9696 0.2372 -0.0592
vn 0.9237 -0.3790 -0.0558
vn 0.9581 -0.2860 -0.0170
vn 0.9976 -0.0282 -0.0630
vn 0.9668 0.1703 -0.1903
vn 0.9573 -0.2185 0.1893
vn 0.9992 -0.0153 0.0378
vn 0.9341 0.1202 -0.3361
vn 0.9324 -0.0506 -0.3578
vn 0.9987 -0.0477 -0.0150
vn 0.9519 -0.0425 -0.3033
vn 0.9483 0.1560 -0.2764
vn 0.9350 -0.1980 -0.2942
vn 0.9059 -0.3366 -0.2570
vn 0.9541 -0.2875 -0.0839
vn 0.9958 -0.0366 -0.0842
vn 0.8789 -0.4681 -0.0916
vn 0.9435 -0.2795 0.1779
vn 0.8811 -0.3713 -0.2930
vn 0.7776 -0.5853 -0.2297
vn 0.7835 -0.6159 -0.0821
vn 0.9638 -0.2502 0.0925
vn 0.8554 -0.4475 0.2609
vn 0.9814 -0.0348 0.1887
vn 0.9691 0.1749 0.1737
vn 0.9801 0.1831 -0.0765
vn 0.7850 -0.0495 0.6175
vn 0.8137 -0.4340 0.3867
vn 0.6515 -0.1663 0.7402
vn 0.5769 -0.6590 0.4827
vn 0.5605 -0.0919 0.8231
vn 0.7145 -0.0676 0.6963
vn 0.6116 -0.1858 0.7691
vn 0.3005 -0.3197 0.8986
vn 0.3357 -0.1426 0.9311
vn 0.4942 -0.3570 0.7926
vn 0.3331 -0.5033 0.7974
vn 0.0126 -0.5413 0.8407
vn 0.0203 -0.3390 0.9406
vn 0.1492 -0.5595 0.8153
vn 0.0133 -0.7068 0.7073
vn -0.1209 -0.5520 0.8250
vn 0.6289 -0.3595 0.6894
vn 0.0407 -0.1891 0.9811
vn 0.3667 -0.2425 0.8982
vn 0.4201 -0.6443 0.6391
vn 0.4757 -0.7648 0.4345
vn 0.4814 -0.8429 0.2403
vn 0.3148 -0.8815 0.3519
vn 0.4511 -0.8295 0.3294
vn 0.3235 -0.8871 0.3294
vn 0.2904 -0.8273 0.4810
vn 0.4289 -0.7770 0.4607
vn 0.3016 -0.7549 0.5824
vn 0.4371 -0.7140 0.5469
vn 0.3070 -0.6943 0.6509
vn 0.4380 -0.6499 0.6211
vn 0.3096 -0.6843 0.6601
vn 0.4466 -0.6122 0.6525
vn 0.3529 -0.8228 0.4455
vn 0.5599 -0.7205 0.4092
vn 0.3571 -0.9269 0.1157
vn 0.5619 -0.8245 0.0661
vn 0.3234 -0.9445 0.0575
vn 0.5256 -0.8502 0.0300
vn 0.3040 -0.9244 0.2304
vn 0.4713 -0.8460 0.2494
vn 0.5866 -0.8041 0.0967
vn 0.6085 -0.7548 0.2447
vn 0.5481 -0.6917 0.4702
vn 0.4167 -0.7753 0.4746
vn 0.2877 -0.6540 0.6997
vn 0.4181 -0.5293 0.7382
vn 0.5584 -0.5380 0.6315
vn 0.2873 -0.7610 0.5816
vn 0.5602 -0.4010 0.7248
vn 0.2782 -0.4982 0.8212
vn 0.3085 -0.2861 0.9072
vn 0.5188 -0.2603 0.8143
vn 0.3158 -0.0231 0.9485
vn 0.5322 -0.0224 0.8463
vn 0.3085 0.2405 0.9203
vn 0.5238 0.2111 0.8253
vn 0.2832 0.4669 0.8377
vn 0.4395 0.5049 0.7429
vn 0.5713 0.3600 0.7376
vn 0.2968 0.6268 0.7205
vn 0.2962 0.7375 0.6069
vn 0.4337 0.7649 0.4763
vn 0.5752 0.6609 0.4820
vn 0.5771 0.5055 0.6415
vn 0.2821 0.8502 0.4444
vn 0.3086 0.9246 0.2235
vn 0.5200 0.8308 0.1983
vn 0.5690 0.7487 0.3400
vn 0.3186 0.9479 0.0035
vn 0.5320 0.8467 -0.0020
vn 0.3405 0.9380 -0.0652
vn 0.5368 0.8364 -0.1107
vn 0.3562 0.9114 0.2062
vn 0.5497 0.8255 0.1279
vn 0.3439 0.9375 -0.0533
vn 0.6685 0.7353 0.1110
vn 0.5732 0.7120 0.4056
vn 0.8184 0.5642 0.1093
vn 0.8095 0.5784 -0.1011
vn 0.6727 0.7331 -0.1007
vn 0.8944 0.4373 -0.0938
vn 0.8873 0.4461 0.1165
vn 0.7760 0.4951 0.3909
vn 0.8460 0.5206 -0.1149
vn 0.9626 0.2578 -0.0829
vn 0.9681 0.2505 -0.0030
vn 0.8867 0.4623 -0.0019
vn 0.7898 0.6134 -0.0047
vn 0.8435 0.5247 0.1153
vn 0.7971 0.5479 0.2540
vn 0.6720 0.7123 0.2024
vn 0.6861 0.7275 -0.0050
vn 0.8760 0.4113 0.2520
vn 0.8014 0.3613 0.4767
vn 0.7295 0.4963 0.4706
vn 0.7806 0.2235 0.5836
vn 0.6773 0.2237 0.7009
vn 0.8704 0.2208 0.4401
vn 0.7977 -0.0193 0.6027
vn 0.8943 -0.0178 0.4471
vn 0.8401 -0.1832 0.5106
vn 0.9733 -0.0205 0.2288
vn 0.9338 -0.2817 0.2206
vn 0.8518 -0.3356 0.4022
vn 0.8602 -0.4499 0.2402
vn 0.9584 -0.2852 0.0074
vn 0.8717 -0.4900 0.0015
vn 0.9021 -0.4278 0.0563
vn 0.7720 -0.6356 0.0062
vn 0.8291 -0.5569 -0.0493
vn 0.8951 -0.4453 -0.0207
vn 0.9624 -0.2674 -0.0474
vn 0.9998 -0.0186 0.0012
vn 0.9975 -0.0061 -0.0709
vn 0.9789 0.0245 0.2028
vn 0.9432 -0.2196 0.2492
vn 0.9474 0.2700 0.1718
vn 0.8662 -0.4476 0.2220
vn 0.8059 -0.5321 0.2597
vn 0.8105 -0.5857 0.0025
vn 0.6880 -0.7247 0.0381
vn 0.6908 -0.6208 0.3706
vn 0.6543 -0.4616 0.5990
vn 0.6656 -0.5576 0.4960
vn 0.7732 -0.5889 0.2351
vn 0.7078 -0.5275 0.4699
vn 0.7819 -0.3240 0.5326
vn 0.9429 0.2474 0.2228
vn 0.6669 -0.2646 0.6966
vn 0.6952 -0.0235 0.7184
vn 0.2974 0.7906 0.5352
vn 0.3798 0.7624 0.5240
vn 0.5005 0.6970 0.5136
vn 0.2813 0.7478 0.6013
vn 0.3050 0.8065 0.5065
vn 0.4465 0.6900 0.5697
vn 0.1371 0.7784 0.6126
vn 0.1261 0.8266 0.5485
vn 0.2041 0.8581 0.4713
vn 0.1205 0.8820 0.4556
vn 0.1320 0.9357 0.3273
vn 0.2830 0.9050 0.3177
vn 0.3024 0.8552 0.4209
vn 0.3880 0.8555 0.3429
vn 0.2925 0.9416 0.1667
vn 0.1142 0.8488 0.5162
vn 0.5970 0.6223 0.5062
vn 0.0925 0.9744 0.2049
vn 0.0699 0.9969 -0.0362
vn 0.0434 0.9719 0.2312
vn 0.0482 0.9988 0.0122
vn 0.0420 0.8851 0.4634
vn 0.0460 0.7680 0.6388
vn 0.0460 0.6600 0.7498
vn 0.0420 0.4837 0.8742
vn 0.0433 0.2487 0.9676
vn 0.0438 -0.2940 0.9548
vn 0.0441 -0.0228 0.9988
vn 0.0421 -0.5173 0.8547
vn 0.0475 -0.6850 0.7270
vn 0.2794 -0.8536 0.4396
vn 0.0435 -0.8916 0.4507
vn 0.0487 -0.7898 0.6115
vn 0.0454 -0.9695 0.2410
vn 0.6679 -0.7438 0.0250
vn 0.0566 -0.9953 0.0784
vn 0.0825 -0.9833 0.1622
vn 0.2242 -0.8337 0.5046
vn 0.0688 -0.9031 0.4238
vn 0.1246 -0.7483 0.6516
vn 0.6207 -0.5084 0.5969
vn 0.5335 -0.5951 0.6010
vn 0.2068 -0.7476 0.6311
vn 0.1196 -0.7192 0.6845
vn 0.1201 -0.7825 0.6110
vn 0.6012 -0.5709 0.5592
vn 0.5147 -0.7159 0.4718
vn 0.1383 -0.8530 0.5033
vn 0.5522 -0.7594 0.3441
vn 0.2241 -0.8958 0.3839
vn 0.1449 -0.8977 0.4160
vn 0.1391 -0.8859 0.4424
vn 0.1303 -0.5988 0.7902
vn 0.0691 -0.2890 0.9548
vn 0.0196 -0.8441 0.5359
vn 0.0206 -0.9223 0.3860
vn 0.0184 -0.9823 0.1864
vn 0.0171 -0.9972 -0.0723
vn 0.2166 -0.9654 -0.1452
vn 0.2525 -0.8813 0.3995
vn 0.0105 -0.9907 -0.1354
vn -0.0022 -0.8899 0.4562
vn -0.2504 -0.8922 0.3760
vn -0.2044 -0.9659 -0.1592
vn 0.4639 -0.3690 0.8054
vn -0.0132 -0.5429 0.8397
vn -0.0146 -0.5526 0.8333
vn -0.0146 -0.6430 0.7657
vn 0.2955 0.9553 0.0085
vn 0.1344 0.9763 0.1696
vn 0.1342 0.9909 0.0086
vn 0.1335 0.9795 -0.1507
vn 0.2933 0.9446 -0.1472
vn 0.1250 0.9600 -0.2507
vn 0.2834 0.9314 -0.2286
vn 0.0974 0.9768 -0.1905
vn 0.2515 0.9568 -0.1461
vn 0.0414 0.9979 0.0490
vn 0.1973 0.9746 0.1056
vn -0.0237 0.9406 0.3386
vn 0.1278 0.9117 0.3904
vn -0.0612 0.8861 0.4594
vn 0.0801 0.8768 0.4741
vn -0.0686 0.9004 0.4295
vn 0.0686 0.9004 0.4296
vn -0.0676 0.9391 0.3369
vn 0.0676 0.9391 0.3369
vn -0.0696 0.9761 0.2060
vn 0.0696 0.9761 0.2060
vn -0.0686 0.9953 0.0686
vn 0.0686 0.9953 0.0686
vn -0.0686 0.9953 -0.0686
vn 0.0686 0.9953 -0.0686
vn -0.0696 0.9761 -0.2060
vn 0.0696 0.9761 -0.2060
vn -0.0676 0.9391 -0.3369
vn 0.0676 0.9391 -0.3369
vn -0.0686 0.9004 -0.4296
vn 0.0686 0.9004 -0.4296
vn -0.0701 0.8616 -0.5027
vn 0.0701 0.8616 -0.5027
vn -0.0685 0.8043 -0.5903
vn 0.0684 0.8045 -0.5900
vn -0.0720 0.7825 -0.6184
vn 0.0674 0.7858 -0.6149
vn -0.0915 0.8763 -0.4729
vn 0.0743 0.8821 -0.4652
vn 0.2873 0.9500 0.1224
vn 0.3417 0.9326 -0.1165
vn 0.3801 0.8992 -0.2166
vn 0.2757 0.9096 0.3109
vn 0.6435 0.6208 0.4477
vn 0.6771 0.6488 0.3474
vn 0.8445 0.4233 0.3282
vn 0.8673 0.4641 0.1798
vn 0.9156 0.3526 0.1932
vn 0.8870 0.3351 0.3176
vn 0.9193 0.2152 0.3295
vn 0.9544 0.2218 0.1996
vn 0.9393 0.0816 0.3334
vn 0.9742 0.0835 0.2097
vn 0.9411 -0.0556 0.3334
vn 0.9756 -0.0611 0.2108
vn 0.9245 -0.1900 0.3305
vn 0.9607 -0.1948 0.1978
vn 0.8931 -0.3168 0.3194
vn 0.9248 -0.3277 0.1934
vn 0.8795 -0.4394 0.1826
vn 0.8443 -0.4693 0.2587
vn 0.9421 -0.3303 0.0585
vn 0.8927 -0.4469 0.0575
vn 0.9406 -0.3303 -0.0783
vn 0.8915 -0.4464 -0.0770
vn 0.9770 -0.2046 0.0606
vn 0.9741 -0.2121 -0.0785
vn 0.9891 -0.1340 0.0609
vn 0.9873 -0.1379 -0.0785
vn 0.9868 -0.0564 -0.1521
vn 0.9722 -0.0580 -0.2267
vn 0.9558 -0.1963 -0.2189
vn 0.9841 0.0875 -0.1546
vn 0.9702 0.0859 -0.2265
vn 0.9852 0.1521 -0.0795
vn 0.9702 0.2281 -0.0817
vn 0.9505 0.2212 -0.2181
vn 0.9315 0.3551 -0.0788
vn 0.9118 0.3515 -0.2123
vn 0.8707 0.4377 -0.2241
vn 0.8804 0.4680 -0.0768
vn 0.8486 0.5027 -0.1645
vn 0.8340 0.5459 -0.0800
vn 0.8355 0.5460 0.0615
vn 0.8813 0.4688 0.0594
vn 0.8389 0.4210 -0.3450
vn 0.8800 0.3372 -0.3345
vn 0.8406 0.3462 -0.4165
vn 0.8677 0.2346 -0.4383
vn 0.9122 0.2154 -0.3485
vn 0.8547 0.1628 -0.4929
vn 0.8815 0.0801 -0.4654
vn 0.9324 0.0818 -0.3520
vn 0.9341 -0.0568 -0.3526
vn 0.8831 -0.0562 -0.4659
vn 0.9175 -0.1901 -0.3494
vn 0.8703 -0.1717 -0.4617
vn 0.8382 -0.0576 -0.5423
vn 0.8359 0.0840 -0.5424
vn 0.9327 0.3557 0.0599
vn 0.9707 0.2329 0.0596
vn 0.9861 0.1552 0.0599
vn 0.9955 0.0681 -0.0657
vn 0.9963 0.0692 0.0511
vn 0.9872 0.0811 0.1374
vn 0.9865 -0.0696 0.1480
vn 0.9974 -0.0499 0.0523
vn 0.9965 -0.0489 -0.0671
vn 0.9211 -0.3264 -0.2122
vn 0.8884 -0.3107 -0.3378
vn 0.8397 -0.4683 -0.2750
vn 0.8758 -0.4399 -0.1988
vn 0.8782 -0.1798 0.4431
vn 0.8917 -0.0547 0.4493
vn 0.8901 0.0803 0.4487
vn 0.8744 0.1968 0.4436
vn 0.8452 0.3531 0.4012
vn 0.7096 -0.6740 -0.2055
vn 0.7001 -0.7130 0.0386
vn 0.6915 -0.7170 0.0879
vn 0.8008 -0.4426 -0.4035
vn 0.9209 -0.3016 -0.2468
vn 0.8614 -0.2666 -0.4323
vn 0.8919 -0.0648 -0.4477
vn 0.8019 -0.0615 -0.5943
vn 0.1259 -0.6629 -0.7380
vn 0.1231 -0.7781 -0.6159
vn 0.1126 -0.8518 -0.5116
vn 0.2188 -0.8748 -0.4322
vn 0.0987 -0.9136 -0.3946
vn 0.1185 -0.9682 -0.2204
vn 0.1250 -0.9915 -0.0359
vn 0.1365 -0.9897 0.0422
vn 0.1464 -0.8630 -0.4835
vn 0.1107 -0.3497 -0.9303
vn 0.0642 -0.5442 -0.8365
vn 0.2780 -0.6233 -0.7309
vn 0.1023 -0.2914 -0.9511
vn 0.0597 -0.7608 -0.6463
vn -0.1437 -0.6489 -0.7472
vn -0.2907 -0.8531 -0.4333
vn 0.1098 -0.9041 -0.4129
vn 0.5505 -0.7984 -0.2440
vn 0.6423 -0.4602 -0.6129
vn 0.3152 -0.9060 -0.2825
vn 0.2059 -0.7714 -0.6021
vn 0.2843 -0.3323 -0.8993
vn 0.4796 -0.2158 -0.8505
vn 0.2376 -0.3243 -0.9156
vn 0.3499 -0.3432 -0.8717
vn 0.2543 -0.4482 -0.8570
vn 0.0325 -0.3576 -0.9333
vn -0.0836 -0.6855 -0.7233
vn 0.1351 -0.9375 -0.3206
vn -0.2390 -0.9000 -0.3646
vn -0.3183 -0.6450 -0.6947
vn 0.4660 -0.8173 -0.3390
vn 0.2590 -0.5546 -0.7908
vn 0.2650 -0.6759 -0.6877
vn 0.2687 -0.7531 -0.6006
vn 0.3857 -0.7705 -0.5075
vn 0.2627 -0.8434 -0.4686
vn 0.2759 -0.9112 -0.3060
vn 0.2659 -0.9452 -0.1897
vn 0.3475 -0.9338 -0.0856
vn 0.2258 -0.9715 -0.0721
vn 0.2214 -0.9708 0.0929
vn 0.3447 -0.9327 0.1065
vn 0.2636 -0.9428 0.2042
vn 0.1538 -0.9444 -0.2905
vn 0.2652 -0.9093 0.3206
vn 0.1293 -0.9471 0.2937
vn -0.2627 -0.9582 0.1132
vn -0.2557 -0.9623 -0.0930
vn -0.2276 -0.9327 -0.2797
vn -0.6226 -0.7307 -0.2801
vn -0.4461 -0.6212 0.6443
vn -0.6280 0.2476 0.7378
vn -0.4983 -0.6778 -0.5407
vn -0.4120 -0.8814 -0.2310
vn -0.4230 -0.9047 -0.0502
vn -0.4114 -0.9114 0.0083
vn -0.4079 -0.9073 -0.1021
vn -0.3863 -0.6706 -0.6333
vn 0.8478 0.5294 0.0312
vn 0.8310 0.4959 -0.2519
vn 0.9263 0.3222 -0.1955
vn 0.9296 0.3654 0.0480
vn 0.7415 0.4181 -0.5248
vn 0.6524 0.5323 -0.5395
vn 0.6365 0.6095 -0.4725
vn 0.6712 0.6441 -0.3669
vn 0.6713 0.5829 -0.4578
s 1
f 3//3 2//2 1//1
f 2//2 3//3 5//5 4//4
f 5//5 8//8 7//7 6//6
f 4//4 5//5 6//6
f 5//5 9//9 8//8
f 12//12 11//11 10//10 8//8
f 9//9 12//12 8//8
f 12//12 9//9 13//13
f 15//15 14//14 12//12 13//13
f 16//16 15//15 13//13
f 15//15 16//16 17//17
f 19//19 15//15 17//17 18//18
f 21//21 19//19 18//18 20//20
f 23//23 19//19 21//21 22//22
f 25//25 23//23 22//22 24//24
f 26//26 14//14 23//23 25//25
f 28//28 27//27 26//26 25//25
f 27//27 29//29 26//26
f 29//29 27//27 31//31 30//30
f 30//30 31//31 32//32
f 35//35 34//34 33//33 32//32
f 31//31 35//35 32//32
f 33//33 34//34 36//36
f 36//36 34//34 38//38 37//37
f 38//38 39//39 37//37
f 38//38 42//42 41//41 40//40
f 39//39 38//38 40//40
f 42//42 44//44 43//43 41//41
f 43//43 44//44 24//24 45//45
f 47//47 43//43 45//45 46//46
f 49//49 48//48 47//47 46//46
f 50//50 49//49 46//46
f 49//49 50//50 51//51
f 53//53 52//52 49//49 51//51
f 54//54 53//53 51//51
f 56//56 55//55 53//53 54//54
f 55//55 56//56 57//57
f 59//59 55//55 57//57 58//58
f 61//61 60//60 59//59 58//58
f 62//62 61//61 58//58
f 61//61 62//62 63//63
f 65//65 61//61 63//63 64//64
f 63//63 67//67 66//66 64//64
f 66//66 67//67 69//69 68//68
f 67//67 70//70 69//69
f 70//70 73//73 72//72 71//71
f 69//69 70//70 71//71
f 73//73 70//70 74//74
f 73//73 74//74 76//76 75//75
f 77//77 73//73 75//75
f 80//80 79//79 78//78 75//75
f 76//76 80//80 75//75
f 79//79 80//80 81//81
f 81//81 84//84 83//83 82//82
f 85//85 79//79 81//81 82//82
f 83//83 84//84 86//86
f 88//88 87//87 83//83 86//86
f 20//20 89//89 87//87 88//88
f 87//87 89//89 91//91 90//90
f 89//89 93//93 92//92 91//91
f 93//93 95//95 94//94 92//92
f 95//95 96//96 94//94
f 96//96 99//99 98//98 97//97
f 94//94 96//96 97//97
f 99//99 96//96 100//100
f 99//99 100//100 1//1 101//101
f 102//102 99//99 101//101
f 103//103 102//102 101//101
f 102//102 103//103 105//105 104//104
f 98//98 102//102 104//104
f 103//103 106//106 105//105
f 105//105 106//106 108//108 107//107
f 108//108 109//109 107//107
f 108//108 112//112 111//111 110//110
f 109//109 108//108 110//110
f 111//111 112//112 114//114 113//113
f 114//114 116//116 115//115 113//113
f 115//115 116//116 118//118 117//117
f 117//117 118//118 120//120 119//119
f 119//119 120//120 122//122 121//121
f 122//122 125//125 124//124 123//123
f 121//121 122//122 123//123
f 124//124 125//125 126//126
f 124//124 126//126 128//128 127//127
f 129//129 124//124 127//127
f 127//127 128//128 131//131 130//130
f 131//131 134//134 133//133 132//132
f 130//130 131//131 132//132
f 133//133 134//134 135//135
f 133//133 135//135 137//137 136//136
f 138//138 133//133 136//136
f 136//136 137//137 140//140 139//139
f 139//139 140//140 142//142 141//141
f 141//141 142//142 144//144 143//143
f 144//144 146//146 145//145 143//143
f 146//146 149//149 148//148 147//147
f 145//145 146//146 147//147
f 148//148 149//149 150//150
f 150//150 153//153 152//152 151//151
f 154//154 148//148 150//150 151//151
f 152//152 155//155 151//151
f 151//151 155//155 157//157 156//156
f 159//159 158//158 151//151 156//156
f 158//158 159//159 160//160
f 147//147 154//154 158//158 160//160
f 162//162 161//161 147//147 160//160
f 161//161 162//162 163//163
f 163//163 162//162 165//165 164//164
f 167//167 166//166 163//163 164//164
f 166//166 167//167 168//168
f 170//170 169//169 166//166 168//168
f 171//171 170//170 168//168
f 173//173 172//172 170//170 171//171
f 175//175 174//174 172//172 173//173
f 177//177 176//176 174//174 175//175
f 179//179 178//178 176//176 177//177
f 180//180 179//179 177//177
f 179//179 180//180 181//181
f 184//184 183//183 182//182 181//181
f 180//180 184//184 181//181
f 186//186 182//182 183//183 185//185
f 187//187 186//186 185//185
f 189//189 188//188 186//186 187//187
f 191//191 190//190 188//188 189//189
f 193//193 192//192 190//190 191//191
f 195//195 192//192 193//193 194//194
f 196//196 195//195 194//194
f 198//198 195//195 196//196 197//197
f 199//199 195//195 198//198
f 201//201 200//200 199//199 198//198
f 202//202 201//201 198//198
f 203//203 200//200 201//201
f 205//205 200//200 203//203 204//204
f 209//209 208//208 207//207 206//206
f 205//205 204//204 209//209 206//206
f 207//207 208//208 211//211 210//210
f 211//211 214//214 213//213 212//212
f 210//210 211//211 212//212
f 213//213 217//217 216//216 215//215
f 212//212 213//213 215//215
f 216//216 217//217 218//218
f 216//216 219//219 215//215
f 220//220 123//123 129//129 217//217
f 213//213 220//220 217//217
f 221//221 212//212 215//215
f 211//211 222//222 214//214
f 220//220 213//213 214//214
f 221//221 223//223 210//210 212//212
f 211//211 208//208 224//224 222//222
f 224//224 208//208 209//209
f 225//225 205//205 206//206
f 204//204 226//226 209//209
f 207//207 227//227 206//206
f 228//228 110//110 201//201 202//202
f 229//229 228//228 202//202
f 228//228 229//229 230//230
f 230//230 229//229 232//232 231//231
f 233//233 230//230 231//231
f 235//235 233//233 231//231 234//234
f 237//237 235//235 234//234 236//236
f 239//239 237//237 236//236 238//238
f 241//241 239//239 238//238 240//240
f 242//242 241//241 240//240
f 241//241 242//242 243//243
f 243//243 242//242 245//245 244//244
f 247//247 246//246 243//243 244//244
f 246//246 247//247 248//248
f 248//248 247//247 250//250 249//249
f 251//251 248//248 249//249
f 253//253 252//252 251//251 249//249
f 255//255 252//252 253//253 254//254
f 257//257 255//255 254//254 256//256
f 259//259 257//257 256//256 258//258
f 261//261 259//259 258//258 260//260
f 263//263 261//261 260//260 262//262
f 265//265 263//263 262//262 264//264
f 267//267 266//266 265//265 264//264
f 269//269 266//266 267//267 268//268
f 271//271 269//269 268//268 270//270
f 273//273 272//272 271//271 270//270
f 274//274 273//273 270//270
f 273//273 274//274 275//275
f 276//276 273//273 275//275
f 276//276 275//275 278//278 277//277
f 279//279 276//276 277//277
f 276//276 279//279 280//280
f 280//280 279//279 282//282 281//281
f 284//284 283//283 280//280 281//281
f 283//283 284//284 285//285
f 285//285 284//284 287//287 286//286
f 288//288 285//285 286//286
f 290//290 288//288 286//286 289//289
f 291//291 290//290 289//289
f 290//290 291//291 292//292
f 292//292 291//291 294//294 293//293
f 295//295 292//292 293//293
f 297//297 295//295 293//293 296//296
f 299//299 297//297 296//296 298//298
f 301//301 299//299 298//298 300//300
f 303//303 302//302 301//301 300//300
f 304//304 303//303 300//300
f 303//303 304//304 305//305
f 307//307 303//303 305//305 306//306
f 308//308 307//307 306//306
f 310//310 309//309 308//308 306//306
f 311//311 310//310 306//306
f 310//310 311//311 312//312
f 314//314 310//310 312//312 313//313
f 315//315 314//314 313//313
f 317//317 314//314 315//315 316//316
f 318//318 317//317 316//316
f 320//320 318//318 316//316 319//319
f 322//322 320//320 319//319 321//321
f 324//324 322//322 321//321 323//323
f 326//326 324//324 323//323 325//325
f 328//328 326//326 325//325 327//327
f 330//330 328//328 327//327 329//329
f 332//332 331//331 330//330 329//329
f 334//334 331//331 332//332 333//333
f 336//336 335//335 334//334 333//333
f 338//338 335//335 336//336 337//337
f 340//340 338//338 337//337 339//339
f 342//342 340//340 339//339 341//341
f 344//344 342//342 341//341 343//343
f 346//346 345//345 344//344 343//343
f 347//347 346//346 343//343
f 346//346 347//347 348//348
f 350//350 349//349 346//346 348//348
f 352//352 351//351 350//350 348//348
f 351//351 352//352 353//353
f 355//355 354//354 351//351 353//353
f 356//356 355//355 353//353
f 358//358 355//355 356//356 357//357
f 360//360 358//358 357//357 359//359
f 362//362 360//360 359//359 361//361
f 363//363 362//362 361//361
f 362//362 363//363 364//364
f 364//364 363//363 366//366 365//365
f 368//368 367//367 364//364 365//365
f 367//367 368//368 369//369
f 369//369 368//368 371//371 370//370
f 372//372 369//369 370//370
f 374//374 373//373 372//372 370//370
f 376//376 375//375 373//373 374//374
f 378//378 377//377 375//375 376//376
f 379//379 378//378 376//376
f 377//377 378//378 380//380
f 380//380 378//378 382//382 381//381
f 383//383 380//380 381//381
f 385//385 383//383 381//381 384//384
f 387//387 386//386 385//385 384//384
f 389//389 388//388 386//386 387//387
f 391//391 388//388 389//389 390//390
f 393//393 392//392 391//391 390//390
f 395//395 394//394 392//392 393//393
f 397//397 394//394 395//395 396//396
f 399//399 397//397 396//396 398//398
f 400//400 399//399 398//398
f 399//399 400//400 401//401
f 401//401 400//400 403//403 402//402
f 404//404 401//401 402//402
f 406//406 404//404 402//402 405//405
f 408//408 407//407 406//406 405//405
f 409//409 408//408 405//405
f 407//407 408//408 410//410
f 408//408 412//412 411//411 410//410
f 412//412 413//413 411//411
f 415//415 413//413 412//412 414//414
f 416//416 415//415 414//414
f 418//418 417//417 415//415 416//416
f 420//420 419//419 417//417 418//418
f 422//422 419//419 420//420 421//421
f 423//423 422//422 421//421
f 422//422 423//423 424//424
f 424//424 423//423 426//426 425//425
f 427//427 424//424 425//425
f 429//429 427//427 425//425 428//428
f 431//431 430//430 429//429 428//428
f 432//432 431//431 428//428
f 430//430 431//431 433//433
f 433//433 431//431 435//435 434//434
f 436//436 433//433 434//434
f 438//438 437//437 436//436 434//434
f 440//440 439//439 437//437 438//438
f 442//442 441//441 439//439 440//440
f 444//444 443//443 441//441 442//442
f 446//446 445//445 443//443 444//444
f 448//448 445//445 446//446 447//447
f 450//450 449//449 448//448 447//447
f 451//451 450//450 447//447
f 450//450 451//451 452//452
f 454//454 453//453 450//450 452//452
f 455//455 453//453 454//454
f 457//457 453//453 455//455 456//456
f 459//459 458//458 457//457 456//456
f 458//458 459//459 460//460
f 460//460 459//459 462//462 461//461
f 463//463 460//460 461//461
f 465//465 464//464 463//463 461//461
f 467//467 466//466 464//464 465//465
f 469//469 468//468 466//466 467//467
f 471//471 470//470 468//468 469//469
f 472//472 471//471 469//469
f 471//471 472//472 473//473
f 475//475 474//474 471//471 473//473
f 477//477 476//476 475//475 473//473
f 476//476 478//478 475//475
f 480//480 478//478 476//476 479//479
f 481//481 480//480 479//479
f 483//483 482//482 480//480 481//481
f 484//484 483//483 481//481
f 486//486 485//485 483//483 484//484
f 488//488 487//487 485//485 486//486
f 487//487 488//488 489//489
f 156//156 490//490 487//487 489//489
f 492//492 491//491 156//156 489//489
f 491//491 492//492 493//493
f 493//493 492//492 495//495 494//494
f 497//497 496//496 493//493 494//494
f 496//496 497//497 498//498
f 164//164 499//499 496//496 498//498
f 501//501 500//500 164//164 498//498
f 500//500 501//501 502//502
f 502//502 501//501 504//504 503//503
f 506//506 505//505 502//502 503//503
f 505//505 506//506 507//507
f 509//509 508//508 505//505 507//507
f 511//511 510//510 509//509 507//507
f 513//513 512//512 510//510 511//511
f 512//512 513//513 514//514
f 516//516 515//515 512//512 514//514
f 517//517 516//516 514//514
f 519//519 518//518 516//516 517//517
f 521//521 518//518 519//519 520//520
f 522//522 521//521 520//520
f 522//522 525//525 524//524 523//523
f 521//521 522//522 523//523
f 524//524 525//525 526//526
f 526//526 525//525 528//528 527//527
f 530//530 529//529 526//526 527//527
f 529//529 530//530 531//531
f 533//533 532//532 529//529 531//531
f 535//535 534//534 533//533 531//531
f 534//534 535//535 536//536
f 536//536 535//535 538//538 537//537
f 540//540 539//539 536//536 537//537
f 539//539 540//540 541//541
f 541//541 540//540 543//543 542//542
f 544//544 541//541 542//542
f 546//546 544//544 542//542 545//545
f 547//547 546//546 545//545
f 546//546 547//547 548//548
f 548//548 547//547 550//550 549//549
f 549//549 550//550 552//552 551//551
f 552//552 550//550 554//554 553//553
f 556//556 552//552 553//553 555//555
f 558//558 556//556 555//555 557//557
f 559//559 558//558 557//557
f 556//556 558//558 560//560
f 562//562 561//561 559//559 557//557
f 563//563 562//562 557//557
f 562//562 563//563 564//564
f 566//566 562//562 564//564 565//565
f 567//567 566//566 565//565
f 568//568 278//278 567//567 565//565
f 569//569 568//568 565//565
f 568//568 569//569 570//570
f 571//571 568//568 570//570
f 573//573 572//572 571//571 570//570
f 574//574 573//573 570//570
f 571//571 572//572 575//575
f 575//575 572//572 577//577 576//576
f 579//579 578//578 575//575 576//576
f 580//580 579//579 576//576
f 582//582 579//579 580//580 581//581
f 583//583 582//582 581//581
f 585//585 583//583 581//581 584//584
f 586//586 585//585 584//584
f 585//585 586//586 587//587
f 587//587 586//586 589//589 588//588
f 590//590 587//587 588//588
f 592//592 590//590 588//588 591//591
f 594//594 592//592 591//591 593//593
f 596//596 594//594 593//593 595//595
f 598//598 597//597 596//596 595//595
f 599//599 598//598 595//595
f 598//598 599//599 600//600
f 602//602 598//598 600//600 601//601
f 603//603 602//602 601//601
f 604//604 602//602 603//603
f 600//600 606//606 605//605 601//601
f 608//608 605//605 606//606 607//607
f 609//609 608//608 607//607
f 608//608 609//609 610//610
f 612//612 608//608 610//610 611//611
f 614//614 612//612 611//611 613//613
f 616//616 612//612 614//614 615//615
f 618//618 617//617 616//616 615//615
f 620//620 617//617 618//618 619//619
f 619//619 618//618 622//622 621//621
f 623//623 619//619 621//621
f 625//625 623//623 621//621 624//624
f 626//626 625//625 624//624
f 625//625 626//626 627//627
f 627//627 626//626 629//629 628//628
f 628//628 629//629 631//631 630//630
f 632//632 628//628 630//630
f 631//631 629//629 633//633
f 631//631 633//633 635//635 634//634
f 636//636 631//631 634//634
f 624//624 638//638 637//637 635//635
f 633//633 624//624 635//635
f 637//637 638//638 639//639
f 638//638 641//641 640//640 639//639
f 640//640 643//643 642//642 639//639
f 643//643 646//646 645//645 644//644
f 642//642 643//643 644//644
f 645//645 646//646 647//647
f 650//650 649//649 648//648 647//647
f 646//646 650//650 647//647
f 648//648 649//649 652//652 651//651
f 651//651 652//652 654//654 653//653
f 653//653 654//654 656//656 655//655
f 656//656 659//659 658//658 657//657
f 655//655 656//656 657//657
f 661//661 658//658 659//659 660//660
f 662//662 661//661 660//660
f 661//661 662//662 663//663
f 665//665 661//661 663//663 664//664
f 667//667 665//665 664//664 666//666
f 669//669 665//665 667//667 668//668
f 668//668 667//667 671//671 670//670
f 670//670 671//671 673//673 672//672
f 671//671 676//676 675//675 674//674
f 673//673 671//671 674//674
f 675//675 676//676 677//677
f 676//676 678//678 677//677
f 681//681 680//680 679//679 677//677
f 678//678 681//681 677//677
f 681//681 678//678 666//666
f 681//681 683//683 682//682 680//680
f 683//683 684//684 682//682
f 687//687 686//686 685//685 682//682
f 684//684 687//687 682//682
f 687//687 684//684 688//688
f 690//690 689//689 687//687 688//688
f 692//692 691//691 689//689 690//690
f 689//689 691//691 694//694 693//693
f 694//694 691//691 696//696 695//695
f 698//698 697//697 694//694 695//695
f 697//697 698//698 699//699
f 699//699 698//698 701//701 700//700
f 703//703 702//702 699//699 700//700
f 702//702 703//703 705//705 704//704
f 707//707 704//704 705//705 706//706
f 709//709 708//708 707//707 706//706
f 711//711 708//708 709//709 710//710
f 713//713 711//711 710//710 712//712
f 715//715 714//714 713//713 712//712
f 714//714 715//715 717//717 716//716
f 716//716 717//717 718//718
f 717//717 715//715 720//720 719//719
f 720//720 722//722 721//721 719//719
f 723//723 722//722 720//720 712//712
f 724//724 723//723 712//712
f 726//726 725//725 723//723 724//724
f 727//727 725//725 726//726 706//706
f 728//728 727//727 706//706
f 730//730 729//729 727//727 728//728
f 731//731 729//729 730//730 700//700
f 732//732 731//731 700//700
f 732//732 735//735 734//734 733//733
f 731//731 732//732 733//733
f 734//734 735//735 736//736
f 738//738 737//737 734//734 736//736
f 739//739 738//738 736//736
f 739//739 742//742 741//741 740//740
f 738//738 739//739 740//740
f 741//741 742//742 743//743
f 746//746 745//745 744//744 743//743
f 742//742 746//746 743//743
f 745//745 748//748 747//747 744//744
f 748//748 750//750 749//749 747//747
f 750//750 752//752 751//751 749//749
f 752//752 755//755 754//754 753//753
f 751//751 752//752 753//753
f 754//754 756//756 753//753
f 754//754 759//759 758//758 757//757
f 756//756 754//754 757//757
f 760//760 758//758 759//759 607//607
f 761//761 760//760 607//607
f 760//760 761//761 762//762
f 764//764 763//763 760//760 762//762
f 766//766 765//765 763//763 764//764
f 763//763 765//765 768//768 767//767
f 767//767 768//768 770//770 769//769
f 768//768 772//772 771//771 770//770
f 775//775 774//774 773//773 771//771
f 772//772 775//775 771//771
f 772//772 778//778 777//777 776//776
f 775//775 772//772 776//776
f 777//777 778//778 779//779
f 584//584 780//780 777//777 779//779
f 781//781 589//589 584//584 779//779
f 782//782 781//781 779//779 766//766
f 783//783 775//775 776//776
f 785//785 784//784 783//783 776//776
f 780//780 785//785 776//776
f 783//783 784//784 786//786
f 789//789 788//788 787//787 786//786
f 784//784 789//789 786//786
f 787//787 788//788 790//790
f 793//793 792//792 791//791 790//790
f 788//788 794//794 793//793 790//790
f 791//791 792//792 796//796 795//795
f 795//795 796//796 798//798 797//797
f 797//797 798//798 800//800 799//799
f 800//800 803//803 802//802 801//801
f 799//799 800//800 801//801
f 805//805 802//802 803//803 804//804
f 806//806 805//805 804//804
f 805//805 806//806 807//807
f 809//809 808//808 805//805 807//807
f 810//810 809//809 807//807
f 812//812 809//809 810//810 811//811
f 814//814 812//812 811//811 813//813
f 816//816 814//814 813//813 815//815
f 817//817 816//816 815//815
f 817//817 820//820 819//819 818//818
f 816//816 817//817 818//818
f 819//819 820//820 822//822 821//821
f 822//822 825//825 824//824 823//823
f 821//821 822//822 823//823
f 827//827 824//824 825//825 826//826
f 828//828 827//827 826//826
f 827//827 828//828 829//829
f 831//831 830//830 827//827 829//829
f 832//832 831//831 829//829
f 831//831 832//832 833//833
f 836//836 835//835 834//834 833//833
f 832//832 836//836 833//833
f 836//836 837//837 835//835
f 834//834 840//840 839//839 838//838
f 833//833 834//834 838//838
f 839//839 840//840 841//841
f 843//843 839//839 841//841 842//842
f 844//844 843//843 842//842
f 848//848 847//847 846//846 845//845
f 843//843 844//844 848//848 845//845
f 846//846 847//847 849//849
f 849//849 847//847 851//851 850//850
f 721//721 852//852 849//849 850//850
f 854//854 853//853 846//846 849//849
f 852//852 854//854 849//849
f 856//856 854//854 852//852 855//855
f 858//858 857//857 854//854 856//856
f 859//859 830//830 857//857 858//858
f 861//861 860//860 859//859 858//858
f 863//863 862//862 860//860 861//861
f 865//865 864//864 862//862 863//863
f 864//864 867//867 866//866 862//862
f 864//864 869//869 868//868 818//818
f 867//867 864//864 818//818
f 868//868 869//869 870//870
f 873//873 872//872 871//871 870//870
f 869//869 873//873 870//870
f 871//871 872//872 874//874
f 876//876 875//875 871//871 874//874
f 877//877 876//876 874//874
f 879//879 876//876 877//877 878//878
f 880//880 879//879 878//878
f 879//879 880//880 881//881
f 884//884 883//883 882//882 881//881
f 880//880 884//884 881//881
f 886//886 882//882 883//883 885//885
f 887//887 886//886 885//885
f 886//886 887//887 888//888
f 890//890 889//889 886//886 888//888
f 891//891 890//890 888//888
f 893//893 892//892 890//890 891//891
f 895//895 894//894 892//892 893//893
f 897//897 896//896 894//894 895//895
f 899//899 896//896 897//897 898//898
f 774//774 899//899 898//898
f 897//897 900//900 898//898
f 902//902 901//901 773//773 898//898
f 900//900 902//902 898//898
f 902//902 900//900 904//904 903//903
f 903//903 904//904 906//906 905//905
f 905//905 906//906 908//908 907//907
f 910//910 905//905 907//907 909//909
f 909//909 907//907 912//912 911//911
f 911//911 912//912 885//885 913//913
f 915//915 911//911 913//913 914//914
f 916//916 915//915 914//914 740//740
f 918//918 917//917 915//915 916//916
f 920//920 919//919 917//917 918//918
f 922//922 921//921 919//919 920//920
f 924//924 923//923 921//921 922//922
f 926//926 925//925 923//923 924//924
f 769//769 925//925 926//926 757//757
f 925//925 928//928 927//927 923//923
f 923//923 927//927 929//929 921//921
f 931//931 924//924 922//922 930//930
f 921//921 929//929 910//910 919//919
f 930//930 922//922 920//920 932//932
f 932//932 920//920 918//918 933//933
f 913//913 935//935 934//934 914//914
f 934//934 935//935 937//937 936//936
f 937//937 940//940 939//939 938//938
f 936//936 937//937 938//938
f 939//939 940//940 942//942 941//941
f 942//942 945//945 944//944 943//943
f 941//941 942//942 943//943
f 944//944 945//945 947//947 946//946
f 946//946 947//947 949//949 948//948
f 948//948 949//949 951//951 950//950
f 953//953 948//948 950//950 952//952
f 952//952 950//950 855//855
f 954//954 946//946 948//948 953//953
f 945//945 873//873 865//865 947//947
f 955//955 944//944 946//946 954//954
f 944//944 955//955 943//943
f 956//956 941//941 943//943
f 956//956 957//957 939//939 941//941
f 940//940 937//937 884//884 878//878
f 958//958 940//940 878//878
f 737//737 936//936 938//938 733//733
f 939//939 957//957 938//938
f 917//917 909//909 911//911 915//915
f 919//919 910//910 909//909 917//917
f 929//929 903//903 905//905 910//910
f 928//928 901//901 902//902 927//927
f 896//896 960//960 959//959 894//894
f 904//904 900//900 897//897 895//895
f 894//894 959//959 961//961 892//892
f 906//906 904//904 895//895 893//893
f 892//892 961//961 962//962 890//890
f 908//908 906//906 893//893 891//891
f 889//889 890//890 962//962 801//801
f 963//963 889//889 801//801
f 889//889 963//963 964//964
f 908//908 891//891 888//888
f 882//882 886//886 889//889 964//964
f 965//965 882//882 964//964
f 808//808 965//965 964//964
f 885//885 883//883 935//935 913//913
f 912//912 887//887 885//885
f 882//882 965//965 881//881
f 935//935 883//883 884//884 937//937
f 877//877 958//958 878//878
f 884//884 880//880 878//878
f 958//958 877//877 874//874
f 942//942 872//872 873//873 945//945
f 871//871 875//875 870//870
f 947//947 865//865 863//863 949//949
f 860//860 862//862 866//866 823//823
f 966//966 860//860 823//823
f 949//949 863//863 861//861 951//951
f 860//860 966//966 859//859
f 951//951 861//861 858//858 856//856
f 950//950 951//951 856//856 855//855
f 854//854 857//857 967//967 853//853
f 853//853 967//967 838//838 845//845
f 851//851 847//847 848//848 968//968
f 969//969 851//851 968//968
f 970//970 435//435 432//432 968//968
f 848//848 970//970 968//968
f 844//844 970//970 848//848
f 846//846 853//853 845//845
f 838//838 839//839 843//843 845//845
f 971//971 840//840 834//834
f 835//835 972//972 971//971 834//834
f 857//857 830//830 831//831 967//967
f 836//836 832//832 829//829
f 973//973 837//837 836//836 829//829
f 828//828 974//974 973//973 829//829
f 975//975 837//837 973//973
f 825//825 976//976 826//826
f 978//978 977//977 974//974 826//826
f 976//976 979//979 978//978 826//826
f 981//981 980//980 979//979 976//976
f 983//983 982//982 980//980 981//981
f 980//980 985//985 984//984 979//979
f 985//985 987//987 986//986 984//984
f 989//989 988//988 987//987 985//985
f 991//991 988//988 989//989 990//990
f 992//992 991//991 990//990
f 994//994 993//993 991//991 992//992
f 993//993 996//996 995//995 991//991
f 993//993 999//999 998//998 997//997
f 996//996 993//993 997//997
f 998//998 999//999 1000//1000
f 1003//1003 1002//1002 1001//1001 1000//1000
f 999//999 1004//1004 1003//1003 1000//1000
f 1002//1002 1006//1006 1005//1005 1001//1001
f 1005//1005 1006//1006 1007//1007
f 1007//1007 1006//1006 1008//1008 804//804
f 1010//1010 1009//1009 1005//1005 1007//1007
f 1011//1011 1010//1010 1007//1007
f 1011//1011 1014//1014 1013//1013 1012//1012
f 1010//1010 1011//1011 1012//1012
f 1014//1014 1016//1016 1015//1015 1013//1013
f 1016//1016 1019//1019 1018//1018 1017//1017
f 1015//1015 1016//1016 1017//1017
f 1021//1021 1020//1020 1018//1018 1019//1019
f 1023//1023 1020//1020 1021//1021 1022//1022
f 1023//1023 1026//1026 1025//1025 1024//1024
f 1027//1027 1020//1020 1023//1023 1024//1024
f 1025//1025 1026//1026 1028//1028
f 1028//1028 1031//1031 1030//1030 1029//1029
f 1032//1032 1025//1025 1028//1028 1029//1029
f 1030//1030 1031//1031 1033//1033
f 1035//1035 1034//1034 1030//1030 1033//1033
f 1037//1037 1036//1036 1034//1034 1035//1035
f 1034//1034 1036//1036 1039//1039 1038//1038
f 1036//1036 1041//1041 1040//1040 1039//1039
f 1041//1041 1043//1043 1042//1042 1040//1040
f 1045//1045 1043//1043 1041//1041 1044//1044
f 1047//1047 1046//1046 1043//1043 1045//1045
f 1048//1048 1046//1046 1047//1047
f 1052//1052 1051//1051 1050//1050 1049//1049
f 1046//1046 1048//1048 1052//1052 1049//1049
f 1050//1050 1051//1051 1053//1053
f 527//527 1055//1055 1054//1054 1053//1053
f 1051//1051 1056//1056 527//527 1053//1053
f 1054//1054 1055//1055 1058//1058 1057//1057
f 1057//1057 1058//1058 1060//1060 1059//1059
f 1059//1059 1060//1060 1062//1062 1061//1061
f 1061//1061 1062//1062 1064//1064 1063//1063
f 1063//1063 1064//1064 1066//1066 1065//1065
f 1068//1068 1067//1067 1063//1063 1065//1065
f 1068//1068 1065//1065 1069//1069
f 1071//1071 1070//1070 1068//1068 1069//1069
f 1072//1072 1071//1071 1069//1069
f 1071//1071 1072//1072 1073//1073
f 1075//1075 1071//1071 1073//1073 1074//1074
f 1077//1077 1076//1076 1075//1075 1074//1074
f 1078//1078 1077//1077 1074//1074
f 1080//1080 1075//1075 1076//1076 1079//1079
f 1079//1079 1076//1076 1082//1082 1081//1081
f 1081//1081 1082//1082 1084//1084 1083//1083
f 1082//1082 1087//1087 1086//1086 1085//1085
f 1084//1084 1082//1082 1085//1085
f 1086//1086 1087//1087 1088//1088
f 1087//1087 1077//1077 1089//1089 1088//1088
f 1089//1089 1091//1091 1090//1090 1088//1088
f 1093//1093 1092//1092 1091//1091 1089//1089
f 1078//1078 1094//1094 1093//1093 1089//1089
f 1091//1091 1092//1092 1095//1095
f 1098//1098 1097//1097 1096//1096 1095//1095
f 1092//1092 1098//1098 1095//1095
f 1096//1096 1097//1097 1100//1100 1099//1099
f 1099//1099 1100//1100 1102//1102 1101//1101
f 1104//1104 1101//1101 1102//1102 1103//1103
f 1105//1105 1104//1104 1103//1103
f 1107//1107 1104//1104 1105//1105 1106//1106
f 1107//1107 1106//1106 1108//1108
f 1110//1110 1109//1109 1107//1107 1108//1108
f 1111//1111 1110//1110 1108//1108
f 1110//1110 1111//1111 1112//1112
f 1114//1114 1110//1110 1112//1112 1113//1113
f 1116//1116 1114//1114 1113//1113 1115//1115
f 1118//1118 1114//1114 1116//1116 1117//1117
f 1121//1121 1120//1120 1119//1119 1117//1117
f 1116//1116 1121//1121 1117//1117
f 1119//1119 1120//1120 1122//1122
f 1124//1124 986//986 1123//1123 1122//1122
f 1120//1120 1124//1124 1122//1122
f 1123//1123 1125//1125 1122//1122
f 1127//1127 1126//1126 1125//1125 1123//1123
f 1126//1126 1127//1127 1128//1128
f 1130//1130 1129//1129 1126//1126 1128//1128
f 1131//1131 1130//1130 1128//1128
f 1133//1133 1132//1132 1130//1130 1131//1131
f 1135//1135 1134//1134 1132//1132 1133//1133
f 1136//1136 1134//1134 1135//1135 997//997
f 1137//1137 1136//1136 997//997
f 1137//1137 1140//1140 1139//1139 1138//1138
f 1136//1136 1137//1137 1138//1138
f 1139//1139 1140//1140 1141//1141
f 1143//1143 1009//1009 1142//1142 1141//1141
f 1140//1140 1143//1143 1141//1141
f 1142//1142 1144//1144 1141//1141
f 1146//1146 1145//1145 1144//1144 1142//1142
f 1147//1147 1145//1145 1146//1146 1012//1012
f 1148//1148 1147//1147 1012//1012
f 1150//1150 1149//1149 1147//1147 1148//1148
f 1151//1151 1149//1149 1150//1150 1017//1017
f 1152//1152 1151//1151 1017//1017
f 1027//1027 1153//1153 1151//1151 1152//1152
f 1153//1153 1155//1155 1154//1154 1151//1151
f 1156//1156 1155//1155 1153//1153 1024//1024
f 1032//1032 1156//1156 1024//1024
f 1156//1156 1158//1158 1157//1157 1155//1155
f 1038//1038 1158//1158 1156//1156 1029//1029
f 1157//1157 1158//1158 1160//1160 1159//1159
f 1161//1161 1157//1157 1159//1159
f 1157//1157 1161//1161 1162//1162
f 1165//1165 1164//1164 1163//1163 1162//1162
f 1161//1161 1165//1165 1162//1162
f 1163//1163 1164//1164 1167//1167 1166//1166
f 1166//1166 1167//1167 1169//1169 1168//1168
f 1168//1168 1169//1169 1171//1171 1170//1170
f 1170//1170 1171//1171 1173//1173 1172//1172
f 1171//1171 1175//1175 1174//1174 1173//1173
f 1175//1175 1177//1177 1176//1176 1174//1174
f 1179//1179 1178//1178 1177//1177 1175//1175
f 1181//1181 1180//1180 1178//1178 1179//1179
f 1183//1183 1182//1182 1180//1180 1181//1181
f 1183//1183 1186//1186 1185//1185 1184//1184
f 1182//1182 1183//1183 1184//1184
f 1185//1185 1186//1186 1187//1187
f 1187//1187 1186//1186 1165//1165 1159//1159
f 1189//1189 1188//1188 1185//1185 1187//1187
f 1190//1190 1189//1189 1187//1187
f 1189//1189 1192//1192 1191//1191 1188//1188
f 1049//1049 1192//1192 1189//1189 1042//1042
f 1191//1191 1194//1194 1193//1193 1184//1184
f 1188//1188 1191//1191 1184//1184
f 1193//1193 1194//1194 1195//1195
f 1198//1198 1197//1197 1196//1196 1195//1195
f 1194//1194 1198//1198 1195//1195
f 1196//1196 1197//1197 1200//1200 1199//1199
f 1200//1200 1067//1067 1202//1202 1201//1201
f 1199//1199 1200//1200 1201//1201
f 1202//1202 1203//1203 1201//1201
f 1203//1203 1202//1202 1070//1070 1204//1204
f 1205//1205 1199//1199 1201//1201
f 1205//1205 1206//1206 1196//1196 1199//1199
f 1196//1196 1206//1206 1195//1195
f 1191//1191 1207//1207 1198//1198 1194//1194
f 1193//1193 1182//1182 1184//1184
f 1185//1185 1188//1188 1184//1184
f 1180//1180 1182//1182 1193//1193 1195//1195
f 1206//1206 1180//1180 1195//1195
f 1180//1180 1206//1206 1205//1205 1178//1178
f 1177//1177 1178//1178 1205//1205 1201//1201
f 1203//1203 1177//1177 1201//1201
f 1176//1176 1177//1177 1203//1203 1204//1204
f 1176//1176 1204//1204 1080//1080
f 1170//1170 1172//1172 1209//1209 1208//1208
f 1210//1210 1170//1170 1208//1208
f 1209//1209 1172//1172 1083//1083
f 1211//1211 1210//1210 1208//1208
f 1213//1213 1212//1212 1210//1210 1211//1211
f 1215//1215 1214//1214 1212//1212 1213//1213
f 1214//1214 1215//1215 1216//1216
f 1209//1209 1217//1217 1208//1208
f 1169//1169 1179//1179 1175//1175 1171//1171
f 1212//1212 1168//1168 1170//1170 1210//1210
f 1214//1214 1166//1166 1168//1168 1212//1212
f 1164//1164 1183//1183 1181//1181 1167//1167
f 1163//1163 1166//1166 1214//1214 1216//1216
f 1218//1218 1163//1163 1216//1216
f 1154//1154 1218//1218 1216//1216
f 1165//1165 1186//1186 1183//1183 1164//1164
f 1163//1163 1218//1218 1162//1162
f 1160//1160 1190//1190 1187//1187 1159//1159
f 1165//1165 1161//1161 1159//1159
f 1154//1154 1155//1155 1157//1157 1162//1162
f 1218//1218 1154//1154 1162//1162
f 1149//1149 1151//1151 1154//1154 1216//1216
f 1215//1215 1149//1149 1216//1216
f 1147//1147 1149//1149 1215//1215 1213//1213
f 1145//1145 1147//1147 1213//1213 1211//1211
f 1144//1144 1145//1145 1211//1211 1208//1208
f 1217//1217 1144//1144 1208//1208
f 1217//1217 1219//1219 1139//1139 1141//1141
f 1144//1144 1217//1217 1141//1141
f 1085//1085 1220//1220 1136//1136 1138//1138
f 1139//1139 1219//1219 1138//1138
f 1136//1136 1220//1220 1221//1221 1134//1134
f 1134//1134 1221//1221 1222//1222 1132//1132
f 1221//1221 1090//1090 1223//1223 1222//1222
f 1222//1222 1223//1223 1225//1225 1224//1224
f 1225//1225 1223//1223 1227//1227 1226//1226
f 1229//1229 1225//1225 1226//1226 1228//1228
f 1231//1231 1229//1229 1228//1228 1230//1230
f 1231//1231 1230//1230 1232//1232
f 1234//1234 1233//1233 1231//1231 1232//1232
f 1235//1235 1234//1234 1232//1232
f 1234//1234 1235//1235 1118//1118
f 1237//1237 1233//1233 1234//1234 1236//1236
f 1129//1129 1238//1238 1233//1233 1237//1237
f 1109//1109 1235//1235 1232//1232
f 1238//1238 1229//1229 1231//1231 1233//1233
f 1132//1132 1222//1222 1224//1224 1130//1130
f 1239//1239 995//995 1133//1133 1131//1131
f 1130//1130 1224//1224 1238//1238 1129//1129
f 1239//1239 1131//1131 1128//1128
f 1126//1126 1129//1129 1237//1237 1125//1125
f 1237//1237 1236//1236 1119//1119 1122//1122
f 1125//1125 1237//1237 1122//1122
f 1120//1120 1121//1121 1241//1241 1240//1240
f 1124//1124 1120//1120 1240//1240
f 1241//1241 1121//1121 1242//1242
f 456//456 1243//1243 1241//1241 1242//1242
f 1244//1244 462//462 456//456 1242//1242
f 1115//1115 1245//1245 1244//1244 1242//1242
f 1246//1246 1124//1124 1240//1240
f 1241//1241 1243//1243 1240//1240
f 1119//1119 1236//1236 1117//1117
f 1236//1236 1234//1234 1118//1118 1117//1117
f 1121//1121 1116//1116 1115//1115 1242//1242
f 1113//1113 1247//1247 1245//1245 1115//1115
f 1109//1109 1110//1110 1114//1114 1118//1118
f 1235//1235 1109//1109 1118//1118
f 1248//1248 1111//1111 1108//1108
f 479//479 477//477 1248//1248 1108//1108
f 1106//1106 1249//1249 479//479 1108//1108
f 1104//1104 1107//1107 1109//1109 1232//1232
f 1230//1230 1104//1104 1232//1232
f 1105//1105 1250//1250 1249//1249 1106//1106
f 1102//1102 1251//1251 1103//1103
f 1228//1228 1101//1101 1104//1104 1230//1230
f 1250//1250 1105//1105 1103//1103
f 1102//1102 1100//1100 1252//1252 1251//1251
f 1226//1226 1099//1099 1101//1101 1228//1228
f 1100//1100 1097//1097 1253//1253 1252//1252
f 1227//1227 1096//1096 1099//1099 1226//1226
f 1097//1097 1098//1098 1254//1254 494//494
f 1253//1253 1097//1097 494//494
f 1255//1255 1254//1254 1098//1098 1093//1093
f 1096//1096 1227//1227 1095//1095
f 1094//1094 1256//1256 1255//1255 1093//1093
f 1256//1256 1257//1257 1255//1255
f 1098//1098 1092//1092 1093//1093
f 1221//1221 1220//1220 1086//1086 1088//1088
f 1090//1090 1221//1221 1088//1088
f 1219//1219 1084//1084 1085//1085 1138//1138
f 1086//1086 1220//1220 1085//1085
f 1219//1219 1217//1217 1209//1209 1083//1083
f 1084//1084 1219//1219 1083//1083
f 1172//1172 1173//1173 1081//1081 1083//1083
f 1173//1173 1174//1174 1079//1079 1081//1081
f 1174//1174 1176//1176 1080//1080 1079//1079
f 1077//1077 1078//1078 1089//1089
f 1082//1082 1076//1076 1077//1077 1087//1087
f 1094//1094 1078//1078 1074//1074
f 1073//1073 1256//1256 1094//1094 1074//1074
f 503//503 1257//1257 1256//1256 1073//1073
f 1072//1072 1258//1258 503//503 1073//1073
f 1070//1070 1071//1071 1075//1075 1080//1080
f 1204//1204 1070//1070 1080//1080
f 1258//1258 1072//1072 1069//1069
f 1202//1202 1067//1067 1068//1068 1070//1070
f 1067//1067 1200//1200 1061//1061 1063//1063
f 1200//1200 1197//1197 1059//1059 1061//1061
f 1060//1060 1058//1058 1259//1259 520//520
f 1260//1260 1060//1060 520//520
f 1197//1197 1198//1198 1057//1057 1059//1059
f 1058//1058 1055//1055 528//528 1259//1259
f 1198//1198 1207//1207 1054//1054 1057//1057
f 1054//1054 1207//1207 1053//1053
f 1191//1191 1192//1192 1050//1050 1053//1053
f 1207//1207 1191//1191 1053//1053
f 1056//1056 1051//1051 1052//1052
f 1048//1048 1261//1261 1052//1052
f 1050//1050 1192//1192 1049//1049
f 537//537 1261//1261 1048//1048 1047//1047
f 1262//1262 543//543 537//537 1047//1047
f 1263//1263 1262//1262 1047//1047 1045//1045
f 1264//1264 1263//1263 1045//1045 1044//1044
f 545//545 1263//1263 1264//1264 554//554
f 1265//1265 1264//1264 1044//1044 1037//1037
f 1043//1043 1046//1046 1049//1049 1042//1042
f 1042//1042 1189//1189 1190//1190 1040//1040
f 1040//1040 1190//1190 1160//1160 1039//1039
f 1039//1039 1160//1160 1158//1158 1038//1038
f 1266//1266 1265//1265 1037//1037 1035//1035
f 1267//1267 1266//1266 1035//1035 1033//1033
f 1030//1030 1034//1034 1038//1038 1029//1029
f 1268//1268 1031//1031 1028//1028
f 1156//1156 1032//1032 1029//1029
f 1270//1270 1269//1269 1268//1268 1028//1028
f 1026//1026 1270//1270 1028//1028
f 1025//1025 1032//1032 1024//1024
f 1270//1270 1026//1026 1023//1023
f 1153//1153 1027//1027 1024//1024
f 574//574 1270//1270 1023//1023 1022//1022
f 1018//1018 1020//1020 1027//1027 1152//1152
f 1018//1018 1152//1152 1017//1017
f 1150//1150 1015//1015 1017//1017
f 1015//1015 1150//1150 1148//1148 1013//1013
f 1146//1146 1010//1010 1012//1012
f 1013//1013 1148//1148 1012//1012
f 1009//1009 1010//1010 1146//1146 1142//1142
f 1006//1006 1002//1002 1272//1272 1271//1271
f 1008//1008 1006//1006 1271//1271
f 1272//1272 1273//1273 1271//1271
f 1274//1274 1273//1273 1272//1272 1003//1003
f 1275//1275 1274//1274 1003//1003
f 1274//1274 1275//1275 1277//1277 1276//1276
f 1277//1277 1280//1280 1279//1279 1278//1278
f 1276//1276 1277//1277 1278//1278
f 1279//1279 1280//1280 990//990
f 1281//1281 1276//1276 1278//1278
f 1278//1278 1283//1283 1282//1282 815//815
f 1284//1284 1281//1281 1278//1278 815//815
f 1284//1284 1286//1286 1285//1285 1281//1281
f 1279//1279 1283//1283 1278//1278
f 1285//1285 1274//1274 1276//1276 1281//1281
f 1287//1287 1273//1273 1274//1274 1285//1285
f 1273//1273 1287//1287 1271//1271
f 1005//1005 1009//1009 1143//1143 1001//1001
f 1272//1272 1002//1002 1003//1003
f 1004//1004 1275//1275 1003//1003
f 1001//1001 1143//1143 1000//1000
f 1140//1140 1137//1137 998//998 1000//1000
f 1143//1143 1140//1140 1000//1000
f 1135//1135 996//996 997//997
f 998//998 1137//1137 997//997
f 995//995 996//996 1135//1135 1133//1133
f 1280//1280 1277//1277 994//994 992//992
f 991//991 995//995 1239//1239 988//988
f 982//982 1283//1283 1279//1279 990//990
f 989//989 982//982 990//990
f 1280//1280 992//992 990//990
f 987//987 988//988 1239//1239 1128//1128
f 1127//1127 987//987 1128//1128
f 986//986 1124//1124 1246//1246 1288//1288
f 984//984 986//986 1288//1288
f 1246//1246 1289//1289 1288//1288
f 1288//1288 1289//1289 1290//1290 978//978
f 986//986 987//987 1127//1127 1123//1123
f 979//979 984//984 1288//1288 978//978
f 1290//1290 977//977 978//978
f 824//824 827//827 830//830 859//859
f 966//966 824//824 859//859
f 974//974 828//828 826//826
f 825//825 822//822 981//981 976//976
f 824//824 966//966 823//823
f 866//866 821//821 823//823
f 822//822 820//820 983//983 981//981
f 866//866 867//867 819//819 821//821
f 820//820 817//817 1282//1282 983//983
f 868//868 816//816 818//818
f 819//819 867//867 818//818
f 1282//1282 817//817 815//815
f 814//814 816//816 868//868 870//870
f 875//875 814//814 870//870
f 813//813 1284//1284 815//815
f 876//876 812//812 814//814 875//875
f 811//811 1286//1286 1284//1284 813//813
f 879//879 809//809 812//812 876//876
f 810//810 1291//1291 1286//1286 811//811
f 808//808 809//809 879//879 881//881
f 965//965 808//808 881//881
f 1291//1291 810//810 807//807
f 803//803 1011//1011 1007//1007 804//804
f 802//802 805//805 808//808 964//964
f 963//963 802//802 964//964
f 1008//1008 806//806 804//804
f 800//800 1014//1014 1011//1011 803//803
f 802//802 963//963 801//801
f 962//962 799//799 801//801
f 962//962 961//961 797//797 799//799
f 796//796 1019//1019 1016//1016 798//798
f 961//961 959//959 795//795 797//797
f 959//959 960//960 791//791 795//795
f 1022//1022 1021//1021 792//792 793//793
f 794//794 573//573 793//793
f 791//791 960//960 790//790
f 896//896 899//899 787//787 790//790
f 960//960 896//896 790//790
f 788//788 789//789 577//577 794//794
f 787//787 899//899 786//786
f 777//777 780//780 776//776
f 773//773 774//774 898//898
f 774//774 775//775 783//783 786//786
f 899//899 774//774 786//786
f 773//773 901//901 771//771
f 771//771 901//901 928//928 770//770
f 770//770 928//928 925//925 769//769
f 765//765 778//778 772//772 768//768
f 779//779 778//778 765//765 766//766
f 1292//1292 782//782 766//766 764//764
f 1293//1293 1292//1292 764//764 762//762
f 760//760 763//763 767//767 758//758
f 758//758 767//767 769//769 757//757
f 926//926 756//756 757//757
f 926//926 924//924 931//931 753//753
f 756//756 926//926 753//753
f 1295//1295 755//755 752//752 1294//1294
f 931//931 751//751 753//753
f 1294//1294 752//752 750//750 1296//1296
f 751//751 931//931 930//930 749//749
f 1296//1296 750//750 748//748 1297//1297
f 749//749 930//930 932//932 747//747
f 1297//1297 748//748 745//745 1298//1298
f 747//747 932//932 933//933 744//744
f 1298//1298 745//745 746//746 1299//1299
f 1299//1299 746//746 1301//1301 1300//1300
f 1301//1301 1303//1303 1302//1302 1300//1300
f 1303//1303 1304//1304 696//696 692//692
f 1302//1302 1303//1303 692//692
f 1305//1305 1303//1303 1301//1301
f 1300//1300 1302//1302 1306//1306 660//660
f 744//744 933//933 743//743
f 918//918 916//916 741//741 743//743
f 933//933 918//918 743//743
f 914//914 934//934 738//738 740//740
f 742//742 739//739 1305//1305 1301//1301
f 746//746 742//742 1301//1301
f 741//741 916//916 740//740
f 738//738 934//934 936//936 737//737
f 1305//1305 739//739 736//736
f 938//938 957//957 731//731 733//733
f 735//735 732//732 701//701 695//695
f 1304//1304 735//735 695//695
f 734//734 737//737 733//733
f 731//731 957//957 956//956 729//729
f 727//727 729//729 956//956 943//943
f 955//955 727//727 943//943
f 725//725 727//727 955//955 954//954
f 723//723 725//725 954//954 953//953
f 722//722 723//723 953//953 952//952
f 719//719 721//721 850//850
f 721//721 722//722 952//952 855//855
f 852//852 721//721 855//855
f 421//421 1307//1307 714//714 716//716
f 426//426 421//421 716//716
f 720//720 715//715 712//712
f 1308//1308 711//711 713//713
f 714//714 1307//1307 713//713
f 710//710 724//724 712//712
f 1309//1309 708//708 711//711 1308//1308
f 1311//1311 1310//1310 1309//1309 1308//1308
f 1310//1310 1313//1313 1312//1312 707//707
f 1309//1309 1310//1310 707//707
f 1315//1315 1313//1313 1310//1310 1314//1314
f 1317//1317 1316//1316 1313//1313 1315//1315
f 1319//1319 1316//1316 1317//1317 1318//1318
f 1320//1320 1319//1319 1318//1318
f 1321//1321 1320//1320 1318//1318
f 1320//1320 1321//1321 693//693
f 1322//1322 686//686 1321//1321 1318//1318
f 1323//1323 1322//1322 1318//1318
f 1317//1317 1323//1323 1318//1318
f 1324//1324 1323//1323 1317//1317 1315//1315
f 1325//1325 1324//1324 1315//1315 1314//1314
f 1325//1325 1314//1314 1326//1326
f 1328//1328 1325//1325 1326//1326 1327//1327
f 1330//1330 1328//1328 1327//1327 1329//1329
f 1332//1332 1331//1331 1328//1328 1330//1330
f 1333//1333 1322//1322 1331//1331 1332//1332
f 1335//1335 1333//1333 1332//1332 1334//1334
f 1336//1336 685//685 1333//1333 1335//1335
f 1336//1336 1335//1335 1338//1338 1337//1337
f 1339//1339 1336//1336 1337//1337
f 1341//1341 1339//1339 1337//1337 1340//1340
f 679//679 1339//1339 1341//1341 1342//1342
f 1341//1341 1345//1345 1344//1344 1343//1343
f 1342//1342 1341//1341 1343//1343
f 1348//1348 1347//1347 1346//1346 1343//1343
f 1344//1344 1348//1348 1343//1343
f 1346//1346 1347//1347 1349//1349
f 1352//1352 1351//1351 1350//1350 1349//1349
f 1347//1347 1353//1353 1352//1352 1349//1349
f 1350//1350 1351//1351 1354//1354
f 1357//1357 1356//1356 1355//1355 1354//1354
f 1351//1351 1358//1358 1357//1357 1354//1354
f 1355//1355 1356//1356 1359//1359
f 1362//1362 1361//1361 1360//1360 1359//1359
f 1356//1356 1363//1363 1362//1362 1359//1359
f 1361//1361 1365//1365 1364//1364 1360//1360
f 1364//1364 1365//1365 1366//1366
f 1369//1369 1368//1368 1367//1367 1366//1366
f 1365//1365 1369//1369 1366//1366
f 1371//1371 1368//1368 1369//1369 1370//1370
f 1373//1373 1372//1372 1368//1368 1371//1371
f 1375//1375 1374//1374 1372//1372 1373//1373
f 1377//1377 1374//1374 1375//1375 1376//1376
f 1379//1379 1378//1378 1374//1374 1377//1377
f 1381//1381 1380//1380 1378//1378 1379//1379
f 1383//1383 1378//1378 1380//1380 1382//1382
f 1384//1384 1383//1383 1382//1382
f 1383//1383 1384//1384 1385//1385
f 1388//1388 1387//1387 1386//1386 1385//1385
f 1384//1384 1388//1388 1385//1385
f 1387//1387 1388//1388 1390//1390 1389//1389
f 1382//1382 1392//1392 1391//1391 1390//1390
f 1388//1388 1382//1382 1390//1390
f 1392//1392 1395//1395 1394//1394 1393//1393
f 1391//1391 1392//1392 1393//1393
f 1394//1394 1395//1395 1396//1396
f 1395//1395 1398//1398 1397//1397 1396//1396
f 1397//1397 1400//1400 1399//1399 1396//1396
f 1399//1399 1400//1400 1402//1402 1401//1401
f 1405//1405 1404//1404 1403//1403 1401//1401
f 1402//1402 1405//1405 1401//1401
f 1404//1404 1405//1405 1406//1406
f 1408//1408 1407//1407 1404//1404 1406//1406
f 1404//1404 1407//1407 1409//1409 1403//1403
f 1407//1407 1410//1410 1409//1409
f 1412//1412 1403//1403 1409//1409 1411//1411
f 1413//1413 1412//1412 1411//1411
f 1412//1412 1413//1413 1414//1414
f 1416//1416 1412//1412 1414//1414 1415//1415
f 1414//1414 1418//1418 1417//1417 1415//1415
f 1420//1420 1417//1417 1418//1418 1419//1419
f 1421//1421 1420//1420 1419//1419
f 1420//1420 1421//1421 1422//1422
f 1424//1424 1423//1423 1420//1420 1422//1422
f 1425//1425 1424//1424 1422//1422
f 1427//1427 1424//1424 1425//1425 1426//1426
f 1429//1429 1427//1427 1426//1426 1428//1428
f 1431//1431 1429//1429 1428//1428 1430//1430
f 1433//1433 1431//1431 1430//1430 1432//1432
f 1435//1435 1434//1434 1433//1433 1432//1432
f 1434//1434 1435//1435 1436//1436
f 1436//1436 1435//1435 1438//1438 1437//1437
f 1440//1440 1439//1439 1436//1436 1437//1437
f 1439//1439 1440//1440 1441//1441
f 1439//1439 1442//1442 1436//1436
f 1438//1438 1443//1443 1437//1437
f 1444//1444 1443//1443 1438//1438 1432//1432
f 1445//1445 1444//1444 1432//1432
f 1447//1447 1446//1446 1444//1444 1445//1445
f 1449//1449 1448//1448 1446//1446 1447//1447
f 1451//1451 1450//1450 1448//1448 1449//1449
f 1448//1448 1450//1450 1453//1453 1452//1452
f 1454//1454 1448//1448 1452//1452
f 1456//1456 1455//1455 1453//1453 1450//1450
f 1457//1457 1455//1455 1456//1456 1419//1419
f 1458//1458 1457//1457 1419//1419
f 1457//1457 1458//1458 1459//1459
f 1461//1461 1460//1460 1457//1457 1459//1459
f 1463//1463 1462//1462 1460//1460 1461//1461
f 1460//1460 1462//1462 1465//1465 1464//1464
f 1464//1464 1465//1465 1467//1467 1466//1466
f 1466//1466 1467//1467 1469//1469 1468//1468
f 1472//1472 1471//1471 1470//1470 1469//1469
f 1467//1467 1472//1472 1469//1469
f 1470//1470 1471//1471 1474//1474 1473//1473
f 1474//1474 1477//1477 1476//1476 1475//1475
f 1473//1473 1474//1474 1475//1475
f 1476//1476 1477//1477 1479//1479 1478//1478
f 1479//1479 1477//1477 1480//1480 657//657
f 1481//1481 1479//1479 657//657
f 1479//1479 1481//1481 669//669
f 1483//1483 1476//1476 1478//1478 1482//1482
f 1485//1485 1483//1483 1482//1482 1484//1484
f 1485//1485 1488//1488 1487//1487 1486//1486
f 1483//1483 1485//1485 1486//1486
f 1487//1487 1488//1488 1489//1489
f 1491//1491 1490//1490 1487//1487 1489//1489
f 1492//1492 1491//1491 1489//1489
f 1468//1468 1491//1491 1492//1492 1452//1452
f 1491//1491 1494//1494 1493//1493 1490//1490
f 1490//1490 1493//1493 1475//1475 1486//1486
f 1454//1454 1492//1492 1489//1489
f 1487//1487 1490//1490 1486//1486
f 1474//1474 1495//1495 1480//1480 1477//1477
f 1475//1475 1476//1476 1483//1483 1486//1486
f 1493//1493 1473//1473 1475//1475
f 1471//1471 1496//1496 1495//1495 1474//1474
f 1493//1493 1494//1494 1470//1470 1473//1473
f 1470//1470 1494//1494 1469//1469
f 1465//1465 1497//1497 1472//1472 1467//1467
f 1465//1465 1462//1462 1498//1498 644//644
f 1497//1497 1465//1465 644//644
f 1498//1498 1462//1462 1463//1463
f 1500//1500 1499//1499 1463//1463 1461//1461
f 1501//1501 1500//1500 1461//1461 1459//1459
f 634//634 1500//1500 1501//1501 1411//1411
f 1457//1457 1460//1460 1464//1464 1455//1455
f 1455//1455 1464//1464 1466//1466 1453//1453
f 1453//1453 1466//1466 1468//1468 1452//1452
f 1492//1492 1454//1454 1452//1452
f 1446//1446 1448//1448 1454//1454 1489//1489
f 1488//1488 1446//1446 1489//1489
f 1446//1446 1488//1488 1485//1485 1444//1444
f 1444//1444 1485//1485 1484//1484 1443//1443
f 1443//1443 1484//1484 672//672 1437//1437
f 1438//1438 1435//1435 1432//1432
f 1502//1502 1431//1431 1433//1433
f 1434//1434 1503//1503 1433//1433
f 1430//1430 1445//1445 1432//1432
f 1504//1504 1429//1429 1431//1431 1502//1502
f 1506//1506 1505//1505 1504//1504 1502//1502
f 1428//1428 1447//1447 1445//1445 1430//1430
f 1389//1389 1427//1427 1429//1429 1504//1504
f 1426//1426 1449//1449 1447//1447 1428//1428
f 1425//1425 1451//1451 1449//1449 1426//1426
f 1451//1451 1425//1425 1422//1422
f 1456//1456 1450//1450 1451//1451 1422//1422
f 1421//1421 1456//1456 1422//1422
f 1418//1418 1458//1458 1419//1419
f 1417//1417 1420//1420 1423//1423 1393//1393
f 1507//1507 1417//1417 1393//1393
f 1456//1456 1421//1421 1419//1419
f 1417//1417 1507//1507 1415//1415
f 1414//1414 1413//1413 1501//1501 1459//1459
f 1458//1458 1418//1418 1414//1414 1459//1459
f 1501//1501 1413//1413 1411//1411
f 1508//1508 1405//1405 1402//1402
f 1416//1416 1399//1399 1401//1401
f 1509//1509 1400//1400 1397//1397
f 1394//1394 1507//1507 1393//1393
f 1423//1423 1391//1391 1393//1393
f 1391//1391 1423//1423 1424//1424 1390//1390
f 1505//1505 1387//1387 1389//1389 1504//1504
f 1386//1386 1367//1367 1385//1385
f 1380//1380 1392//1392 1382//1382
f 1388//1388 1384//1384 1382//1382
f 1381//1381 1398//1398 1395//1395 1392//1392
f 1380//1380 1381//1381 1392//1392
f 1510//1510 1398//1398 1381//1381
f 1511//1511 1510//1510 1381//1381 1379//1379
f 1375//1375 1512//1512 1376//1376
f 1514//1514 1513//1513 1377//1377 1376//1376
f 1374//1374 1378//1378 1383//1383 1372//1372
f 1375//1375 1373//1373 1516//1516 1515//1515
f 1512//1512 1375//1375 1515//1515
f 1516//1516 1517//1517 1515//1515
f 1517//1517 1516//1516 1519//1519 1518//1518
f 1518//1518 1519//1519 1521//1521 1520//1520
f 1520//1520 1521//1521 1522//1522
f 1370//1370 1524//1524 1523//1523 1522//1522
f 1521//1521 1370//1370 1522//1522
f 1523//1523 1524//1524 1525//1525
f 1524//1524 1527//1527 1526//1526 1525//1525
f 1526//1526 1529//1529 1528//1528 1525//1525
f 365//365 1530//1530 1523//1523 1525//1525
f 1528//1528 371//371 365//365 1525//1525
f 1523//1523 1530//1530 1522//1522
f 361//361 1531//1531 1520//1520 1522//1522
f 1530//1530 366//366 361//361 1522//1522
f 1531//1531 1532//1532 1518//1518 1520//1520
f 1533//1533 1512//1512 1515//1515
f 1516//1516 1373//1373 1371//1371 1519//1519
f 1370//1370 1369//1369 1527//1527 1524//1524
f 1519//1519 1371//1371 1370//1370 1521//1521
f 1367//1367 1386//1386 1366//1366
f 1387//1387 1505//1505 1364//1364 1366//1366
f 1386//1386 1387//1387 1366//1366
f 1369//1369 1365//1365 1361//1361 1527//1527
f 1364//1364 1505//1505 1506//1506 1360//1360
f 1527//1527 1361//1361 1362//1362 1526//1526
f 1363//1363 1534//1534 1362//1362
f 1360//1360 1506//1506 1359//1359
f 1359//1359 1506//1506 1502//1502 1433//1433
f 1503//1503 1355//1355 1359//1359 1433//1433
f 1363//1363 1356//1356 1357//1357
f 1358//1358 382//382 379//379 1357//1357
f 1355//1355 1503//1503 1354//1354
f 1358//1358 1351//1351 1352//1352
f 1353//1353 1535//1535 1352//1352
f 1350//1350 1442//1442 1349//1349
f 1353//1353 1347//1347 1348//1348
f 1346//1346 1536//1536 1343//1343
f 1345//1345 1537//1537 1344//1344
f 1536//1536 1538//1538 1342//1342 1343//1343
f 674//674 1538//1538 1536//1536 1441//1441
f 1345//1345 1341//1341 1340//1340
f 1338//1338 1539//1539 1337//1337
f 1338//1338 1335//1335 1334//1334 1540//1540
f 1540//1540 1334//1334 1541//1541
f 398//398 1542//1542 1540//1540 1541//1541
f 1543//1543 403//403 398//398 1541//1541
f 1544//1544 1543//1543 1541//1541
f 1545//1545 1543//1543 1544//1544 1329//1329
f 1546//1546 1545//1545 1329//1329
f 1332//1332 1330//1330 1544//1544 1541//1541
f 1334//1334 1332//1332 1541//1541
f 1544//1544 1330//1330 1329//1329
f 1327//1327 1547//1547 1546//1546 1329//1329
f 1546//1546 1547//1547 414//414 409//409
f 1326//1326 1548//1548 1547//1547 1327//1327
f 1331//1331 1324//1324 1325//1325 1328//1328
f 1310//1310 1311//1311 1548//1548 1326//1326
f 1314//1314 1310//1310 1326//1326
f 709//709 726//726 724//724 710//710
f 705//705 728//728 706//706
f 708//708 1309//1309 707//707
f 1312//1312 704//704 707//707
f 705//705 703//703 730//730 728//728
f 1312//1312 1549//1549 702//702 704//704
f 730//730 703//703 700//700
f 702//702 1549//1549 699//699
f 701//701 732//732 700//700
f 1316//1316 1319//1319 697//697 699//699
f 1549//1549 1316//1316 699//699
f 701//701 698//698 695//695
f 697//697 1319//1319 694//694
f 696//696 1304//1304 695//695
f 1306//1306 1302//1302 692//692 690//690
f 685//685 686//686 1322//1322 1333//1333
f 686//686 687//687 689//689 693//693
f 1321//1321 686//686 693//693
f 682//682 685//685 1336//1336 680//680
f 680//680 1336//1336 1339//1339 679//679
f 1342//1342 1538//1538 675//675 677//677
f 679//679 1342//1342 677//677
f 1440//1440 673//673 674//674 1441//1441
f 675//675 1538//1538 674//674
f 672//672 673//673 1440//1440 1437//1437
f 1484//1484 1482//1482 670//670 672//672
f 1482//1482 1478//1478 668//668 670//670
f 1478//1478 1479//1479 669//669 668//668
f 664//664 683//683 681//681 666//666
f 688//688 684//684 683//683 664//664
f 663//663 688//688 664//664
f 1306//1306 690//690 688//688 663//663
f 662//662 1306//1306 663//663
f 659//659 1299//1299 1300//1300 660//660
f 658//658 661//661 665//665 669//669
f 1481//1481 658//658 669//669
f 656//656 1298//1298 1299//1299 659//659
f 658//658 1481//1481 657//657
f 1480//1480 655//655 657//657
f 654//654 1297//1297 1298//1298 656//656
f 1480//1480 1495//1495 653//653 655//655
f 652//652 1296//1296 1297//1297 654//654
f 1495//1495 1496//1496 651//651 653//653
f 1496//1496 1550//1550 648//648 651//651
f 650//650 1295//1295 1294//1294 649//649
f 648//648 1550//1550 647//647
f 1472//1472 1497//1497 645//645 647//647
f 1550//1550 1472//1472 647//647
f 646//646 643//643 1551//1551 613//613
f 650//650 646//646 613//613
f 1498//1498 642//642 644//644
f 645//645 1497//1497 644//644
f 1551//1551 643//643 640//640
f 639//639 642//642 1498//1498 1463//1463
f 1499//1499 637//637 639//639 1463//1463
f 637//637 1499//1499 635//635
f 1410//1410 636//636 634//634 1411//1411
f 1409//1409 1410//1410 1411//1411
f 636//636 1410//1410 630//630
f 1407//1407 1408//1408 632//632 630//630
f 1410//1410 1407//1407 630//630
f 631//631 636//636 630//630
f 629//629 626//626 624//624 633//633
f 625//625 1552//1552 623//623
f 621//621 641//641 638//638 624//624
f 622//622 641//641 621//621
f 617//617 1553//1553 616//616
f 622//622 618//618 615//615
f 1551//1551 614//614 613//613
f 611//611 1295//1295 650//650 613//613
f 610//610 755//755 1295//1295 611//611
f 759//759 754//754 755//755 610//610
f 609//609 759//759 610//610
f 606//606 761//761 607//607
f 605//605 608//608 612//612 616//616
f 1553//1553 605//605 616//616
f 759//759 609//609 607//607
f 605//605 1553//1553 601//601
f 600//600 599//599 1293//1293 762//762
f 761//761 606//606 600//600 762//762
f 598//598 602//602 597//597
f 1293//1293 599//599 595//595
f 1555//1555 1554//1554 594//594 596//596
f 593//593 1292//1292 1293//1293 595//595
f 1554//1554 1556//1556 592//592 594//594
f 591//591 782//782 1292//1292 593//593
f 1556//1556 1557//1557 590//590 592//592
f 294//294 289//289 587//587 590//590
f 1557//1557 294//294 590//590
f 589//589 781//781 588//588
f 589//589 586//586 584//584
f 585//585 1558//1558 583//583
f 581//581 785//785 780//780 584//584
f 287//287 281//281 582//582 583//583
f 1558//1558 287//287 583//583
f 580//580 785//785 581//581
f 784//784 785//785 580//580 576//576
f 789//789 784//784 576//576
f 578//578 282//282 277//277 575//575
f 577//577 789//789 576//576
f 573//573 574//574 1022//1022 793//793
f 577//577 572//572 573//573 794//794
f 1269//1269 569//569 565//565
f 1559//1559 566//566 567//567
f 564//564 1268//1268 1269//1269 565//565
f 564//564 563//563 1267//1267 1033//1033
f 1031//1031 1268//1268 564//564 1033//1033
f 562//562 566//566 561//561
f 1267//1267 563//563 557//557
f 1560//1560 558//558 559//559
f 555//555 1266//1266 1267//1267 557//557
f 553//553 1265//1265 1266//1266 555//555
f 554//554 1264//1264 1265//1265 553//553
f 551//551 552//552 556//556 560//560
f 550//550 547//547 545//545 554//554
f 546//546 1561//1561 544//544
f 542//542 1262//1262 1263//1263 545//545
f 543//543 1262//1262 542//542
f 543//543 540//540 537//537
f 539//539 250//250 244//244 536//536
f 538//538 1261//1261 537//537
f 1562//1562 532//532 533//533
f 538//538 535//535 531//531
f 534//534 245//245 240//240 533//533
f 1056//1056 530//530 527//527
f 529//529 532//532 526//526
f 528//528 1055//1055 527//527
f 1564//1564 1563//1563 524//524 526//526
f 532//532 1562//1562 1564//1564 526//526
f 1566//1566 1565//1565 1563//1563 1564//1564
f 1563//1563 1565//1565 1567//1567 523//523
f 1565//1565 1569//1569 1568//1568 1567//1567
f 1568//1568 1571//1571 1570//1570 1567//1567
f 1570//1570 1571//1571 1573//1573 1572//1572
f 1572//1572 1573//1573 1575//1575 1574//1574
f 1574//1574 1575//1575 1577//1577 1576//1576
f 1576//1576 1577//1577 1579//1579 1578//1578
f 1577//1577 1580//1580 185//185 1579//1579
f 515//515 1576//1576 1578//1578 1581//1581
f 1578//1578 1583//1583 1582//1582 1581//1581
f 1582//1582 1583//1583 1585//1585 1584//1584
f 1583//1583 1587//1587 1586//1586 1585//1585
f 1582//1582 1584//1584 1588//1588 509//509
f 1589//1589 1582//1582 509//509
f 1582//1582 1589//1589 1581//1581
f 1579//1579 1587//1587 1583//1583 1578//1578
f 1575//1575 1590//1590 1580//1580 1577//1577
f 1571//1571 1592//1592 1591//1591 1573//1573
f 194//194 1592//1592 1571//1571 1568//1568
f 1593//1593 1569//1569 1565//1565 1566//1566
f 1595//1595 1594//1594 1593//1593 1566//1566
f 1594//1594 1596//1596 197//197 1593//1593
f 1597//1597 1595//1595 1566//1566 1564//1564
f 1562//1562 1597//1597 1564//1564
f 1567//1567 1570//1570 521//521 523//523
f 528//528 525//525 522//522 1259//1259
f 524//524 1563//1563 523//523
f 521//521 1570//1570 1572//1572 518//518
f 1259//1259 522//522 520//520
f 519//519 1260//1260 520//520
f 518//518 1572//1572 1574//1574 516//516
f 1598//1598 1260//1260 519//519 517//517
f 516//516 1574//1574 1576//1576 515//515
f 1598//1598 517//517 514//514
f 1064//1064 1062//1062 1598//1598 514//514
f 513//513 1064//1064 514//514
f 510//510 512//512 515//515 1581//1581
f 1589//1589 510//510 1581//1581
f 1066//1066 1064//1064 513//513 511//511
f 510//510 1589//1589 509//509
f 1588//1588 508//508 509//509
f 1066//1066 511//511 507//507
f 505//505 508//508 502//502
f 504//504 1257//1257 503//503
f 1258//1258 506//506 503//503
f 498//498 497//497 1254//1254 1255//1255
f 1257//1257 504//504 498//498 1255//1255
f 496//496 499//499 493//493
f 495//495 1253//1253 494//494
f 1254//1254 497//497 494//494
f 495//495 492//492 489//489
f 495//495 489//489 488//488 1252//1252
f 1253//1253 495//495 1252//1252
f 485//485 487//487 490//490 1599//1599
f 157//157 1601//1601 1600//1600 1599//1599
f 490//490 157//157 1599//1599
f 1599//1599 1600//1600 1603//1603 1602//1602
f 1603//1603 1605//1605 1604//1604 482//482
f 1602//1602 1603//1603 482//482
f 1604//1604 1605//1605 1606//1606
f 1605//1605 1608//1608 1607//1607 1606//1606
f 1607//1607 1610//1610 1609//1609 1606//1606
f 1609//1609 1610//1610 1612//1612 1611//1611
f 1612//1612 1614//1614 1613//1613 1611//1611
f 1613//1613 1614//1614 1616//1616 1615//1615
f 1616//1616 1618//1618 1617//1617 1615//1615
f 1617//1617 1618//1618 1620//1620 1619//1619
f 1619//1619 1620//1620 1622//1622 1621//1621
f 1621//1621 1622//1622 1624//1624 1623//1623
f 1627//1627 1626//1626 1625//1625 1623//1623
f 1624//1624 1627//1627 1623//1623
f 1625//1625 1626//1626 1628//1628
f 1626//1626 1631//1631 1630//1630 1629//1629
f 1628//1628 1626//1626 1629//1629
f 1630//1630 1633//1633 1632//1632 1629//1629
f 1632//1632 1633//1633 1635//1635 1634//1634
f 1637//1637 1636//1636 1633//1633 1630//1630
f 1638//1638 1636//1636 1637//1637
f 1638//1638 1641//1641 1640//1640 1639//1639
f 1636//1636 1638//1638 1639//1639
f 1638//1638 1642//1642 1641//1641
f 1645//1645 1644//1644 1643//1643 1641//1641
f 1642//1642 1645//1645 1641//1641
f 1645//1645 1642//1642 1646//1646
f 1648//1648 1647//1647 1645//1645 1646//1646
f 1649//1649 1648//1648 1646//1646
f 1651//1651 1650//1650 1648//1648 1649//1649
f 1653//1653 1652//1652 1650//1650 1651//1651
f 1654//1654 1653//1653 1651//1651
f 1652//1652 1653//1653 1655//1655
f 1655//1655 1653//1653 1657//1657 1656//1656
f 1658//1658 1655//1655 1656//1656
f 1660//1660 1659//1659 1658//1658 1656//1656
f 1661//1661 1660//1660 1656//1656
f 1662//1662 1660//1660 1661//1661
f 1664//1664 1663//1663 1660//1660 1662//1662
f 1666//1666 1663//1663 1664//1664 1665//1665
f 1668//1668 1667//1667 1666//1666 1665//1665
f 1668//1668 1670//1670 1669//1669 1667//1667
f 1670//1670 1672//1672 1671//1671 1669//1669
f 1671//1671 1672//1672 1673//1673
f 1672//1672 1675//1675 1674//1674 1673//1673
f 1675//1675 1677//1677 1676//1676 1674//1674
f 1676//1676 1677//1677 1679//1679 1678//1678
f 1681//1681 1680//1680 1676//1676 1678//1678
f 1682//1682 1681//1681 1678//1678
f 1684//1684 1683//1683 1681//1681 1682//1682
f 1686//1686 1683//1683 1684//1684 1685//1685
f 1687//1687 1686//1686 1685//1685
f 1686//1686 1687//1687 1689//1689 1688//1688
f 1687//1687 1691//1691 1690//1690 1689//1689
f 1691//1691 1693//1693 1692//1692 1690//1690
f 1695//1695 1693//1693 1691//1691 1694//1694
f 1697//1697 1696//1696 1693//1693 1695//1695
f 1698//1698 1696//1696 1697//1697
f 1700//1700 1696//1696 1698//1698 1699//1699
f 1701//1701 1700//1700 1699//1699
f 1703//1703 1702//1702 1701//1701 1699//1699
f 1704//1704 1703//1703 1699//1699
f 1705//1705 1703//1703 1704//1704
f 1707//1707 1706//1706 1703//1703 1705//1705
f 1708//1708 1707//1707 1705//1705
f 1710//1710 1707//1707 1708//1708 1709//1709
f 1711//1711 1710//1710 1709//1709
f 1710//1710 1711//1711 1712//1712
f 1714//1714 1712//1712 1711//1711 1713//1713
f 1715//1715 1714//1714 1713//1713
f 1717//1717 1716//1716 1714//1714 1715//1715
f 1718//1718 1717//1717 1715//1715
f 1720//1720 1719//1719 1717//1717 1718//1718
f 1719//1719 1720//1720 1721//1721
f 1721//1721 1720//1720 1723//1723 1722//1722
f 1725//1725 1724//1724 1721//1721 1722//1722
f 1723//1723 1720//1720 1718//1718 1726//1726
f 1717//1717 6//6 1716//1716
f 1727//1727 1714//1714 1716//1716
f 1726//1726 1718//1718 1715//1715 1728//1728
f 1714//1714 1727//1727 1712//1712
f 1728//1728 1715//1715 1713//1713 1729//1729
f 1713//1713 1709//1709 1731//1731 1730//1730
f 1729//1729 1713//1713 1730//1730
f 1730//1730 1731//1731 1732//1732
f 1734//1734 1733//1733 1710//1710 1712//1712
f 1727//1727 1735//1735 1734//1734 1712//1712
f 1736//1736 1733//1733 1734//1734
f 1738//1738 1733//1733 1736//1736 1737//1737
f 1740//1740 1739//1739 1702//1702 1706//1706
f 1738//1738 1737//1737 1740//1740 1706//1706
f 1742//1742 1739//1739 1740//1740 1741//1741
f 1743//1743 1742//1742 1741//1741
f 1745//1745 1744//1744 1743//1743 1741//1741
f 1746//1746 1745//1745 1741//1741
f 1743//1743 1744//1744 1747//1747
f 1744//1744 1748//1748 1747//1747
f 1744//1744 1745//1745 1750//1750 1749//1749
f 1748//1748 1744//1744 1749//1749
f 1749//1749 1750//1750 1752//1752 1751//1751
f 1751//1751 1752//1752 1754//1754 1753//1753
f 1752//1752 1756//1756 1755//1755 1754//1754
f 1755//1755 1756//1756 40//40 1757//1757
f 1758//1758 1755//1755 1757//1757
f 1760//1760 1759//1759 1758//1758 1757//1757
f 1761//1761 1760//1760 1757//1757
f 1758//1758 1759//1759 1762//1762
f 1765//1765 1764//1764 1763//1763 1762//1762
f 1759//1759 1766//1766 1765//1765 1762//1762
f 1767//1767 1764//1764 1765//1765
f 1769//1769 1764//1764 1767//1767 1768//1768
f 1770//1770 1769//1769 1768//1768
f 1770//1770 1773//1773 1772//1772 1771//1771
f 1769//1769 1770//1770 1771//1771
f 1772//1772 1773//1773 1774//1774
f 1774//1774 1773//1773 1776//1776 1775//1775
f 1775//1775 1776//1776 1778//1778 1777//1777
f 1778//1778 1776//1776 1780//1780 1779//1779
f 1782//1782 1778//1778 1779//1779 1781//1781
f 1784//1784 1782//1782 1781//1781 1783//1783
f 1786//1786 1782//1782 1784//1784 1785//1785
f 1785//1785 1784//1784 1788//1788 1787//1787
f 1788//1788 1789//1789 1787//1787
f 1788//1788 1792//1792 1791//1791 1790//1790
f 1789//1789 1788//1788 1790//1790
f 1794//1794 1791//1791 1792//1792 1793//1793
f 1795//1795 1794//1794 1793//1793
f 1794//1794 1795//1795 1796//1796
f 1798//1798 1797//1797 1794//1794 1796//1796
f 1799//1799 1798//1798 1796//1796
f 1801//1801 1800//1800 1798//1798 1799//1799
f 1803//1803 1802//1802 1800//1800 1801//1801
f 1805//1805 1804//1804 1802//1802 1803//1803
f 1807//1807 1804//1804 1805//1805 1806//1806
f 1808//1808 1807//1807 1806//1806
f 1808//1808 1811//1811 1810//1810 1809//1809
f 1807//1807 1808//1808 1809//1809
f 1810//1810 1811//1811 1812//1812
f 1811//1811 1814//1814 1813//1813 1812//1812
f 1817//1817 1816//1816 1815//1815 1813//1813
f 1814//1814 1818//1818 1817//1817 1813//1813
f 1815//1815 1816//1816 1819//1819
f 1816//1816 1821//1821 1820//1820 1819//1819
f 1820//1820 1823//1823 1822//1822 1819//1819
f 1822//1822 1823//1823 1825//1825 1824//1824
f 1826//1826 1822//1822 1824//1824
f 1826//1826 1824//1824 1828//1828 1827//1827
f 1829//1829 1826//1826 1827//1827
f 1826//1826 1829//1829 1830//1830
f 1830//1830 1829//1829 1832//1832 1831//1831
f 1831//1831 1832//1832 1834//1834 1833//1833
f 1836//1836 1835//1835 1831//1831 1833//1833
f 1834//1834 1832//1832 1837//1837
f 1839//1839 1834//1834 1837//1837 1838//1838
f 1837//1837 1827//1827 1840//1840 1838//1838
f 1840//1840 1843//1843 1842//1842 1841//1841
f 1838//1838 1840//1840 1841//1841
f 1842//1842 1843//1843 1844//1844
f 1847//1847 1846//1846 1845//1845 1844//1844
f 1843//1843 1847//1847 1844//1844
f 1846//1846 1849//1849 1848//1848 1845//1845
f 1849//1849 1851//1851 1850//1850 1848//1848
f 1851//1851 1853//1853 1852//1852 1850//1850
f 1856//1856 1855//1855 1854//1854 1852//1852
f 1853//1853 1856//1856 1852//1852
f 1855//1855 1856//1856 1857//1857
f 1855//1855 1857//1857 1859//1859 1858//1858
f 1860//1860 1855//1855 1858//1858
f 1863//1863 1862//1862 1861//1861 1858//1858
f 1859//1859 1863//1863 1858//1858
f 1862//1862 1863//1863 1864//1864
f 1864//1864 1867//1867 1866//1866 1865//1865
f 1868//1868 1862//1862 1864//1864 1865//1865
f 1866//1866 1867//1867 1869//1869
f 1871//1871 1870//1870 1866//1866 1869//1869
f 1873//1873 1872//1872 1870//1870 1871//1871
f 1870//1870 1872//1872 1875//1875 1874//1874
f 1872//1872 1877//1877 1876//1876 1875//1875
f 1877//1877 1879//1879 1878//1878 1876//1876
f 97//97 1879//1879 1877//1877 1880//1880
f 1879//1879 1881//1881 1878//1878
f 1878//1878 1881//1881 1883//1883 1882//1882
f 1883//1883 1881//1881 104//104 1884//1884
f 1883//1883 1885//1885 1882//1882
f 1882//1882 1885//1885 1887//1887 1886//1886
f 1886//1886 1887//1887 1889//1889 1888//1888
f 1888//1888 1889//1889 1891//1891 1890//1890
f 1875//1875 1876//1876 1886//1886 1888//1888
f 1874//1874 1875//1875 1888//1888 1890//1890
f 1865//1865 1874//1874 1890//1890 1892//1892
f 1880//1880 1877//1877 1872//1872 1873//1873
f 82//82 90//90 1871//1871 1869//1869
f 1866//1866 1870//1870 1874//1874 1865//1865
f 78//78 85//85 1867//1867 1864//1864
f 1862//1862 1868//1868 1861//1861
f 1861//1861 1868//1868 1894//1894 1893//1893
f 1895//1895 1863//1863 1859//1859
f 1858//1858 1861//1861 1893//1893 1896//1896
f 77//77 1895//1895 1859//1859 1857//1857
f 72//72 77//77 1857//1857
f 1897//1897 1860//1860 1858//1858 1896//1896
f 1854//1854 1860//1860 1897//1897 1898//1898
f 1855//1855 1860//1860 1854//1854
f 1899//1899 1856//1856 1853//1853
f 1852//1852 1854//1854 1898//1898 1900//1900
f 1901//1901 1899//1899 1853//1853 1851//1851
f 71//71 1899//1899 1901//1901 1902//1902
f 1902//1902 1901//1901 1904//1904 1903//1903
f 1903//1903 1904//1904 1905//1905 1828//1828
f 1825//1825 68//68 1902//1902 1903//1903
f 1850//1850 1852//1852 1900//1900 1906//1906
f 1904//1904 1901//1901 1851//1851 1849//1849
f 1905//1905 1904//1904 1849//1849 1846//1846
f 1845//1845 1848//1848 1908//1908 1907//1907
f 1847//1847 1905//1905 1846//1846
f 1844//1844 1845//1845 1907//1907 1909//1909
f 1910//1910 1842//1842 1844//1844 1909//1909
f 1847//1847 1843//1843 1840//1840
f 1841//1841 1842//1842 1910//1910 1911//1911
f 1913//1913 1841//1841 1911//1911 1912//1912
f 1915//1915 1913//1913 1912//1912 1914//1914
f 1916//1916 1915//1915 1914//1914
f 1915//1915 1916//1916 1917//1917
f 1916//1916 1918//1918 1917//1917
f 1921//1921 1920//1920 1919//1919 1917//1917
f 1918//1918 1921//1921 1917//1917
f 1921//1921 1918//1918 1922//1922
f 1924//1924 1923//1923 1921//1921 1922//1922
f 1926//1926 1925//1925 1924//1924 1922//1922
f 1925//1925 1926//1926 1927//1927
f 1929//1929 1925//1925 1927//1927 1928//1928
f 1930//1930 1929//1929 1928//1928
f 1932//1932 1931//1931 1930//1930 1928//1928
f 1933//1933 1932//1932 1928//1928
f 1932//1932 1933//1933 1934//1934
f 1936//1936 1932//1932 1934//1934 1935//1935
f 1937//1937 1936//1936 1935//1935
f 1939//1939 1937//1937 1935//1935 1938//1938
f 1941//1941 1939//1939 1938//1938 1940//1940
f 1943//1943 1941//1941 1940//1940 1942//1942
f 1945//1945 1943//1943 1942//1942 1944//1944
f 1946//1946 1945//1945 1944//1944
f 1945//1945 1946//1946 1947//1947
f 1947//1947 1946//1946 1949//1949 1948//1948
f 1950//1950 1947//1947 1948//1948
f 1952//1952 1950//1950 1948//1948 1951//1951
f 1953//1953 1952//1952 1951//1951
f 1952//1952 1953//1953 1954//1954
f 1954//1954 1953//1953 1956//1956 1955//1955
f 1957//1957 1954//1954 1955//1955
f 1959//1959 1957//1957 1955//1955 1958//1958
f 1961//1961 1959//1959 1958//1958 1960//1960
f 1963//1963 1962//1962 1961//1961 1960//1960
f 1964//1964 1963//1963 1960//1960
f 1963//1963 1964//1964 1965//1965
f 1967//1967 1963//1963 1965//1965 1966//1966
f 1969//1969 1967//1967 1966//1966 1968//1968
f 1971//1971 1967//1967 1969//1969 1970//1970
f 1970//1970 1969//1969 1973//1973 1972//1972
f 1974//1974 1970//1970 1972//1972
f 1976//1976 1974//1974 1972//1972 1975//1975
f 1977//1977 1976//1976 1975//1975
f 1976//1976 1977//1977 1978//1978
f 1980//1980 1979//1979 1976//1976 1978//1978
f 1982//1982 1981//1981 1980//1980 1978//1978
f 1981//1981 1982//1982 1983//1983
f 1983//1983 1982//1982 1985//1985 1984//1984
f 1987//1987 1986//1986 1983//1983 1984//1984
f 1986//1986 1987//1987 1989//1989 1988//1988
f 1988//1988 1989//1989 1991//1991 1990//1990
f 1990//1990 1991//1991 1993//1993 1992//1992
f 1992//1992 1993//1993 1995//1995 1994//1994
f 1995//1995 1998//1998 1997//1997 1996//1996
f 1994//1994 1995//1995 1996//1996
f 1997//1997 1999//1999 1996//1996
f 1997//1997 2002//2002 2001//2001 2000//2000
f 1999//1999 1997//1997 2000//2000
f 2004//2004 2001//2001 2002//2002 2003//2003
f 2006//2006 2005//2005 2001//2001 2004//2004
f 2008//2008 2007//2007 2006//2006 2004//2004
f 2007//2007 2008//2008 2009//2009
f 2011//2011 2010//2010 2007//2007 2009//2009
f 2013//2013 2012//2012 2010//2010 2011//2011
f 2015//2015 2014//2014 2012//2012 2013//2013
f 2014//2014 2018//2018 2017//2017 2016//2016
f 2012//2012 2014//2014 2016//2016
f 2017//2017 2018//2018 2019//2019
f 2018//2018 2021//2021 2020//2020 2019//2019
f 2021//2021 2022//2022 2020//2020
f 2024//2024 2022//2022 2021//2021 2023//2023
f 2026//2026 2025//2025 2024//2024 2023//2023
f 2025//2025 2026//2026 2027//2027
f 2029//2029 2028//2028 2025//2025 2027//2027
f 2030//2030 2029//2029 2027//2027
f 2032//2032 2031//2031 2029//2029 2030//2030
f 2033//2033 2032//2032 2030//2030
f 2035//2035 2032//2032 2033//2033 2034//2034
f 2037//2037 2035//2035 2034//2034 2036//2036
f 2039//2039 2037//2037 2036//2036 2038//2038
f 2041//2041 2039//2039 2038//2038 2040//2040
f 2041//2041 2040//2040 2042//2042
f 2044//2044 2043//2043 2041//2041 2042//2042
f 2045//2045 2044//2044 2042//2042
f 2047//2047 2044//2044 2045//2045 2046//2046
f 2048//2048 2047//2047 2046//2046
f 2048//2048 2046//2046 2049//2049
f 2049//2049 2046//2046 2051//2051 2050//2050
f 2052//2052 2049//2049 2050//2050
f 2052//2052 2050//2050 2053//2053
f 2055//2055 2054//2054 2052//2052 2053//2053
f 2057//2057 2056//2056 2055//2055 2053//2053
f 2056//2056 2057//2057 2058//2058
f 2060//2060 2059//2059 2056//2056 2058//2058
f 2062//2062 2061//2061 2059//2059 2060//2060
f 2063//2063 2062//2062 2060//2060
f 2059//2059 2061//2061 2064//2064
f 2067//2067 2066//2066 2065//2065 2064//2064
f 2061//2061 2067//2067 2064//2064
f 2067//2067 2069//2069 2068//2068 2066//2066
f 2070//2070 2069//2069 2067//2067 2062//2062
f 2072//2072 2071//2071 2069//2069 2070//2070
f 2073//2073 2071//2071 2072//2072
f 2075//2075 2071//2071 2073//2073 2074//2074
f 2077//2077 2076//2076 2075//2075 2074//2074
f 2076//2076 2077//2077 2078//2078
f 2078//2078 2077//2077 2080//2080 2079//2079
f 2082//2082 2081//2081 2078//2078 2079//2079
f 2081//2081 2082//2082 2083//2083
f 2086//2086 2085//2085 2084//2084 2083//2083
f 2082//2082 2086//2086 2083//2083
f 2084//2084 2085//2085 2087//2087
f 2085//2085 2088//2088 2087//2087
f 2091//2091 2090//2090 2089//2089 2087//2087
f 2088//2088 2091//2091 2087//2087
f 2090//2090 2093//2093 2092//2092 2089//2089
f 2089//2089 2092//2092 2095//2095 2094//2094
f 2097//2097 2095//2095 2092//2092 2096//2096
f 2098//2098 2097//2097 2096//2096
f 2100//2100 2099//2099 2097//2097 2098//2098
f 2099//2099 2100//2100 2101//2101
f 2103//2103 2102//2102 2099//2099 2101//2101
f 2104//2104 2103//2103 2101//2101
f 2106//2106 2103//2103 2104//2104 2105//2105
f 2108//2108 2107//2107 2106//2106 2105//2105
f 2107//2107 2108//2108 2109//2109
f 2112//2112 2111//2111 2110//2110 2109//2109
f 2108//2108 2112//2112 2109//2109
f 2110//2110 2111//2111 2113//2113
f 2111//2111 2114//2114 2113//2113
f 2117//2117 2116//2116 2115//2115 2113//2113
f 2114//2114 2117//2117 2113//2113
f 2116//2116 2119//2119 2118//2118 2115//2115
f 2121//2121 2118//2118 2119//2119 2120//2120
f 2122//2122 2121//2121 2120//2120
f 2124//2124 2121//2121 2122//2122 2123//2123
f 2125//2125 2124//2124 2123//2123
f 2125//2125 2127//2127 2126//2126 2124//2124
f 2129//2129 2126//2126 2127//2127 2128//2128
f 2130//2130 2129//2129 2128//2128
f 2129//2129 2130//2130 2131//2131
f 2133//2133 2132//2132 2129//2129 2131//2131
f 2134//2134 2133//2133 2131//2131
f 2133//2133 2134//2134 2135//2135
f 2137//2137 2136//2136 2133//2133 2135//2135
f 2138//2138 2137//2137 2135//2135
f 2137//2137 2138//2138 2139//2139
f 2141//2141 2137//2137 2139//2139 2140//2140
f 2143//2143 2142//2142 2141//2141 2140//2140
f 2145//2145 2144//2144 2143//2143 2140//2140
f 2144//2144 2145//2145 2146//2146
f 2148//2148 2144//2144 2146//2146 2147//2147
f 2150//2150 2148//2148 2147//2147 2149//2149
f 2152//2152 2148//2148 2150//2150 2151//2151
f 2151//2151 2150//2150 2154//2154 2153//2153
f 2153//2153 2154//2154 2156//2156 2155//2155
f 2158//2158 2157//2157 2153//2153 2155//2155
f 2156//2156 2154//2154 2159//2159
f 2156//2156 2159//2159 2161//2161 2160//2160
f 2162//2162 2156//2156 2160//2160
f 2159//2159 2149//2149 2163//2163 2161//2161
f 2163//2163 2165//2165 2164//2164 2161//2161
f 2167//2167 2166//2166 2165//2165 2163//2163
f 2169//2169 2168//2168 2166//2166 2167//2167
f 2168//2168 2169//2169 2170//2170 1931//1931
f 1936//1936 2168//2168 1931//1931
f 2171//2171 2162//2162 2160//2160
f 2155//2155 2162//2162 2171//2171 2172//2172
f 2173//2173 2155//2155 2172//2172
f 2175//2175 2173//2173 2172//2172 2174//2174
f 2176//2176 2175//2175 2174//2174
f 2175//2175 2176//2176 2177//2177
f 2177//2177 2176//2176 2179//2179 2178//2178
f 2181//2181 2180//2180 2177//2177 2178//2178
f 2180//2180 2181//2181 2183//2183 2182//2182
f 2182//2182 2183//2183 2184//2184
f 2184//2184 2183//2183 2186//2186 2185//2185
f 2185//2185 2186//2186 2188//2188 2187//2187
f 2186//2186 2190//2190 2189//2189 2188//2188
f 2189//2189 2190//2190 2192//2192 2191//2191
f 2194//2194 2189//2189 2191//2191 2193//2193
f 2196//2196 2194//2194 2193//2193 2195//2195
f 2198//2198 2194//2194 2196//2196 2197//2197
f 2200//2200 2198//2198 2197//2197 2199//2199
f 2199//2199 2197//2197 2202//2202 2201//2201
f 2205//2205 2204//2204 2203//2203 2201//2201
f 2202//2202 2205//2205 2201//2201
f 2202//2202 2207//2207 2206//2206 2205//2205
f 2206//2206 2207//2207 2208//2208 1980//1980
f 2203//2203 2204//2204 2209//2209
f 2212//2212 2211//2211 2210//2210 2209//2209
f 2204//2204 2212//2212 2209//2209
f 2210//2210 2211//2211 2214//2214 2213//2213
f 2214//2214 2217//2217 2216//2216 2215//2215
f 2213//2213 2214//2214 2215//2215
f 2216//2216 2218//2218 2215//2215
f 2216//2216 2221//2221 2220//2220 2219//2219
f 2218//2218 2216//2216 2219//2219
f 2220//2220 2223//2223 2222//2222 2219//2219
f 2225//2225 2223//2223 2220//2220 2224//2224
f 2226//2226 2225//2225 2224//2224 2006//2006
f 2016//2016 2227//2227 2225//2225 2226//2226
f 2227//2227 2228//2228 2223//2223 2225//2225
f 2223//2223 2228//2228 2229//2229 2222//2222
f 2228//2228 2231//2231 2230//2230 2229//2229
f 2234//2234 2233//2233 2232//2232 2230//2230
f 2231//2231 2234//2234 2230//2230
f 2232//2232 2233//2233 2235//2235
f 2233//2233 2236//2236 2235//2235
f 2239//2239 2238//2238 2237//2237 2235//2235
f 2236//2236 2239//2239 2235//2235
f 2238//2238 2241//2241 2240//2240 2237//2237
f 2241//2241 2243//2243 2242//2242 2240//2240
f 2245//2245 2243//2243 2241//2241 2244//2244
f 2240//2240 2242//2242 2247//2247 2246//2246
f 2246//2246 2247//2247 2249//2249 2248//2248
f 2249//2249 2247//2247 2187//2187 2200//2200
f 2251//2251 2246//2246 2248//2248 2250//2250
f 2253//2253 2251//2251 2250//2250 2252//2252
f 2252//2252 2250//2250 2255//2255 2254//2254
f 2254//2254 2255//2255 2257//2257 2256//2256
f 2255//2255 2259//2259 2258//2258 2257//2257
f 2259//2259 2261//2261 2260//2260 2258//2258
f 2257//2257 2258//2258 2263//2263 2262//2262
f 2250//2250 2248//2248 2259//2259 2255//2255
f 2244//2244 2241//2241 2238//2238 2264//2264
f 2266//2266 2265//2265 2244//2244 2264//2264
f 2268//2268 2266//2266 2264//2264 2267//2267
f 2268//2268 2267//2267 2269//2269
f 2271//2271 2270//2270 2268//2268 2269//2269
f 2272//2272 2271//2271 2269//2269
f 2271//2271 2272//2272 2273//2273
f 2275//2275 2274//2274 2271//2271 2273//2273
f 2276//2276 2275//2275 2273//2273
f 2275//2275 2276//2276 2277//2277
f 2279//2279 2278//2278 2275//2275 2277//2277
f 2280//2280 2279//2279 2277//2277
f 2279//2279 2280//2280 2281//2281
f 2283//2283 2282//2282 2279//2279 2281//2281
f 2285//2285 2284//2284 2282//2282 2283//2283
f 2284//2284 2287//2287 2286//2286 2282//2282
f 2286//2286 2287//2287 2289//2289 2288//2288
f 2287//2287 2291//2291 2290//2290 2289//2289
f 2294//2294 2293//2293 2292//2292 2290//2290
f 2291//2291 2294//2294 2290//2290
f 2292//2292 2293//2293 2295//2295
f 2298//2298 2297//2297 2296//2296 2295//2295
f 2293//2293 2298//2298 2295//2295
f 2297//2297 2300//2300 2299//2299 2296//2296
f 2300//2300 2302//2302 2301//2301 2299//2299
f 2302//2302 2304//2304 2303//2303 2301//2301
f 2304//2304 2307//2307 2306//2306 2305//2305
f 2303//2303 2304//2304 2305//2305
f 2309//2309 2306//2306 2307//2307 2308//2308
f 2310//2310 2309//2309 2308//2308
f 2309//2309 2310//2310 2311//2311
f 2313//2313 2312//2312 2309//2309 2311//2311
f 2142//2142 2313//2313 2311//2311
f 2312//2312 2313//2313 2315//2315 2314//2314
f 2315//2315 2313//2313 2143//2143 2152//2152
f 2317//2317 2312//2312 2314//2314 2316//2316
f 2316//2316 2314//2314 2319//2319 2318//2318
f 2318//2318 2319//2319 2321//2321 2320//2320
f 2319//2319 2323//2323 2322//2322 2321//2321
f 2321//2321 2322//2322 2157//2157 2324//2324
f 2325//2325 2321//2321 2324//2324
f 2326//2326 2325//2325 2324//2324
f 2328//2328 2325//2325 2326//2326 2327//2327
f 2329//2329 2328//2328 2327//2327
f 2329//2329 2332//2332 2331//2331 2330//2330
f 2328//2328 2329//2329 2330//2330
f 2331//2331 2332//2332 2334//2334 2333//2333
f 2333//2333 2334//2334 2336//2336 2335//2335
f 2335//2335 2336//2336 2270//2270 2337//2337
f 2339//2339 2338//2338 2335//2335 2337//2337
f 2339//2339 2337//2337 2340//2340
f 2342//2342 2341//2341 2339//2339 2340//2340
f 2343//2343 2342//2342 2340//2340
f 2342//2342 2343//2343 2344//2344
f 2288//2288 2345//2345 2342//2342 2344//2344
f 2345//2345 2346//2346 2341//2341 2342//2342
f 2346//2346 2348//2348 2347//2347 2341//2341
f 2348//2348 2350//2350 2349//2349 2347//2347
f 2352//2352 2351//2351 2350//2350 2348//2348
f 2351//2351 2354//2354 2353//2353 2350//2350
f 2354//2354 2356//2356 2355//2355 2353//2353
f 2358//2358 2357//2357 2356//2356 2354//2354
f 2357//2357 2358//2358 2359//2359 2305//2305
f 2360//2360 2357//2357 2305//2305
f 2357//2357 2360//2360 2317//2317
f 2362//2362 2359//2359 2358//2358 2361//2361
f 2364//2364 2362//2362 2361//2361 2363//2363
f 2353//2353 2355//2355 2366//2366 2365//2365
f 2365//2365 2366//2366 2367//2367 2330//2330
f 2368//2368 2365//2365 2330//2330
f 2367//2367 2366//2366 2320//2320
f 2349//2349 2365//2365 2368//2368 2369//2369
f 2363//2363 2361//2361 2351//2351 2352//2352
f 2371//2371 2363//2363 2352//2352 2370//2370
f 2373//2373 2371//2371 2370//2370 2372//2372
f 2347//2347 2349//2349 2369//2369 2338//2338
f 2370//2370 2352//2352 2348//2348 2346//2346
f 2372//2372 2370//2370 2346//2346 2345//2345
f 2274//2274 2343//2343 2340//2340
f 2341//2341 2347//2347 2338//2338 2339//2339
f 2338//2338 2369//2369 2333//2333 2335//2335
f 2334//2334 2332//2332 2374//2374 2265//2265
f 2369//2369 2368//2368 2331//2331 2333//2333
f 2367//2367 2328//2328 2330//2330
f 2332//2332 2329//2329 2376//2376 2375//2375
f 2374//2374 2332//2332 2375//2375
f 2245//2245 2374//2374 2375//2375
f 2376//2376 2377//2377 2375//2375
f 2378//2378 2377//2377 2376//2376 2327//2327
f 2379//2379 2378//2378 2327//2327
f 2331//2331 2368//2368 2330//2330
f 2376//2376 2329//2329 2327//2327
f 2326//2326 2379//2379 2327//2327
f 2380//2380 2379//2379 2326//2326 2324//2324
f 2158//2158 2380//2380 2324//2324
f 2325//2325 2328//2328 2367//2367 2320//2320
f 2321//2321 2325//2325 2320//2320
f 2366//2366 2355//2355 2318//2318 2320//2320
f 2355//2355 2356//2356 2316//2316 2318//2318
f 2356//2356 2357//2357 2317//2317 2316//2316
f 2314//2314 2315//2315 2323//2323 2319//2319
f 2307//2307 2381//2381 2308//2308
f 2306//2306 2309//2309 2312//2312 2317//2317
f 2360//2360 2306//2306 2317//2317
f 2136//2136 2310//2310 2308//2308
f 2307//2307 2304//2304 2383//2383 2382//2382
f 2381//2381 2307//2307 2382//2382
f 2383//2383 2384//2384 2382//2382
f 2384//2384 2383//2383 2386//2386 2385//2385
f 2385//2385 2386//2386 2388//2388 2387//2387
f 2387//2387 2388//2388 2390//2390 2389//2389
f 2389//2389 2390//2390 2391//2391
f 2132//2132 2381//2381 2382//2382
f 2306//2306 2360//2360 2305//2305
f 2359//2359 2303//2303 2305//2305
f 2386//2386 2383//2383 2304//2304 2302//2302
f 2303//2303 2359//2359 2362//2362 2301//2301
f 2388//2388 2386//2386 2302//2302 2300//2300
f 2301//2301 2362//2362 2364//2364 2299//2299
f 2390//2390 2388//2388 2300//2300 2297//2297
f 2299//2299 2364//2364 2392//2392 2296//2296
f 2297//2297 2298//2298 2393//2393 2391//2391
f 2390//2390 2297//2297 2391//2391
f 2393//2393 2298//2298 2394//2394
f 2396//2396 2395//2395 2393//2393 2394//2394
f 2397//2397 2396//2396 2394//2394
f 2398//2398 2397//2397 2394//2394
f 2400//2400 2397//2397 2398//2398 2399//2399
f 2401//2401 2400//2400 2399//2399
f 2401//2401 2403//2403 2402//2402 2106//2106
f 2400//2400 2401//2401 2106//2106
f 2402//2402 2403//2403 2405//2405 2404//2404
f 2405//2405 2408//2408 2407//2407 2406//2406
f 2404//2404 2405//2405 2406//2406
f 2410//2410 2407//2407 2408//2408 2409//2409
f 2412//2412 2410//2410 2409//2409 2411//2411
f 2411//2411 2415//2415 2414//2414 2413//2413
f 2412//2412 2411//2411 2413//2413
f 2414//2414 2415//2415 2416//2416
f 2419//2419 2418//2418 2417//2417 2416//2416
f 2415//2415 2419//2419 2416//2416
f 2417//2417 2418//2418 2420//2420
f 2420//2420 2418//2418 2422//2422 2421//2421
f 2422//2422 2423//2423 2421//2421
f 2422//2422 2426//2426 2425//2425 2424//2424
f 2423//2423 2422//2422 2424//2424
f 2426//2426 2428//2428 2427//2427 2425//2425
f 2428//2428 2430//2430 2429//2429 2427//2427
f 2430//2430 2432//2432 2431//2431 2429//2429
f 2432//2432 2434//2434 2433//2433 2431//2431
f 2434//2434 2436//2436 2435//2435 2433//2433
f 2438//2438 2437//2437 2436//2436 2434//2434
f 2436//2436 2437//2437 2439//2439 2285//2285
f 2433//2433 2435//2435 2441//2441 2440//2440
f 2442//2442 2433//2433 2440//2440
f 2441//2441 2443//2443 2440//2440
f 2446//2446 2445//2445 2444//2444 2440//2440
f 2443//2443 2446//2446 2440//2440
f 2446//2446 2443//2443 2447//2447
f 2446//2446 2447//2447 2448//2448 2031//2031
f 2449//2449 2446//2446 2031//2031
f 2447//2447 2451//2451 2450//2450 2448//2448
f 2450//2450 2452//2452 2448//2448
f 2445//2445 2446//2446 2449//2449 2453//2453
f 2455//2455 2445//2445 2453//2453 2454//2454
f 2444//2444 2442//2442 2440//2440
f 2442//2442 2444//2444 2457//2457 2456//2456
f 2456//2456 2457//2457 2458//2458
f 2455//2455 2460//2460 2459//2459 2458//2458
f 2457//2457 2455//2455 2458//2458
f 2460//2460 2463//2463 2462//2462 2461//2461
f 2459//2459 2460//2460 2461//2461
f 2465//2465 2462//2462 2463//2463 2464//2464
f 2466//2466 2465//2465 2464//2464 2047//2047
f 2467//2467 2466//2466 2047//2047
f 2466//2466 2467//2467 2468//2468
f 2470//2470 2469//2469 2466//2466 2468//2468
f 2471//2471 2470//2470 2468//2468
f 2470//2470 2471//2471 2065//2065
f 2472//2472 2471//2471 2468//2468
f 2465//2465 2466//2466 2469//2469 2424//2424
f 2473//2473 2465//2465 2424//2424
f 2474//2474 2462//2462 2465//2465 2473//2473
f 2462//2462 2474//2474 2461//2461
f 2463//2463 2460//2460 2475//2475 2043//2043
f 2476//2476 2459//2459 2461//2461
f 2459//2459 2476//2476 2458//2458
f 2477//2477 2438//2438 2434//2434 2432//2432
f 2431//2431 2433//2433 2442//2442 2456//2456
f 2478//2478 2477//2477 2432//2432 2430//2430
f 2429//2429 2431//2431 2456//2456 2458//2458
f 2476//2476 2429//2429 2458//2458
f 2479//2479 2478//2478 2430//2430 2428//2428
f 2427//2427 2429//2429 2476//2476 2461//2461
f 2474//2474 2427//2427 2461//2461
f 2419//2419 2479//2479 2428//2428 2426//2426
f 2425//2425 2427//2427 2474//2474 2473//2473
f 2425//2425 2473//2473 2424//2424
f 2469//2469 2423//2423 2424//2424
f 2469//2469 2470//2470 2480//2480 2421//2421
f 2423//2423 2469//2469 2421//2421
f 2480//2480 2481//2481 2420//2420 2421//2421
f 2483//2483 2482//2482 2417//2417 2420//2420
f 2481//2481 2483//2483 2420//2420
f 2418//2418 2419//2419 2426//2426 2422//2422
f 2417//2417 2482//2482 2416//2416
f 2485//2485 2484//2484 2414//2414 2416//2416
f 2482//2482 2485//2485 2416//2416
f 2486//2486 2412//2412 2413//2413
f 2487//2487 2094//2094 2486//2486 2413//2413
f 2484//2484 2487//2487 2413//2413
f 2415//2415 2411//2411 2479//2479 2419//2419
f 2414//2414 2484//2484 2413//2413
f 2488//2488 2410//2410 2412//2412 2486//2486
f 2411//2411 2409//2409 2478//2478 2479//2479
f 2489//2489 2407//2407 2410//2410 2488//2488
f 2407//2407 2489//2489 2406//2406
f 2408//2408 2405//2405 2438//2438 2477//2477
f 2102//2102 2404//2404 2406//2406
f 2405//2405 2403//2403 2437//2437 2438//2438
f 2403//2403 2401//2401 2490//2490 2439//2439
f 2437//2437 2403//2403 2439//2439
f 2490//2490 2491//2491 2439//2439
f 2490//2490 2401//2401 2399//2399
f 2398//2398 2294//2294 2399//2399
f 2393//2393 2395//2395 2391//2391
f 2296//2296 2392//2392 2295//2295
f 2371//2371 2373//2373 2292//2292 2295//2295
f 2392//2392 2371//2371 2295//2295
f 2291//2291 2491//2491 2490//2490 2399//2399
f 2294//2294 2291//2291 2399//2399
f 2293//2293 2294//2294 2398//2398 2394//2394
f 2298//2298 2293//2293 2394//2394
f 2292//2292 2373//2373 2290//2290
f 2290//2290 2373//2373 2372//2372 2289//2289
f 2278//2278 2286//2286 2288//2288 2344//2344
f 2289//2289 2372//2372 2345//2345 2288//2288
f 2491//2491 2291//2291 2287//2287 2284//2284
f 2435//2435 2436//2436 2285//2285 2283//2283
f 2441//2441 2435//2435 2283//2283 2281//2281
f 2281//2281 2280//2280 2451//2451 2447//2447
f 2443//2443 2441//2441 2281//2281 2447//2447
f 2282//2282 2286//2286 2278//2278 2279//2279
f 2451//2451 2280//2280 2277//2277
f 2492//2492 2450//2450 2451//2451 2277//2277
f 2276//2276 2492//2492 2277//2277
f 2274//2274 2275//2275 2278//2278 2344//2344
f 2343//2343 2274//2274 2344//2344
f 2492//2492 2276//2276 2273//2273
f 2270//2270 2271//2271 2274//2274 2340//2340
f 2337//2337 2270//2270 2340//2340
f 2493//2493 2272//2272 2269//2269
f 2269//2269 2267//2267 2239//2239 2494//2494
f 2495//2495 2493//2493 2269//2269 2494//2494
f 2497//2497 2493//2493 2495//2495 2496//2496
f 2497//2497 2496//2496 2498//2498
f 2498//2498 2496//2496 2499//2499 2024//2024
f 2028//2028 2500//2500 2498//2498 2024//2024
f 2500//2500 2452//2452 2498//2498
f 2495//2495 2501//2501 2499//2499 2496//2496
f 2501//2501 2495//2495 2494//2494
f 2270//2270 2336//2336 2266//2266 2268//2268
f 2336//2336 2334//2334 2265//2265 2266//2266
f 2237//2237 2240//2240 2246//2246 2251//2251
f 2239//2239 2236//2236 2494//2494
f 2264//2264 2238//2238 2239//2239 2267//2267
f 2251//2251 2253//2253 2232//2232 2235//2235
f 2237//2237 2251//2251 2235//2235
f 2233//2233 2234//2234 2501//2501 2494//2494
f 2236//2236 2233//2233 2494//2494
f 2232//2232 2253//2253 2230//2230
f 2230//2230 2253//2253 2252//2252 2229//2229
f 2229//2229 2252//2252 2254//2254 2222//2222
f 2222//2222 2254//2254 2256//2256 2219//2219
f 2256//2256 2218//2218 2219//2219
f 2256//2256 2257//2257 2262//2262 2215//2215
f 2218//2218 2256//2256 2215//2215
f 2262//2262 2213//2213 2215//2215
f 2262//2262 2263//2263 2210//2210 2213//2213
f 2210//2210 2263//2263 2209//2209
f 2204//2204 2205//2205 2502//2502 2212//2212
f 2203//2203 2260//2260 2201//2201
f 2260//2260 2261//2261 2199//2199 2201//2201
f 2261//2261 2249//2249 2200//2200 2199//2199
f 2197//2197 2196//2196 2207//2207 2202//2202
f 2207//2207 2196//2196 2195//2195 2208//2208
f 2195//2195 2504//2504 2503//2503 2208//2208
f 2193//2193 2505//2505 2504//2504 2195//2195
f 2191//2191 2506//2506 2505//2505 2193//2193
f 2192//2192 2507//2507 2506//2506 2191//2191
f 2178//2178 2508//2508 2507//2507 2192//2192
f 2188//2188 2189//2189 2194//2194 2198//2198
f 2187//2187 2188//2188 2198//2198 2200//2200
f 2247//2247 2242//2242 2185//2185 2187//2187
f 2242//2242 2243//2243 2184//2184 2185//2185
f 2375//2375 2377//2377 2182//2182 2184//2184
f 2243//2243 2245//2245 2375//2375 2184//2184
f 2183//2183 2181//2181 2190//2190 2186//2186
f 2377//2377 2378//2378 2180//2180 2182//2182
f 2190//2190 2181//2181 2178//2178 2192//2192
f 2180//2180 2378//2378 2177//2177
f 2179//2179 2508//2508 2178//2178
f 2379//2379 2380//2380 2175//2175 2177//2177
f 2378//2378 2379//2379 2177//2177
f 2179//2179 2176//2176 2174//2174
f 2171//2171 2509//2509 2172//2172
f 2157//2157 2158//2158 2324//2324
f 2380//2380 2158//2158 2155//2155 2173//2173
f 2157//2157 2322//2322 2153//2153
f 2156//2156 2162//2162 2155//2155
f 2322//2322 2323//2323 2151//2151 2153//2153
f 2323//2323 2315//2315 2152//2152 2151//2151
f 2154//2154 2150//2150 2149//2149 2159//2159
f 2149//2149 2147//2147 2167//2167 2163//2163
f 2147//2147 2146//2146 2169//2169 2167//2167
f 2145//2145 2510//2510 2170//2170 2169//2169
f 2146//2146 2145//2145 2169//2169
f 2510//2510 2511//2511 2170//2170
f 2141//2141 2142//2142 2311//2311
f 2313//2313 2142//2142 2143//2143
f 2510//2510 2145//2145 2140//2140
f 2510//2510 2140//2140 2139//2139 2512//2512
f 2511//2511 2510//2510 2512//2512
f 2513//2513 2511//2511 2512//2512
f 2513//2513 2512//2512 2514//2514 1924//1924
f 1929//1929 2513//2513 1924//1924
f 2138//2138 2515//2515 2514//2514 2512//2512
f 2139//2139 2138//2138 2512//2512
f 2515//2515 2516//2516 2514//2514
f 2136//2136 2137//2137 2141//2141 2311//2311
f 2310//2310 2136//2136 2311//2311
f 2135//2135 2134//2134 2518//2518 2517//2517
f 2516//2516 2515//2515 2135//2135 2517//2517
f 2518//2518 2519//2519 2517//2517
f 1923//1923 2516//2516 2517//2517 1920//1920
f 2132//2132 2133//2133 2136//2136 2308//2308
f 2381//2381 2132//2132 2308//2308
f 2518//2518 2134//2134 2131//2131
f 2131//2131 2130//2130 2521//2521 2520//2520
f 2519//2519 2518//2518 2131//2131 2520//2520
f 2523//2523 1836//1836 2522//2522 2520//2520
f 2521//2521 2524//2524 2523//2523 2520//2520
f 2524//2524 2521//2521 2128//2128
f 2522//2522 2525//2525 2520//2520
f 2522//2522 1833//1833 2526//2526 1919//1919
f 2525//2525 2522//2522 1919//1919
f 2525//2525 2519//2519 2520//2520
f 1809//1809 2527//2527 2524//2524 2128//2128
f 2127//2127 2528//2528 1809//1809 2128//2128
f 2126//2126 2129//2129 2132//2132 2382//2382
f 2384//2384 2126//2126 2382//2382
f 2521//2521 2130//2130 2128//2128
f 2528//2528 2127//2127 2125//2125 2529//2529
f 2529//2529 2125//2125 2123//2123
f 2121//2121 2124//2124 2385//2385 2387//2387
f 2122//2122 2530//2530 2123//2123
f 2118//2118 2121//2121 2387//2387 2389//2389
f 2530//2530 2122//2122 2120//2120
f 2532//2532 2119//2119 2116//2116 2531//2531
f 2115//2115 2118//2118 2389//2389 2391//2391
f 2395//2395 2115//2115 2391//2391
f 2117//2117 2114//2114 2533//2533
f 2535//2535 2534//2534 2117//2117 2533//2533
f 2537//2537 2536//2536 2535//2535 2533//2533
f 2536//2536 2537//2537 2538//2538
f 1790//1790 2539//2539 2536//2536 2538//2538
f 2541//2541 2540//2540 1790//1790 2538//2538
f 2543//2543 2540//2540 2541//2541 2542//2542
f 2545//2545 2543//2543 2542//2542 2544//2544
f 2547//2547 2545//2545 2544//2544 2546//2546
f 2549//2549 2547//2547 2546//2546 2548//2548
f 2550//2550 2549//2549 2548//2548
f 2552//2552 2549//2549 2550//2550 2551//2551
f 2553//2553 2552//2552 2551//2551
f 2555//2555 2552//2552 2553//2553 2554//2554
f 2555//2555 2554//2554 2556//2556
f 2558//2558 2557//2557 2555//2555 2556//2556
f 2560//2560 2559//2559 2557//2557 2558//2558
f 2559//2559 2562//2562 2561//2561 2557//2557
f 2562//2562 2564//2564 2563//2563 2561//2561
f 2564//2564 2566//2566 2565//2565 2563//2563
f 2566//2566 2568//2568 2567//2567 2565//2565
f 2568//2568 2570//2570 2569//2569 2567//2567
f 2572//2572 2571//2571 2570//2570 2568//2568
f 2573//2573 2572//2572 2568//2568 2566//2566
f 2575//2575 2574//2574 2572//2572 2573//2573
f 2577//2577 2575//2575 2573//2573 2576//2576
f 2579//2579 2577//2577 2576//2576 2578//2578
f 2578//2578 2582//2582 2581//2581 2580//2580
f 2579//2579 2578//2578 2580//2580
f 2581//2581 2582//2582 2583//2583
f 2585//2585 2584//2584 2581//2581 2583//2583
f 2586//2586 2585//2585 2583//2583
f 2587//2587 2584//2584 2585//2585 1659//1659
f 2580//2580 2584//2584 2587//2587 1666//1666
f 2589//2589 2588//2588 2580//2580 1666//1666
f 2589//2589 2591//2591 2590//2590 2588//2588
f 2591//2591 2593//2593 2592//2592 2590//2590
f 2593//2593 2595//2595 2594//2594 2592//2592
f 2594//2594 2595//2595 2596//2596
f 2595//2595 2598//2598 2597//2597 2596//2596
f 2601//2601 2600//2600 2599//2599 2597//2597
f 2598//2598 2601//2601 2597//2597
f 2599//2599 2600//2600 2602//2602
f 2605//2605 2604//2604 2603//2603 2602//2602
f 2600//2600 2605//2605 2602//2602
f 2603//2603 2604//2604 2606//2606
f 1771//1771 2607//2607 2603//2603 2606//2606
f 2609//2609 2608//2608 1771//1771 2606//2606
f 2609//2609 2610//2610 1763//1763 2608//2608
f 2611//2611 2609//2609 2606//2606
f 2613//2613 2604//2604 2605//2605 2612//2612
f 2612//2612 2605//2605 2614//2614 1680//1680
f 2599//2599 2615//2615 2597//2597
f 2597//2597 2615//2615 2616//2616 2596//2596
f 2617//2617 2574//2574 2594//2594 2596//2596
f 2616//2616 2617//2617 2596//2596
f 2618//2618 2586//2586 2583//2583 2560//2560
f 2588//2588 2579//2579 2580//2580
f 2581//2581 2584//2584 2580//2580
f 2590//2590 2577//2577 2579//2579 2588//2588
f 2592//2592 2575//2575 2577//2577 2590//2590
f 2594//2594 2574//2574 2575//2575 2592//2592
f 2578//2578 2576//2576 2564//2564 2562//2562
f 2582//2582 2578//2578 2562//2562 2559//2559
f 2583//2583 2582//2582 2559//2559 2560//2560
f 2619//2619 2618//2618 2560//2560 2558//2558
f 2621//2621 2618//2618 2619//2619 2620//2620
f 2620//2620 2619//2619 2622//2622 1644//1644
f 1647//1647 2620//2620 1644//1644
f 2622//2622 2619//2619 2558//2558 2556//2556
f 2624//2624 2623//2623 2622//2622 2556//2556
f 2554//2554 2624//2624 2556//2556
f 2623//2623 2624//2624 2626//2626 2625//2625
f 2624//2624 2628//2628 2091//2091 2627//2627
f 2626//2626 2624//2624 2627//2627
f 2629//2629 2626//2626 2627//2627
f 2626//2626 2629//2629 2630//2630 2625//2625
f 2630//2630 2629//2629 2086//2086 2631//2631
f 2632//2632 2630//2630 2631//2631
f 2630//2630 2632//2632 1640//1640
f 2633//2633 2632//2632 2631//2631
f 2634//2634 2633//2633 2631//2631 2079//2079
f 2636//2636 2633//2633 2634//2634 2635//2635
f 2074//2074 2638//2638 2637//2637 2635//2635
f 2634//2634 2080//2080 2074//2074 2635//2635
f 2637//2637 2638//2638 2639//2639
f 2641//2641 2637//2637 2639//2639 2640//2640
f 2640//2640 2639//2639 2643//2643 2642//2642
f 2642//2642 2643//2643 2645//2645 2644//2644
f 2644//2644 2645//2645 2063//2063 2646//2646
f 2648//2648 2647//2647 2644//2644 2646//2646
f 2650//2650 2647//2647 2648//2648 2649//2649
f 2648//2648 2651//2651 2649//2649
f 2651//2651 2652//2652 2649//2649
f 2652//2652 2653//2653 2650//2650 2649//2649
f 2653//2653 2654//2654 2650//2650
f 2648//2648 2646//2646 2656//2656 2655//2655
f 2651//2651 2648//2648 2655//2655
f 2655//2655 2656//2656 2658//2658 2657//2657
f 2658//2658 2660//2660 2659//2659 2657//2657
f 2659//2659 2660//2660 2662//2662 2661//2661
f 2644//2644 2647//2647 2654//2654 2663//2663
f 2642//2642 2644//2644 2663//2663
f 2664//2664 2640//2640 2642//2642 2663//2663
f 2665//2665 2641//2641 2640//2640 2664//2664
f 2667//2667 2641//2641 2665//2665 2666//2666
f 2669//2669 2668//2668 2667//2667 2666//2666
f 2635//2635 2637//2637 2641//2641 2667//2667
f 2668//2668 2636//2636 2635//2635 2667//2667
f 1635//1635 1639//1639 2636//2636 2668//2668
f 2557//2557 2561//2561 2552//2552 2555//2555
f 2553//2553 2628//2628 2624//2624 2554//2554
f 2561//2561 2563//2563 2549//2549 2552//2552
f 2550//2550 2670//2670 2551//2551
f 2628//2628 2553//2553 2551//2551
f 2563//2563 2565//2565 2547//2547 2549//2549
f 2670//2670 2550//2550 2548//2548
f 2546//2546 2671//2671 2548//2548
f 2565//2565 2567//2567 2545//2545 2547//2547
f 2544//2544 2672//2672 2671//2671 2546//2546
f 2671//2671 2672//2672 2674//2674 2673//2673
f 2093//2093 2671//2671 2673//2673
f 2672//2672 2676//2676 2675//2675 2674//2674
f 2675//2675 2678//2678 2677//2677 2674//2674
f 2680//2680 2679//2679 2678//2678 2675//2675
f 2679//2679 2680//2680 2681//2681
f 2683//2683 2679//2679 2681//2681 2682//2682
f 2684//2684 2683//2683 2682//2682 2105//2105
f 2681//2681 2685//2685 2112//2112 2682//2682
f 2678//2678 2679//2679 2683//2683 2686//2686
f 2677//2677 2678//2678 2686//2686 2687//2687
f 2673//2673 2677//2677 2687//2687 2096//2096
f 2674//2674 2677//2677 2673//2673
f 2567//2567 2569//2569 2543//2543 2545//2545
f 2542//2542 2676//2676 2672//2672 2544//2544
f 2541//2541 2688//2688 2676//2676 2542//2542
f 2538//2538 2537//2537 2685//2685 2681//2681
f 2680//2680 2688//2688 2538//2538 2681//2681
f 2536//2536 2539//2539 2535//2535
f 1797//1797 2534//2534 2535//2535
f 2685//2685 2537//2537 2533//2533
f 2531//2531 2116//2116 2117//2117 2534//2534
f 2395//2395 2396//2396 2110//2110 2113//2113
f 2115//2115 2395//2395 2113//2113
f 2111//2111 2112//2112 2685//2685 2533//2533
f 2114//2114 2111//2111 2533//2533
f 2397//2397 2400//2400 2107//2107 2109//2109
f 2396//2396 2397//2397 2109//2109
f 2682//2682 2112//2112 2108//2108 2105//2105
f 2402//2402 2103//2103 2106//2106
f 2107//2107 2400//2400 2106//2106
f 2104//2104 2684//2684 2105//2105
f 2102//2102 2103//2103 2402//2402 2404//2404
f 2684//2684 2104//2104 2101//2101
f 2686//2686 2683//2683 2684//2684 2101//2101
f 2100//2100 2686//2686 2101//2101
f 2097//2097 2099//2099 2102//2102 2406//2406
f 2489//2489 2097//2097 2406//2406
f 2687//2687 2686//2686 2100//2100 2098//2098
f 2095//2095 2097//2097 2489//2489 2488//2488
f 2687//2687 2098//2098 2096//2096
f 2094//2094 2095//2095 2488//2488 2486//2486
f 2091//2091 2088//2088 2627//2627
f 2090//2090 2091//2091 2628//2628 2551//2551
f 2670//2670 2090//2090 2551//2551
f 2094//2094 2487//2487 2084//2084 2087//2087
f 2089//2089 2094//2094 2087//2087
f 2085//2085 2086//2086 2629//2629 2627//2627
f 2088//2088 2085//2085 2627//2627
f 2084//2084 2487//2487 2083//2083
f 2484//2484 2485//2485 2081//2081 2083//2083
f 2487//2487 2484//2484 2083//2083
f 2081//2081 2485//2485 2078//2078
f 2080//2080 2634//2634 2079//2079
f 2482//2482 2483//2483 2076//2076 2078//2078
f 2485//2485 2482//2482 2078//2078
f 2080//2080 2077//2077 2074//2074
f 2076//2076 2483//2483 2075//2075
f 2073//2073 2638//2638 2074//2074
f 2638//2638 2073//2073 2072//2072 2643//2643
f 2639//2639 2638//2638 2643//2643
f 2643//2643 2072//2072 2070//2070 2645//2645
f 2069//2069 2071//2071 2075//2075 2068//2068
f 2068//2068 2481//2481 2480//2480 2066//2066
f 2065//2065 2471//2471 2472//2472 2055//2055
f 2064//2064 2065//2065 2055//2055
f 2066//2066 2480//2480 2470//2470 2065//2065
f 2645//2645 2070//2070 2062//2062 2063//2063
f 2067//2067 2061//2061 2062//2062
f 2646//2646 2063//2063 2060//2060 2656//2656
f 2656//2656 2060//2060 2058//2058 2658//2658
f 2058//2058 2057//2057 2660//2660 2658//2658
f 2056//2056 2059//2059 2064//2064 2055//2055
f 2472//2472 2054//2054 2055//2055
f 2660//2660 2057//2057 2053//2053 2662//2662
f 2053//2053 2050//2050 2689//2689 2662//2662
f 2052//2052 2054//2054 2049//2049
f 2050//2050 2051//2051 2691//2691 2690//2690
f 2689//2689 2050//2050 2690//2690
f 2691//2691 2051//2051 2692//2692
f 2692//2692 2695//2695 2694//2694 2693//2693
f 2691//2691 2692//2692 2693//2693
f 2694//2694 2695//2695 2697//2697 2696//2696
f 2696//2696 2697//2697 2699//2699 2698//2698
f 2702//2702 2701//2701 2700//2700 2698//2698
f 2699//2699 2702//2702 2698//2698
f 2700//2700 2701//2701 2703//2703
f 2703//2703 2701//2701 2705//2705 2704//2704
f 2705//2705 2706//2706 2704//2704
f 2705//2705 2709//2709 2708//2708 2707//2707
f 2706//2706 2705//2705 2707//2707
f 2708//2708 2711//2711 2710//2710 2707//2707
f 2709//2709 2713//2713 2712//2712 2708//2708
f 2715//2715 2712//2712 2713//2713 2714//2714
f 2716//2716 2715//2715 2714//2714
f 2718//2718 2717//2717 2715//2715 2716//2716
f 2720//2720 2719//2719 2717//2717 2718//2718
f 2722//2722 2719//2719 2720//2720 2721//2721
f 2723//2723 2722//2722 2721//2721
f 2725//2725 2724//2724 2723//2723 2721//2721
f 2724//2724 2727//2727 2726//2726 2015//2015
f 2723//2723 2724//2724 2015//2015
f 2726//2726 2727//2727 2023//2023
f 2729//2729 2728//2728 2724//2724 2725//2725
f 2731//2731 2730//2730 2728//2728 2729//2729
f 2732//2732 2731//2731 2729//2729
f 2734//2734 2731//2731 2732//2732 2733//2733
f 2732//2732 2736//2736 2735//2735 2733//2733
f 2733//2733 2735//2735 2737//2737
f 2740//2740 2739//2739 2738//2738 2737//2737
f 2735//2735 2740//2740 2737//2737
f 2738//2738 2739//2739 2741//2741
f 2741//2741 2739//2739 2742//2742 2714//2714
f 2744//2744 2743//2743 2738//2738 2741//2741
f 2745//2745 2744//2744 2741//2741
f 2747//2747 2746//2746 2743//2743 2744//2744
f 2739//2739 2740//2740 2748//2748 2742//2742
f 2740//2740 2750//2750 2749//2749 2748//2748
f 2738//2738 2743//2743 2737//2737
f 2736//2736 2732//2732 2729//2729
f 2750//2750 2736//2736 2729//2729 2725//2725
f 2749//2749 2750//2750 2725//2725 2721//2721
f 2719//2719 2722//2722 2752//2752 2751//2751
f 2751//2751 2752//2752 2754//2754 2753//2753
f 2756//2756 2751//2751 2753//2753 2755//2755
f 2756//2756 2755//2755 2757//2757
f 2757//2757 2755//2755 2759//2759 2758//2758
f 2760//2760 2757//2757 2758//2758
f 2760//2760 2758//2758 2761//2761
f 2761//2761 2758//2758 2763//2763 2762//2762
f 2764//2764 2761//2761 2762//2762
f 2764//2764 2762//2762 2765//2765
f 2762//2762 2766//2766 2765//2765
f 2764//2764 2710//2710 2761//2761
f 2760//2760 2767//2767 2757//2757
f 2758//2758 2759//2759 2768//2768 2763//2763
f 2755//2755 2753//2753 2769//2769 2759//2759
f 2753//2753 2754//2754 2771//2771 2770//2770
f 2769//2769 2753//2753 2770//2770
f 2771//2771 2754//2754 2772//2772
f 2771//2771 2772//2772 2774//2774 2773//2773
f 2775//2775 2771//2771 2773//2773
f 2773//2773 2774//2774 2777//2777 2776//2776
f 2777//2777 2779//2779 2778//2778 2776//2776
f 2778//2778 2779//2779 2781//2781 2780//2780
f 2781//2781 2783//2783 2782//2782 2780//2780
f 2782//2782 2783//2783 2785//2785 2784//2784
f 2784//2784 2785//2785 2787//2787 2786//2786
f 2786//2786 2787//2787 2789//2789 2788//2788
f 2789//2789 2792//2792 2791//2791 2790//2790
f 2788//2788 2789//2789 2790//2790
f 2791//2791 2792//2792 2793//2793
f 2795//2795 2791//2791 2793//2793 2794//2794
f 2794//2794 2798//2798 2797//2797 2796//2796
f 2799//2799 2795//2795 2794//2794 2796//2796
f 2797//2797 2798//2798 2800//2800
f 2800//2800 2803//2803 2802//2802 2801//2801
f 2797//2797 2800//2800 2801//2801
f 2803//2803 2805//2805 2804//2804 2802//2802
f 2805//2805 2807//2807 2806//2806 2804//2804
f 2810//2810 2809//2809 2808//2808 2806//2806
f 2807//2807 2810//2810 2806//2806
f 2808//2808 2809//2809 2811//2811
f 2814//2814 2813//2813 2812//2812 2811//2811
f 2809//2809 2815//2815 2814//2814 2811//2811
f 2812//2812 2813//2813 2816//2816
f 2819//2819 2818//2818 2817//2817 2816//2816
f 2813//2813 2819//2819 2816//2816
f 2818//2818 2821//2821 2820//2820 2817//2817
f 2821//2821 2823//2823 2822//2822 2820//2820
f 2826//2826 2825//2825 2824//2824 2822//2822
f 2823//2823 2826//2826 2822//2822
f 2825//2825 2826//2826 2827//2827
f 2828//2828 2825//2825 2827//2827
f 2831//2831 2830//2830 2829//2829 2827//2827
f 2826//2826 2831//2831 2827//2827
f 2833//2833 2829//2829 2830//2830 2832//2832
f 2834//2834 2829//2829 2833//2833
f 2830//2830 2835//2835 2832//2832
f 2838//2838 2837//2837 2836//2836 2832//2832
f 2835//2835 2838//2838 2832//2832
f 2838//2838 2835//2835 2839//2839
f 2840//2840 2838//2838 2839//2839
f 2842//2842 2841//2841 2840//2840 2839//2839
f 2843//2843 2842//2842 2839//2839
f 2840//2840 2841//2841 2844//2844
f 2844//2844 2841//2841 2846//2846 2845//2845
f 2845//2845 2846//2846 2815//2815 2810//2810
f 2848//2848 2847//2847 2845//2845 2810//2810
f 2847//2847 2849//2849 2845//2845
f 2851//2851 2849//2849 2847//2847 2850//2850
f 2851//2851 2850//2850 2852//2852
f 2854//2854 2853//2853 2851//2851 2852//2852
f 2855//2855 2854//2854 2852//2852
f 2854//2854 2855//2855 2856//2856
f 2858//2858 2857//2857 2854//2854 2856//2856
f 2859//2859 2858//2858 2856//2856
f 2858//2858 2859//2859 2860//2860
f 2861//2861 2858//2858 2860//2860
f 2857//2857 2858//2858 2861//2861 2862//2862
f 2863//2863 2857//2857 2862//2862
f 2863//2863 2865//2865 2864//2864 2857//2857
f 2867//2867 2866//2866 2865//2865 2863//2863
f 2866//2866 2868//2868 2836//2836 2865//2865
f 2869//2869 2867//2867 2863//2863 2862//2862
f 2871//2871 2870//2870 2869//2869 2862//2862
f 2873//2873 2870//2870 2871//2871 2872//2872
f 2875//2875 2870//2870 2873//2873 2874//2874
f 2870//2870 2875//2875 2869//2869
f 2861//2861 2871//2871 2862//2862
f 2876//2876 2859//2859 2856//2856
f 2878//2878 2877//2877 2876//2876 2856//2856
f 2855//2855 2878//2878 2856//2856
f 2857//2857 2864//2864 2853//2853 2854//2854
f 2864//2864 2837//2837 2879//2879 2853//2853
f 2878//2878 2855//2855 2852//2852
f 2881//2881 2880//2880 2878//2878 2852//2852
f 2850//2850 2881//2881 2852//2852
f 2853//2853 2879//2879 2849//2849 2851//2851
f 2849//2849 2879//2879 2844//2844 2845//2845
f 2841//2841 2842//2842 2819//2819 2814//2814
f 2846//2846 2841//2841 2814//2814
f 2837//2837 2838//2838 2840//2840 2844//2844
f 2879//2879 2837//2837 2844//2844
f 2836//2836 2868//2868 2833//2833 2832//2832
f 2884//2884 2883//2883 2882//2882 2824//2824
f 2825//2825 2828//2828 2884//2884 2824//2824
f 2882//2882 2883//2883 2885//2885
f 2887//2887 1975//1975 2886//2886 2885//2885
f 2883//2883 2887//2887 2885//2885
f 2886//2886 2890//2890 2889//2889 2888//2888
f 2885//2885 2886//2886 2888//2888
f 2889//2889 2890//2890 2891//2891
f 2894//2894 2893//2893 2892//2892 2891//2891
f 2890//2890 2894//2894 2891//2891
f 2894//2894 2895//2895 2893//2893
f 1973//1973 1968//1968 2896//2896 2893//2893
f 2895//2895 1973//1973 2893//2893
f 2894//2894 2890//2890 2886//2886
f 2897//2897 2882//2882 2885//2885 2888//2888
f 2887//2887 2883//2883 2884//2884
f 2828//2828 2898//2898 2884//2884
f 2824//2824 2882//2882 2897//2897 2899//2899
f 2831//2831 2826//2826 2823//2823
f 2822//2822 2824//2824 2899//2899 2900//2900
f 2843//2843 2831//2831 2823//2823 2821//2821
f 2842//2842 2843//2843 2821//2821 2818//2818
f 2817//2817 2820//2820 2902//2902 2901//2901
f 2819//2819 2842//2842 2818//2818
f 2816//2816 2817//2817 2901//2901 2903//2903
f 2904//2904 2812//2812 2816//2816 2903//2903
f 349//349 2904//2904 2903//2903 345//345
f 2819//2819 2813//2813 2814//2814
f 2906//2906 2808//2808 2811//2811 2905//2905
f 354//354 2906//2906 2905//2905 350//350
f 2815//2815 2809//2809 2810//2810
f 2807//2807 2848//2848 2810//2810
f 2806//2806 2808//2808 2906//2906 2907//2907
f 2881//2881 2848//2848 2807//2807 2805//2805
f 2880//2880 2881//2881 2805//2805 2803//2803
f 2802//2802 2804//2804 2909//2909 2908//2908
f 2880//2880 2803//2803 2800//2800
f 2801//2801 2802//2802 2908//2908 2910//2910
f 2796//2796 2801//2801 2910//2910 2911//2911
f 2877//2877 2878//2878 2880//2880 2800//2800
f 2798//2798 2877//2877 2800//2800
f 2795//2795 2799//2799 2912//2912
f 2912//2912 2799//2799 2914//2914 2913//2913
f 2915//2915 2790//2790 2912//2912 2913//2913
f 2797//2797 2801//2801 2796//2796
f 2793//2793 2876//2876 2877//2877 2794//2794
f 2860//2860 2859//2859 2876//2876 2793//2793
f 2792//2792 2916//2916 2860//2860 2793//2793
f 2790//2790 2791//2791 2795//2795 2912//2912
f 2916//2916 2792//2792 2789//2789
f 2917//2917 2788//2788 2790//2790 2915//2915
f 2787//2787 2872//2872 2916//2916 2789//2789
f 2785//2785 2873//2873 2872//2872 2787//2787
f 2919//2919 2784//2784 2786//2786 2918//2918
f 2920//2920 2919//2919 2918//2918
f 2919//2919 2920//2920 2921//2921
f 2922//2922 2874//2874 2873//2873 2785//2785
f 2783//2783 2923//2923 2922//2922 2785//2785
f 1998//1998 2874//2874 2922//2922
f 2919//2919 2782//2782 2784//2784
f 2923//2923 2783//2783 2781//2781
f 2780//2780 2782//2782 2919//2919 2921//2921
f 2925//2925 2924//2924 2780//2780 2921//2921
f 2924//2924 2925//2925 2926//2926
f 2003//2003 2927//2927 2923//2923 2781//2781
f 2779//2779 2928//2928 2003//2003 2781//2781
f 2924//2924 2778//2778 2780//2780
f 2928//2928 2779//2779 2777//2777
f 2776//2776 2778//2778 2924//2924 2926//2926
f 2929//2929 2776//2776 2926//2926
f 2774//2774 2930//2930 2928//2928 2777//2777
f 2931//2931 2773//2773 2776//2776 2929//2929
f 2932//2932 2931//2931 2929//2929
f 2931//2931 2932//2932 2933//2933
f 2770//2770 2775//2775 2931//2931 2933//2933
f 2934//2934 2770//2770 2933//2933
f 2931//2931 2775//2775 2773//2773
f 2771//2771 2775//2775 2770//2770
f 2935//2935 2769//2769 2770//2770 2934//2934
f 2720//2720 2749//2749 2721//2721
f 2748//2748 2749//2749 2720//2720 2718//2718
f 2715//2715 2717//2717 2756//2756 2757//2757
f 2767//2767 2715//2715 2757//2757
f 2742//2742 2748//2748 2718//2718 2716//2716
f 2713//2713 2745//2745 2741//2741 2714//2714
f 2712//2712 2715//2715 2767//2767 2711//2711
f 2742//2742 2716//2716 2714//2714
f 2702//2702 2745//2745 2713//2713 2709//2709
f 2937//2937 2706//2706 2707//2707 2936//2936
f 2704//2704 2706//2706 2937//2937 2938//2938
f 2939//2939 2703//2703 2704//2704 2938//2938
f 2705//2705 2701//2701 2702//2702 2709//2709
f 2700//2700 2940//2940 2698//2698
f 2697//2697 2747//2747 2744//2744 2699//2699
f 2940//2940 2941//2941 2696//2696 2698//2698
f 2943//2943 2941//2941 2940//2940 2942//2942
f 2945//2945 2944//2944 2943//2943 2942//2942
f 2941//2941 2694//2694 2696//2696
f 2946//2946 2695//2695 2692//2692
f 2693//2693 2694//2694 2941//2941 2943//2943
f 2947//2947 2693//2693 2943//2943
f 2690//2690 2693//2693 2947//2947 2948//2948
f 2691//2691 2693//2693 2690//2690
f 2949//2949 2689//2689 2690//2690 2948//2948
f 2048//2048 2467//2467 2047//2047
f 2464//2464 2044//2044 2047//2047
f 2046//2046 2045//2045 2946//2946 2692//2692
f 2051//2051 2046//2046 2692//2692
f 2464//2464 2463//2463 2043//2043 2044//2044
f 2946//2946 2045//2045 2042//2042
f 2475//2475 2039//2039 2041//2041 2043//2043
f 2038//2038 2746//2746 2747//2747 2040//2040
f 2454//2454 2037//2037 2039//2039 2475//2475
f 2036//2036 2734//2734 2746//2746 2038//2038
f 2453//2453 2035//2035 2037//2037 2454//2454
f 2034//2034 2731//2731 2734//2734 2036//2036
f 2449//2449 2032//2032 2035//2035 2453//2453
f 2033//2033 2730//2730 2731//2731 2034//2034
f 2032//2032 2449//2449 2031//2031
f 2730//2730 2033//2033 2030//2030
f 2500//2500 2028//2028 2029//2029
f 2025//2025 2028//2028 2024//2024
f 2499//2499 2022//2022 2024//2024
f 2727//2727 2026//2026 2023//2023
f 2499//2499 2501//2501 2234//2234 2020//2020
f 2022//2022 2499//2499 2020//2020
f 2020//2020 2234//2234 2231//2231 2019//2019
f 2228//2228 2227//2227 2017//2017 2019//2019
f 2231//2231 2228//2228 2019//2019
f 2018//2018 2014//2014 2726//2726 2023//2023
f 2021//2021 2018//2018 2023//2023
f 2017//2017 2227//2227 2016//2016
f 2726//2726 2014//2014 2015//2015
f 2722//2722 2723//2723 2015//2015 2013//2013
f 2752//2752 2722//2722 2013//2013 2011//2011
f 2752//2752 2011//2011 2009//2009 2772//2772
f 2754//2754 2752//2752 2772//2772
f 2009//2009 2008//2008 2930//2930 2774//2774
f 2772//2772 2009//2009 2774//2774
f 2007//2007 2010//2010 2226//2226 2006//2006
f 2224//2224 2005//2005 2006//2006
f 2930//2930 2008//2008 2004//2004
f 2002//2002 2927//2927 2003//2003
f 2928//2928 2930//2930 2004//2004 2003//2003
f 2001//2001 2005//2005 2000//2000
f 2221//2221 1999//1999 2000//2000
f 2221//2221 2216//2216 2217//2217 1996//1996
f 1999//1999 2221//2221 1996//1996
f 1998//1998 1995//1995 2875//2875 2874//2874
f 2217//2217 1994//1994 1996//1996
f 1995//1995 1993//1993 2867//2867 2869//2869
f 2875//2875 1995//1995 2869//2869
f 2217//2217 2214//2214 1992//1992 1994//1994
f 1993//1993 1991//1991 2866//2866 2867//2867
f 2214//2214 2211//2211 1990//1990 1992//1992
f 2211//2211 2212//2212 1988//1988 1990//1990
f 1989//1989 1987//1987 2834//2834 2833//2833
f 2868//2868 1989//1989 2833//2833
f 2212//2212 2502//2502 1986//1986 1988//1988
f 2834//2834 1987//1987 1984//1984
f 1986//1986 2502//2502 1983//1983
f 1985//1985 2898//2898 1984//1984
f 2205//2205 2206//2206 1981//1981 1983//1983
f 2502//2502 2205//2205 1983//1983
f 2208//2208 2503//2503 1979//1979 1980//1980
f 1985//1985 1982//1982 1978//1978
f 1981//1981 2206//2206 1980//1980
f 2887//2887 1977//1977 1975//1975
f 1976//1976 1979//1979 1974//1974
f 1972//1972 2895//2895 2894//2894 2886//2886
f 1975//1975 1972//1972 2886//2886
f 1979//1979 2503//2503 1970//1970 1974//1974
f 1973//1973 2895//2895 1972//1972
f 2503//2503 2504//2504 1971//1971 1970//1970
f 1973//1973 1969//1969 1968//1968
f 1968//1968 1966//1966 2950//2950 2896//2896
f 2896//2896 2950//2950 2952//2952 2951//2951
f 2950//2950 2954//2954 2953//2953 2952//2952
f 2954//2954 2956//2956 2955//2955 2953//2953
f 2956//2956 2958//2958 2957//2957 2955//2955
f 2958//2958 2960//2960 2959//2959 2957//2957
f 2960//2960 2962//2962 2961//2961 2959//2959
f 2962//2962 2964//2964 2963//2963 2961//2961
f 2964//2964 2966//2966 2965//2965 2963//2963
f 2965//2965 2966//2966 2968//2968 2967//2967
f 2968//2968 2970//2970 2969//2969 2967//2967
f 2970//2970 2972//2972 2971//2971 2969//2969
f 2972//2972 2974//2974 2973//2973 2971//2971
f 2974//2974 2976//2976 2975//2975 2973//2973
f 2976//2976 2978//2978 2977//2977 2975//2975
f 2978//2978 2980//2980 2979//2979 2977//2977
f 2979//2979 2980//2980 2982//2982 2981//2981
f 2982//2982 2984//2984 2983//2983 2981//2981
f 2984//2984 2986//2986 2985//2985 2983//2983
f 2985//2985 2986//2986 2988//2988 2987//2987
f 2988//2988 1914//1914 272//272 2987//2987
f 2966//2966 1949//1949 1944//1944 2968//2968
f 307//307 2965//2965 2967//2967 302//302
f 2959//2959 2961//2961 309//309 317//317
f 2990//2990 2989//2989 2960//2960 2958//2958
f 2991//2991 2990//2990 2958//2958 2956//2956
f 1966//1966 1965//1965 2954//2954 2950//2950
f 1964//1964 2991//2991 2956//2956 2954//2954
f 1965//1965 1964//1964 2954//2954
f 1962//1962 1963//1963 1967//1967 1971//1971
f 2505//2505 2506//2506 1961//1961 1962//1962
f 2991//2991 1964//1964 1960//1960
f 2506//2506 2507//2507 1959//1959 1961//1961
f 1958//1958 2990//2990 2991//2991 1960//1960
f 2507//2507 2508//2508 1957//1957 1959//1959
f 1955//1955 2989//2989 2990//2990 1958//1958
f 1956//1956 2989//2989 1955//1955
f 2172//2172 2509//2509 1952//1952 1954//1954
f 2174//2174 2172//2172 1954//1954
f 1956//1956 1953//1953 1951//1951
f 1952//1952 2509//2509 1950//1950
f 1951//1951 1948//1948 2964//2964 2962//2962
f 2171//2171 2160//2160 1947//1947 1950//1950
f 2509//2509 2171//2171 1950//1950
f 1948//1948 1949//1949 2966//2966 2964//2964
f 2161//2161 2164//2164 1945//1945 1947//1947
f 2160//2160 2161//2161 1947//1947
f 1949//1949 1946//1946 1944//1944
f 1945//1945 2164//2164 1943//1943
f 1944//1944 1942//1942 2970//2970 2968//2968
f 2164//2164 2165//2165 1941//1941 1943//1943
f 1942//1942 1940//1940 2972//2972 2970//2970
f 2165//2165 2166//2166 1939//1939 1941//1941
f 1940//1940 1938//1938 2974//2974 2972//2972
f 2166//2166 2168//2168 1937//1937 1939//1939
f 2168//2168 1936//1936 1937//1937
f 1935//1935 1934//1934 2978//2978 2976//2976
f 1934//1934 1933//1933 2980//2980 2978//2978
f 1932//1932 1936//1936 1931//1931
f 2511//2511 2513//2513 1930//1930 1931//1931
f 2170//2170 2511//2511 1931//1931
f 2980//2980 1933//1933 1928//1928 2982//2982
f 2513//2513 1929//1929 1930//1930
f 1927//1927 1926//1926 2986//2986 2984//2984
f 1925//1925 1929//1929 1924//1924
f 2514//2514 2516//2516 1923//1923 1924//1924
f 1921//1921 1923//1923 1920//1920
f 2519//2519 2525//2525 1919//1919 1920//1920
f 2517//2517 2519//2519 1920//1920
f 2526//2526 2992//2992 1915//1915 1917//1917
f 1919//1919 2526//2526 1917//1917
f 1839//1839 2992//2992 2526//2526
f 1918//1918 1916//1916 1914//1914 2988//2988
f 1922//1922 1918//1918 2988//2988
f 1915//1915 2992//2992 1913//1913
f 1839//1839 1838//1838 1841//1841 1913//1913
f 2992//2992 1839//1839 1913//1913
f 1835//1835 1836//1836 2523//2523
f 2522//2522 1836//1836 1833//1833
f 1835//1835 2993//2993 1831//1831
f 1833//1833 1834//1834 1839//1839 2526//2526
f 2993//2993 2994//2994 1830//1830 1831//1831
f 1832//1832 1829//1829 1827//1827 1837//1837
f 1828//1828 1905//1905 1847//1847 1840//1840
f 1827//1827 1828//1828 1840//1840
f 1824//1824 1825//1825 1903//1903 1828//1828
f 1819//1819 1822//1822 1826//1826 1830//1830
f 2994//2994 1815//1815 1819//1819 1830//1830
f 1818//1818 1814//1814 2995//2995
f 2997//2997 2996//2996 1818//1818 2995//2995
f 2998//2998 2997//2997 2995//2995
f 3000//3000 2997//2997 2998//2998 2999//2999
f 3002//3002 3000//3000 2999//2999 3001//3001
f 3004//3004 3002//3002 3001//3001 3003//3003
f 3006//3006 3004//3004 3003//3003 3005//3005
f 3008//3008 3006//3006 3005//3005 3007//3007
f 3009//3009 3008//3008 3007//3007 1793//1793
f 3010//3010 3009//3009 1793//1793
f 3009//3009 3010//3010 1783//1783
f 3012//3012 3011//3011 3008//3008 3009//3009
f 3014//3014 3013//3013 3011//3011 3012//3012
f 3013//3013 3016//3016 3015//3015 3011//3011
f 3015//3015 3016//3016 3018//3018 3017//3017
f 3021//3021 3020//3020 3019//3019 3018//3018
f 3016//3016 3021//3021 3018//3018
f 3020//3020 3023//3023 3022//3022 3019//3019
f 3023//3023 3026//3026 3025//3025 3024//3024
f 3022//3022 3023//3023 3024//3024
f 3026//3026 3028//3028 3027//3027 3025//3025
f 3030//3030 3027//3027 3028//3028 3029//3029
f 3031//3031 3030//3030 3029//3029
f 3030//3030 3031//3031 3032//3032
f 3034//3034 3030//3030 3032//3032 3033//3033
f 2996//2996 3034//3034 3033//3033 1817//1817
f 3032//3032 65//65 1821//1821 3033//3033
f 3028//3028 3036//3036 3035//3035 3029//3029
f 3036//3036 3037//3037 3035//3035
f 3037//3037 3036//3036 3039//3039 3038//3038
f 3039//3039 3042//3042 3041//3041 3040//3040
f 3038//3038 3039//3039 3040//3040
f 3044//3044 3041//3041 3042//3042 3043//3043
f 3046//3046 3044//3044 3043//3043 3045//3045
f 3047//3047 3044//3044 3046//3046 1766//1766
f 3048//3048 3041//3041 3044//3044 3047//3047
f 1760//1760 48//48 3048//3048 3047//3047
f 3041//3041 3048//3048 3040//3040
f 52//52 3038//3038 3040//3040
f 3027//3027 3030//3030 3034//3034 3049//3049
f 60//60 3031//3031 3029//3029
f 3039//3039 3036//3036 3028//3028 3026//3026
f 3025//3025 3027//3027 3049//3049 3050//3050
f 3042//3042 3039//3039 3026//3026 3023//3023
f 3024//3024 3025//3025 3050//3050 3051//3051
f 3053//3053 3052//3052 3024//3024 3051//3051
f 3054//3054 3053//3053 3051//3051
f 3056//3056 3053//3053 3054//3054 3055//3055
f 3056//3056 3055//3055 3017//3017
f 3052//3052 3022//3022 3024//3024
f 3022//3022 3052//3052 3057//3057 3019//3019
f 3045//3045 3043//3043 3020//3020 3021//3021
f 3059//3059 3045//3045 3021//3021 3058//3058
f 3058//3058 3061//3061 3060//3060 1768//1768
f 3059//3059 3058//3058 1768//1768
f 3060//3060 3061//3061 1780//1780
f 3019//3019 3057//3057 3018//3018
f 3018//3018 3057//3057 3056//3056 3017//3017
f 3058//3058 3021//3021 3016//3016 3013//3013
f 3061//3061 3058//3058 3013//3013 3014//3014
f 3004//3004 3006//3006 3015//3015 3017//3017
f 3055//3055 3004//3004 3017//3017
f 3005//3005 3003//3003 3063//3063 3062//3062
f 3054//3054 3002//3002 3004//3004 3055//3055
f 3000//3000 3002//3002 3054//3054 3051//3051
f 3050//3050 3000//3000 3051//3051
f 3001//3001 2999//2999 3065//3065 3064//3064
f 3050//3050 3049//3049 2997//2997 3000//3000
f 2999//2999 2998//2998 3066//3066 1806//1806
f 3065//3065 2999//2999 1806//1806
f 3049//3049 3034//3034 2996//2996 2997//2997
f 3066//3066 2998//2998 2995//2995
f 3033//3033 1821//1821 1816//1816 1817//1817
f 1818//1818 2996//2996 1817//1817
f 1815//1815 2994//2994 1813//1813
f 1813//1813 2994//2994 2993//2993 1812//1812
f 1812//1812 2993//2993 1835//1835 2523//2523
f 2527//2527 1810//1810 1812//1812 2523//2523
f 1811//1811 1808//1808 3066//3066 2995//2995
f 1814//1814 1811//1811 2995//2995
f 2528//2528 1807//1807 1809//1809
f 1810//1810 2527//2527 1809//1809
f 3066//3066 1808//1808 1806//1806
f 1804//1804 1807//1807 2528//2528 2529//2529
f 1805//1805 3065//3065 1806//1806
f 1802//1802 1804//1804 2529//2529 2123//2123
f 2530//2530 1802//1802 2123//2123
f 3064//3064 3065//3065 1805//1805 1803//1803
f 1800//1800 1802//1802 2530//2530 2120//2120
f 2532//2532 1800//1800 2120//2120
f 3063//3063 3064//3064 1803//1803 1801//1801
f 1798//1798 1800//1800 2532//2532 2531//2531
f 3062//3062 3063//3063 1801//1801 1799//1799
f 1797//1797 1798//1798 2531//2531 2534//2534
f 3062//3062 1799//1799 1796//1796
f 3007//3007 3005//3005 3062//3062 1796//1796
f 1795//1795 3007//3007 1796//1796
f 1792//1792 3010//3010 1793//1793
f 1791//1791 1794//1794 1797//1797 2535//2535
f 2539//2539 1791//1791 2535//2535
f 3007//3007 1795//1795 1793//1793
f 1791//1791 2539//2539 1790//1790
f 2540//2540 1789//1789 1790//1790
f 2540//2540 2543//2543 2569//2569 1787//1787
f 1789//1789 2540//2540 1787//1787
f 2569//2569 2570//2570 1785//1785 1787//1787
f 2570//2570 2571//2571 1786//1786 1785//1785
f 1792//1792 1788//1788 1784//1784 1783//1783
f 3010//3010 1792//1792 1783//1783
f 1781//1781 3012//3012 3009//3009 1783//1783
f 1779//1779 3014//3014 3012//3012 1781//1781
f 1780//1780 3061//3061 3014//3014 1779//1779
f 1777//1777 1778//1778 1782//1782 1786//1786
f 2617//2617 2616//2616 1775//1775 1777//1777
f 2616//2616 2615//2615 1774//1774 1775//1775
f 1774//1774 2615//2615 2599//2599 2602//2602
f 2607//2607 1772//1772 1774//1774 2602//2602
f 2608//2608 1769//1769 1771//1771
f 1773//1773 1770//1770 3060//3060 1780//1780
f 1776//1776 1773//1773 1780//1780
f 1772//1772 2607//2607 1771//1771
f 3060//3060 1770//1770 1768//1768
f 1767//1767 3059//3059 1768//1768
f 3045//3045 3059//3059 1767//1767 1765//1765
f 3046//3046 3045//3045 1765//1765
f 1766//1766 3046//3046 1765//1765
f 1763//1763 2610//2610 1762//1762
f 1759//1759 1760//1760 3047//3047 1766//1766
f 1754//1754 1755//1755 1758//1758 1762//1762
f 2610//2610 1754//1754 1762//1762
f 2610//2610 2609//2609 2611//2611 1753//1753
f 1754//1754 2610//2610 1753//1753
f 2611//2611 3067//3067 1753//1753
f 3067//3067 3068//3068 1751//1751 1753//1753
f 3068//3068 3069//3069 1749//1749 1751//1751
f 3069//3069 1748//1748 1749//1749
f 1740//1740 3070//3070 1746//1746 1741//1741
f 3070//3070 3072//3072 3071//3071 1746//1746
f 1737//1737 3070//3070 1740//1740
f 1736//1736 3072//3072 3070//3070 1737//1737
f 3073//3073 3072//3072 1736//1736 1734//1734
f 3074//3074 3073//3073 1734//1734
f 1735//1735 3074//3074 1734//1734
f 7//7 10//10 3074//3074 1735//1735
f 1713//1713 1711//1711 1709//1709
f 1710//1710 1733//1733 1738//1738 1707//1707
f 1708//1708 1731//1731 1709//1709
f 1707//1707 1738//1738 1706//1706
f 1708//1708 1705//1705 3075//3075 1732//1732
f 1731//1731 1708//1708 1732//1732
f 3075//3075 1705//1705 1704//1704 3076//3076
f 1702//1702 1739//1739 1701//1701
f 1699//1699 3078//3078 3077//3077 3076//3076
f 1704//1704 1699//1699 3076//3076
f 3077//3077 3078//3078 3079//3079
f 1701//1701 1739//1739 1742//1742 1700//1700
f 1698//1698 3078//3078 1699//1699
f 3078//3078 1698//1698 1697//1697 3080//3080
f 3079//3079 3078//3078 3080//3080
f 3080//3080 1697//1697 1695//1695 3081//3081
f 3081//3081 1695//1695 1694//1694 3082//3082
f 3082//3082 1694//1694 1685//1685 3083//3083
f 1693//1693 1696//1696 1700//1700 1692//1692
f 1747//1747 1748//1748 3069//3069 1690//1690
f 1692//1692 1747//1747 1690//1690
f 1690//1690 3069//3069 3068//3068 1689//1689
f 2613//2613 1686//1686 1688//1688
f 1689//1689 3068//3068 3067//3067 1688//1688
f 1694//1694 1691//1691 1687//1687 1685//1685
f 1685//1685 1684//1684 3084//3084 3083//3083
f 1682//1682 1678//1678 3086//3086 3085//3085
f 3087//3087 1682//1682 3085//3085
f 3085//3085 3086//3086 3088//3088
f 3089//3089 3085//3085 3088//3088
f 3089//3089 3088//3088 3091//3091 3090//3090
f 153//153 3089//3089 3090//3090
f 1680//1680 2614//2614 1676//1676
f 1679//1679 3086//3086 1678//1678
f 1676//1676 2614//2614 2601//2601 1674//1674
f 1674//1674 2601//2601 2598//2598 1673//1673
f 2595//2595 2593//2593 1671//1671 1673//1673
f 2598//2598 2595//2595 1673//1673
f 1672//1672 1670//1670 3093//3093 3092//3092
f 1675//1675 1672//1672 3092//3092
f 3093//3093 3094//3094 3092//3092
f 3093//3093 3097//3097 3096//3096 3095//3095
f 3094//3094 3093//3093 3095//3095
f 3097//3097 1665//1665 3099//3099 3098//3098
f 3096//3096 3097//3097 3098//3098
f 3098//3098 3099//3099 3100//3100
f 3101//3101 3096//3096 3098//3098 1608//1608
f 3095//3095 3096//3096 3101//3101 3102//3102
f 3104//3104 3103//3103 3095//3095 3102//3102
f 3105//3105 3104//3104 3102//3102
f 3092//3092 3094//3094 3103//3103 3091//3091
f 3106//3106 3092//3092 3091//3091
f 3093//3093 1670//1670 1668//1668 3097//3097
f 1669//1669 2591//2591 2589//2589 1667//1667
f 3097//3097 1668//1668 1665//1665
f 2587//2587 1663//1663 1666//1666
f 1667//1667 2589//2589 1666//1666
f 1664//1664 3099//3099 1665//1665
f 1664//1664 1662//1662 3107//3107 3100//3100
f 3099//3099 1664//1664 3100//3100
f 3107//3107 1662//1662 1661//1661 3108//3108
f 1659//1659 2585//2585 1658//1658
f 1656//1656 3110//3110 3109//3109 3108//3108
f 1661//1661 1656//1656 3108//3108
f 3109//3109 3110//3110 3111//3111
f 3110//3110 1657//1657 1654//1654 3112//3112
f 3111//3111 3110//3110 3112//3112
f 1658//1658 2585//2585 2586//2586 1655//1655
f 1657//1657 3110//3110 1656//1656
f 1657//1657 1653//1653 1654//1654
f 1652//1652 2621//2621 1650//1650
f 1651//1651 3114//3114 3113//3113 3112//3112
f 1654//1654 1651//1651 3112//3112
f 3113//3113 3114//3114 3115//3115
f 3115//3115 3114//3114 3117//3117 3116//3116
f 3117//3117 3118//3118 3116//3116
f 3113//3113 3119//3119 3112//3112
f 1650//1650 2621//2621 2620//2620 1648//1648
f 3117//3117 3114//3114 1651//1651 1649//1649
f 2620//2620 1647//1647 1648//1648
f 3117//3117 1649//1649 1646//1646 3120//3120
f 3118//3118 3117//3117 3120//3120
f 3121//3121 3118//3118 3120//3120
f 1645//1645 1647//1647 1644//1644
f 1644//1644 2622//2622 2623//2623 1643//1643
f 1640//1640 2632//2632 2633//2633 2636//2636
f 1639//1639 1640//1640 2636//2636
f 1643//1643 2625//2625 2630//2630 1640//1640
f 1641//1641 1643//1643 1640//1640
f 1646//1646 1642//1642 1638//1638 1637//1637
f 3120//3120 1646//1646 1637//1637
f 3121//3121 3120//3120 1637//1637 1630//1630
f 1631//1631 3121//3121 1630//1630
f 3121//3121 1631//1631 1627//1627
f 1631//1631 1626//1626 1627//1627
f 3116//3116 3118//3118 3121//3121 1627//1627
f 1624//1624 3116//3116 1627//1627
f 1625//1625 3122//3122 1623//1623
f 1622//1622 3115//3115 3116//3116 1624//1624
f 3122//3122 3123//3123 1621//1621 1623//1623
f 3123//3123 3124//3124 1619//1619 1621//1621
f 1618//1618 3119//3119 1620//1620
f 3124//3124 1617//1617 1619//1619
f 3112//3112 3119//3119 1618//1618 1616//1616
f 3111//3111 3112//3112 1616//1616
f 1614//1614 3109//3109 3111//3111 1616//1616
f 474//474 1613//1613 1615//1615 470//470
f 3108//3108 3109//3109 1614//1614 1612//1612
f 3100//3100 3107//3107 1610//1610 1607//1607
f 1608//1608 3098//3098 3100//3100 1607//1607
f 1603//1603 3101//3101 1608//1608 1605//1605
f 3105//3105 3102//3102 3101//3101 1603//1603
f 1600//1600 3105//3105 1603//1603
f 3105//3105 1600//1600 1601//1601
f 483//483 485//485 1599//1599 1602//1602
f 486//486 484//484 1250//1250 1103//1103
f 1251//1251 486//486 1103//1103
f 483//483 1602//1602 482//482
f 1604//1604 480//480 482//482
f 1249//1249 1250//1250 484//484 481//481
f 1604//1604 1606//1606 1609//1609 478//478
f 480//480 1604//1604 478//478
f 1249//1249 481//481 479//479
f 478//478 1609//1609 1611//1611 475//475
f 1611//1611 1613//1613 474//474 475//475
f 1248//1248 477//477 473//473
f 473//473 472//472 3125//3125 1112//1112
f 1111//1111 1248//1248 473//473 1112//1112
f 471//471 474//474 470//470
f 1615//1615 1617//1617 3124//3124 468//468
f 470//470 1615//1615 468//468
f 3125//3125 472//472 469//469
f 468//468 3124//3124 3123//3123 466//466
f 1247//1247 3125//3125 469//469 467//467
f 466//466 3123//3123 3122//3122 464//464
f 1245//1245 1247//1247 467//467 465//465
f 3122//3122 1625//1625 1628//1628 463//463
f 464//464 3122//3122 463//463
f 1244//1244 1245//1245 465//465 461//461
f 463//463 1628//1628 1629//1629 460//460
f 462//462 1244//1244 461//461
f 1629//1629 1632//1632 458//458 460//460
f 462//462 459//459 456//456
f 458//458 1632//1632 1634//1634 457//457
f 457//457 1634//1634 2669//2669 449//449
f 454//454 1289//1289 1246//1246 1240//1240
f 1243//1243 455//455 454//454 1240//1240
f 1290//1290 1289//1289 454//454 452//452
f 452//452 451//451 975//975 973//973
f 977//977 1290//1290 452//452 973//973
f 450//450 453//453 457//457 449//449
f 449//449 2669//2669 2666//2666 448//448
f 975//975 451//451 447//447
f 2666//2666 2665//2665 445//445 448//448
f 447//447 446//446 972//972 835//835
f 837//837 975//975 447//447 835//835
f 445//445 2665//2665 2664//2664 443//443
f 972//972 446//446 444//444
f 443//443 2664//2664 2663//2663 441//441
f 971//971 972//972 444//444 442//442
f 2663//2663 2654//2654 2653//2653 439//439
f 441//441 2663//2663 439//439
f 971//971 442//442 440//440 841//841
f 840//840 971//971 841//841
f 439//439 2653//2653 2652//2652 437//437
f 841//841 440//440 438//438 842//842
f 2652//2652 2651//2651 2655//2655 436//436
f 437//437 2652//2652 436//436
f 434//434 970//970 844//844 842//842
f 438//438 434//434 842//842
f 436//436 2655//2655 2657//2657 433//433
f 435//435 970//970 434//434
f 2657//2657 2659//2659 430//430 433//433
f 435//435 431//431 432//432
f 430//430 2659//2659 2661//2661 429//429
f 428//428 3126//3126 969//969 968//968
f 432//432 428//428 968//968
f 969//969 3126//3126 718//718
f 2661//2661 2949//2949 427//427 429//429
f 425//425 3126//3126 428//428
f 427//427 2949//2949 2948//2948 424//424
f 425//425 426//426 716//716 718//718
f 3126//3126 425//425 718//718
f 2948//2948 2947//2947 422//422 424//424
f 426//426 423//423 421//421
f 2943//2943 2944//2944 419//419 422//422
f 2947//2947 2943//2943 422//422
f 420//420 1307//1307 421//421
f 419//419 2944//2944 417//417
f 417//417 2944//2944 2945//2945 415//415
f 1548//1548 1311//1311 418//418 416//416
f 2945//2945 413//413 415//415
f 2945//2945 2942//2942 2939//2939 411//411
f 413//413 2945//2945 411//411
f 411//411 2939//2939 2938//2938 410//410
f 2938//2938 2937//2937 407//407 410//410
f 414//414 412//412 408//408 409//409
f 407//407 2937//2937 2936//2936 406//406
f 1545//1545 1546//1546 409//409 405//405
f 2765//2765 2766//2766 404//404 406//406
f 2936//2936 2765//2765 406//406
f 404//404 2766//2766 401//401
f 403//403 1543//1543 1545//1545 402//402
f 2762//2762 2763//2763 399//399 401//401
f 2766//2766 2762//2762 401//401
f 403//403 400//400 398//398
f 2763//2763 2768//2768 397//397 399//399
f 396//396 1542//1542 398//398
f 2768//2768 2935//2935 394//394 397//397
f 395//395 1539//1539 1542//1542 396//396
f 394//394 2935//2935 2934//2934 392//392
f 1539//1539 395//395 393//393 1340//1340
f 1337//1337 1539//1539 1340//1340
f 392//392 2934//2934 2933//2933 391//391
f 390//390 1537//1537 1345//1345 1340//1340
f 393//393 390//390 1340//1340
f 2933//2933 2932//2932 388//388 391//391
f 389//389 1537//1537 390//390
f 388//388 2932//2932 2929//2929 386//386
f 1537//1537 389//389 387//387 1348//1348
f 1344//1344 1537//1537 1348//1348
f 386//386 2929//2929 2926//2926 385//385
f 384//384 1535//1535 1353//1353 1348//1348
f 387//387 384//384 1348//1348
f 2926//2926 2925//2925 383//383 385//385
f 381//381 1535//1535 384//384
f 381//381 382//382 1358//1358 1352//1352
f 1535//1535 381//381 1352//1352
f 2921//2921 2920//2920 377//377 380//380
f 382//382 378//378 379//379
f 377//377 2920//2920 2918//2918 375//375
f 376//376 1534//1534 1363//1363 1357//1357
f 379//379 376//376 1357//1357
f 375//375 2918//2918 2917//2917 373//373
f 1529//1529 1534//1534 376//376 374//374
f 373//373 2917//2917 2915//2915 372//372
f 1528//1528 1529//1529 374//374 370//370
f 372//372 2915//2915 2913//2913 369//369
f 371//371 1528//1528 370//370
f 2913//2913 2914//2914 367//367 369//369
f 371//371 368//368 365//365
f 367//367 2914//2914 2911//2911 364//364
f 2911//2911 2910//2910 362//362 364//364
f 366//366 363//363 361//361
f 2910//2910 2908//2908 360//360 362//362
f 359//359 1531//1531 361//361
f 2908//2908 2909//2909 358//358 360//360
f 357//357 1532//1532 1531//1531 359//359
f 2909//2909 2907//2907 355//355 358//358
f 356//356 3127//3127 1532//1532 357//357
f 2907//2907 2906//2906 354//354 355//355
f 3127//3127 356//356 353//353
f 353//353 352//352 1533//1533 1515//1515
f 1517//1517 3127//3127 353//353 1515//1515
f 351//351 354//354 350//350
f 2905//2905 2904//2904 349//349 350//350
f 348//348 347//347 1514//1514 1376//1376
f 1512//1512 1533//1533 348//348 1376//1376
f 346//346 349//349 345//345
f 2903//2903 2901//2901 344//344 345//345
f 1514//1514 347//347 343//343
f 2901//2901 2902//2902 342//342 344//344
f 341//341 1513//1513 1514//1514 343//343
f 2902//2902 2900//2900 340//340 342//342
f 339//339 1511//1511 1513//1513 341//341
f 2900//2900 2899//2899 338//338 340//340
f 337//337 1510//1510 1511//1511 339//339
f 2899//2899 2897//2897 335//335 338//338
f 337//337 336//336 1509//1509 1397//1397
f 1398//1398 1510//1510 337//337 1397//1397
f 1509//1509 336//336 333//333
f 2888//2888 2889//2889 331//331 334//334
f 333//333 332//332 1508//1508 1402//1402
f 1400//1400 1509//1509 333//333 1402//1402
f 331//331 2889//2889 2891//2891 330//330
f 1508//1508 332//332 329//329
f 2891//2891 2892//2892 328//328 330//330
f 1508//1508 329//329 327//327 1406//1406
f 1405//1405 1508//1508 1406//1406
f 2892//2892 2951//2951 326//326 328//328
f 327//327 325//325 1408//1408 1406//1406
f 2951//2951 2952//2952 324//324 326//326
f 325//325 323//323 632//632 1408//1408
f 323//323 321//321 628//628 632//632
f 2953//2953 2955//2955 320//320 322//322
f 321//321 319//319 627//627 628//628
f 2955//2955 2957//2957 318//318 320//320
f 316//316 1552//1552 625//625 627//627
f 319//319 316//316 627//627
f 2957//2957 2959//2959 317//317 318//318
f 315//315 1552//1552 316//316
f 315//315 313//313 619//619 623//623
f 1552//1552 315//315 623//623
f 313//313 312//312 620//620 619//619
f 311//311 604//604 603//603 620//620
f 312//312 311//311 620//620
f 309//309 310//310 314//314 317//317
f 604//604 311//311 306//306
f 2963//2963 2965//2965 307//307 308//308
f 604//604 306//306 305//305 597//597
f 602//602 604//604 597//597
f 304//304 1555//1555 596//596 597//597
f 305//305 304//304 597//597
f 303//303 307//307 302//302
f 2967//2967 2969//2969 301//301 302//302
f 1555//1555 304//304 300//300
f 2969//2969 2971//2971 299//299 301//301
f 298//298 1554//1554 1555//1555 300//300
f 2971//2971 2973//2973 297//297 299//299
f 296//296 1556//1556 1554//1554 298//298
f 2973//2973 2975//2975 295//295 297//297
f 293//293 1557//1557 1556//1556 296//296
f 2975//2975 2977//2977 292//292 295//295
f 294//294 1557//1557 293//293
f 2977//2977 2979//2979 290//290 292//292
f 294//294 291//291 289//289
f 290//290 2979//2979 2981//2981 288//288
f 286//286 1558//1558 585//585 587//587
f 289//289 286//286 587//587
f 2981//2981 2983//2983 285//285 288//288
f 287//287 1558//1558 286//286
f 2983//2983 2985//2985 283//283 285//285
f 287//287 284//284 281//281
f 283//283 2985//2985 2987//2987 280//280
f 281//281 282//282 578//578 582//582
f 282//282 279//279 277//277
f 278//278 568//568 571//571 575//575
f 277//277 278//278 575//575
f 274//274 1559//1559 567//567 278//278
f 275//275 274//274 278//278
f 272//272 273//273 276//276 280//280
f 2987//2987 272//272 280//280
f 1914//1914 1912//1912 271//271 272//272
f 1559//1559 274//274 270//270
f 1912//1912 1911//1911 269//269 271//271
f 1559//1559 270//270 268//268 561//561
f 566//566 1559//1559 561//561
f 1911//1911 1910//1910 266//266 269//269
f 267//267 1560//1560 559//559 561//561
f 268//268 267//267 561//561
f 266//266 1910//1910 1909//1909 265//265
f 1560//1560 267//267 264//264
f 1909//1909 1907//1907 263//263 265//265
f 1560//1560 264//264 262//262 560//560
f 558//558 1560//1560 560//560
f 1907//1907 1908//1908 261//261 263//263
f 262//262 260//260 551//551 560//560
f 1908//1908 1906//1906 259//259 261//261
f 260//260 258//258 549//549 551//551
f 1906//1906 1900//1900 257//257 259//259
f 258//258 256//256 548//548 549//549
f 1900//1900 1898//1898 255//255 257//257
f 254//254 1561//1561 546//546 548//548
f 256//256 254//254 548//548
f 1898//1898 1897//1897 252//252 255//255
f 253//253 1561//1561 254//254
f 252//252 1897//1897 1896//1896 251//251
f 253//253 249//249 541//541 544//544
f 1561//1561 253//253 544//544
f 1896//1896 1893//1893 248//248 251//251
f 249//249 250//250 539//539 541//541
f 1893//1893 1894//1894 246//246 248//248
f 250//250 247//247 244//244
f 246//246 1894//1894 1892//1892 243//243
f 244//244 245//245 534//534 536//536
f 1890//1890 1891//1891 241//241 243//243
f 1892//1892 1890//1890 243//243
f 245//245 242//242 240//240
f 241//241 1891//1891 239//239
f 238//238 1597//1597 1562//1562 533//533
f 240//240 238//238 533//533
f 1891//1891 1889//1889 237//237 239//239
f 236//236 1595//1595 1597//1597 238//238
f 1889//1889 1887//1887 235//235 237//237
f 234//234 1594//1594 1595//1595 236//236
f 1887//1887 1885//1885 233//233 235//235
f 231//231 1596//1596 1594//1594 234//234
f 1883//1883 1884//1884 230//230 233//233
f 1885//1885 1883//1883 233//233
f 232//232 1596//1596 231//231
f 232//232 229//229 202//202
f 232//232 202//202 198//198 197//197
f 1596//1596 232//232 197//197
f 192//192 195//195 199//199 225//225
f 1569//1569 196//196 194//194 1568//1568
f 193//193 1592//1592 194//194
f 190//190 192//192 225//225 206//206
f 227//227 190//190 206//206
f 1591//1591 1592//1592 193//193 191//191
f 190//190 227//227 223//223 188//188
f 1590//1590 1591//1591 191//191 189//189
f 188//188 223//223 221//221 186//186
f 1580//1580 1590//1590 189//189 187//187
f 182//182 186//186 221//221 215//215
f 219//219 182//182 215//215
f 185//185 183//183 1587//1587 1579//1579
f 1580//1580 187//187 185//185
f 182//182 219//219 181//181
f 1587//1587 183//183 184//184 1586//1586
f 179//179 3128//3128 178//178
f 132//132 138//138 3129//3129 176//176
f 178//178 132//132 176//176
f 184//184 180//180 177//177
f 176//176 3129//3129 3130//3130 174//174
f 174//174 3130//3130 3131//3131 172//172
f 1585//1585 1586//1586 175//175 173//173
f 172//172 3131//3131 3132//3132 170//170
f 1584//1584 1585//1585 173//173 171//171
f 3132//3132 169//169 170//170
f 1588//1588 1584//1584 171//171 168//168
f 166//166 169//169 163//163
f 165//165 499//499 164//164
f 500//500 167//167 164//164
f 165//165 162//162 160//160
f 157//157 155//155 1601//1601
f 157//157 490//490 156//156
f 491//491 159//159 156//156
f 3089//3089 153//153 150//150
f 158//158 154//154 151//151
f 146//146 3084//3084 3087//3087 149//149
f 161//161 145//145 147//147
f 3083//3083 3084//3084 146//146 144//144
f 143//143 145//145 161//161 163//163
f 169//169 3132//3132 143//143 163//163
f 142//142 3082//3082 3083//3083 144//144
f 3132//3132 3131//3131 141//141 143//143
f 140//140 3081//3081 3082//3082 142//142
f 3131//3131 3130//3130 139//139 141//141
f 3130//3130 3129//3129 136//136 139//139
f 135//135 3079//3079 3080//3080 137//137
f 3129//3129 138//138 136//136
f 134//134 3077//3077 3079//3079 135//135
f 133//133 138//138 132//132
f 3076//3076 3077//3077 134//134 131//131
f 3133//3133 130//130 132//132 178//178
f 3128//3128 3133//3133 178//178
f 3133//3133 3128//3128 218//218
f 3133//3133 127//127 130//130
f 1732//1732 3075//3075 128//128 126//126
f 129//129 127//127 3133//3133 218//218
f 217//217 129//129 218//218
f 125//125 1730//1730 1732//1732 126//126
f 124//124 129//129 123//123
f 122//122 1729//1729 1730//1730 125//125
f 220//220 121//121 123//123
f 120//120 1728//1728 1729//1729 122//122
f 119//119 121//121 220//220 214//214
f 222//222 119//119 214//214
f 224//224 117//117 119//119 222//222
f 116//116 1723//1723 1726//1726 118//118
f 115//115 117//117 224//224 209//209
f 226//226 115//115 209//209
f 1722//1722 1723//1723 116//116 114//114
f 115//115 226//226 113//113
f 112//112 1725//1725 1722//1722 114//114
f 111//111 113//113 226//226 204//204
f 203//203 111//111 204//204
f 228//228 109//109 110//110
f 110//110 111//111 203//203 201//201
f 107//107 109//109 228//228 230//230
f 1884//1884 107//107 230//230
f 104//104 105//105 107//107 1884//1884
f 103//103 101//101 1724//1724 1725//1725
f 106//106 103//103 1725//1725
f 99//99 102//102 98//98
f 1879//1879 97//97 98//98 104//104
f 1881//1881 1879//1879 104//104
f 92//92 94//94 97//97 1880//1880
f 91//91 92//92 1880//1880 1873//1873
f 90//90 91//91 1873//1873 1871//1871
f 3135//3135 3134//3134 88//88 86//86
f 3137//3137 3134//3134 3135//3135 3136//3136
f 3139//3139 3138//3138 3135//3135 86//86
f 84//84 3139//3139 86//86
f 83//83 87//87 90//90 82//82
f 3139//3139 84//84 81//81
f 1867//1867 85//85 82//82 1869//1869
f 79//79 85//85 78//78
f 3140//3140 80//80 76//76
f 1895//1895 75//75 78//78 1864//1864
f 1863//1863 1895//1895 1864//1864
f 3141//3141 3140//3140 76//76 74//74
f 1895//1895 77//77 75//75
f 73//73 77//77 72//72
f 1899//1899 71//71 72//72 1857//1857
f 1856//1856 1899//1899 1857//1857
f 1823//1823 66//66 68//68 1825//1825
f 68//68 69//69 71//71 1902//1902
f 64//64 66//66 1823//1823 1820//1820
f 63//63 62//62 3141//3141 74//74
f 70//70 67//67 63//63 74//74
f 3035//3035 59//59 60//60 3029//3029
f 60//60 61//61 65//65 3032//3032
f 3031//3031 60//60 3032//3032
f 3141//3141 62//62 58//58
f 57//57 3140//3140 3141//3141 58//58
f 53//53 55//55 59//59 3035//3035
f 3037//3037 53//53 3035//3035
f 3138//3138 3139//3139 56//56 54//54
f 52//52 53//53 3037//3037 3038//3038
f 3138//3138 54//54 51//51
f 3136//3136 3135//3135 3138//3138 51//51
f 50//50 3136//3136 51//51
f 48//48 49//49 52//52 3040//3040
f 3048//3048 48//48 3040//3040
f 3136//3136 50//50 46//46
f 45//45 3137//3137 3136//3136 46//46
f 35//35 28//28 44//44 42//42
f 41//41 43//43 47//47 1761//1761
f 40//40 41//41 1761//1761 1757//1757
f 1756//1756 39//39 40//40
f 1756//1756 1752//1752 1750//1750 37//37
f 39//39 1756//1756 37//37
f 1750//1750 1745//1745 36//36 37//37
f 1746//1746 3071//3071 33//33 36//36
f 1745//1745 1746//1746 36//36
f 34//34 35//35 42//42 38//38
f 33//33 3071//3071 32//32
f 3072//3072 3073//3073 30//30 32//32
f 3071//3071 3072//3072 32//32
f 3073//3073 11//11 29//29 30//30
f 24//24 22//22 3137//3137 45//45
f 44//44 28//28 25//25 24//24
f 22//22 21//21 3134//3134 3137//3137
f 3134//3134 21//21 20//20 88//88
f 18//18 93//93 89//89 20//20
f 17//17 16//16 3142//3142 100//100
f 96//96 95//95 17//17 100//100
f 14//14 15//15 19//19 23//23
f 3142//3142 16//16 13//13
f 3074//3074 10//10 11//11 3073//3073
f 11//11 12//12 14//14 26//26
f 29//29 11//11 26//26
f 10//10 7//7 8//8
f 1717//1717 1719//1719 4//4 6//6
f 5//5 3//3 3142//3142 13//13
f 9//9 5//5 13//13
f 2//2 4//4 1719//1719 1721//1721
f 1724//1724 2//2 1721//1721
f 3142//3142 3//3 1//1 100//100
f 1//1 2//2 1724//1724 101//101
f 7//7 1735//1735 1727//1727 1716//1716
f 6//6 7//7 1716//1716
f 1702//1702 1703//1703 1706//1706
f 17//17 95//95 93//93 18//18
f 31//31 27//27 28//28 35//35
f 1742//1742 1743//1743 1747//1747 1692//1692
f 1700//1700 1742//1742 1692//1692
f 3043//3043 3042//3042 3023//3023 3020//3020
f 2606//2606 2604//2604 2613//2613 1688//1688
f 3067//3067 2611//2611 2606//2606 1688//1688
f 108//108 106//106 1725//1725 112//112
f 118//118 1726//1726 1728//1728 120//120
f 128//128 3075//3075 3076//3076 131//131
f 1876//1876 1878//1878 1882//1882 1886//1886
f 137//137 3080//3080 3081//3081 140//140
f 199//199 200//200 205//205 225//225
f 223//223 227//227 207//207 210//210
f 218//218 3128//3128 179//179 181//181
f 219//219 216//216 218//218 181//181
f 197//197 196//196 1569//1569 1593//1593
f 1573//1573 1591//1591 1590//1590 1575//1575
f 1586//1586 184//184 177//177 175//175
f 168//168 167//167 500//500 502//502
f 508//508 1588//1588 168//168 502//502
f 57//57 56//56 3139//3139 81//81
f 80//80 3140//3140 57//57 81//81
f 1761//1761 47//47 48//48 1760//1760
f 2603//2603 2607//2607 2602//2602
f 1821//1821 65//65 64//64 1820//1820
f 3057//3057 3052//3052 3053//3053 3056//3056
f 2571//2571 2617//2617 1777//1777 1786//1786
f 2524//2524 2527//2527 2523//2523
f 2119//2119 2532//2532 2120//2120
f 2688//2688 2541//2541 2538//2538
f 1894//1894 1868//1868 1865//1865 1892//1892
f 3087//3087 3085//3085 3089//3089 150//150
f 149//149 3087//3087 150//150
f 1848//1848 1850//1850 1906//1906 1908//1908
f 1928//1928 1927//1927 2984//2984 2982//2982
f 531//531 530//530 1056//1056 1052//1052
f 1261//1261 538//538 531//531 1052//1052
f 1060//1060 1260//1260 1598//1598 1062//1062
f 504//504 501//501 498//498
f 1044//1044 1041//1041 1036//1036 1037//1037
f 1167//1167 1181//1181 1179//1179 1169//1169
f 1223//1223 1090//1090 1091//1091 1095//1095
f 1227//1227 1223//1223 1095//1095
f 1269//1269 1270//1270 574//574 570//570
f 569//569 1269//1269 570//570
f 798//798 1016//1016 1014//1014 800//800
f 1004//1004 999//999 993//993 994//994
f 1683//1683 1686//1686 2613//2613 2612//2612
f 1681//1681 1683//1683 2612//2612 1680//1680
f 1679//1679 1677//1677 3106//3106
f 2614//2614 2605//2605 2600//2600 2601//2601
f 3106//3106 1677//1677 1675//1675 3092//3092
f 2574//2574 2617//2617 2571//2571 2572//2572
f 3084//3084 1684//1684 1682//1682 3087//3087
f 3086//3086 1679//1679 3106//3106 3091//3091
f 3088//3088 3086//3086 3091//3091
f 3103//3103 3094//3094 3095//3095
f 148//148 154//154 147//147
f 152//152 153//153 3090//3090
f 160//160 159//159 491//491 493//493
f 499//499 165//165 160//160 493//493
f 3090//3090 3104//3104 3105//3105 1601//1601
f 155//155 152//152 3090//3090 1601//1601
f 1763//1763 1764//1764 1769//1769 2608//2608
f 1671//1671 2593//2593 2591//2591 1669//1669
f 1660//1660 1663//1663 2587//2587 1659//1659
f 3011//3011 3015//3015 3006//3006 3008//3008
f 2576//2576 2573//2573 2566//2566 2564//2564
f 2618//2618 2621//2621 1652//1652 1655//1655
f 2586//2586 2618//2618 1655//1655
f 2676//2676 2688//2688 2680//2680 2675//2675
f 2093//2093 2090//2090 2670//2670 2548//2548
f 2671//2671 2093//2093 2548//2548
f 2623//2623 2625//2625 1643//1643
f 3091//3091 3103//3103 3104//3104 3090//3090
f 1610//1610 3107//3107 3108//3108 1612//1612
f 3119//3119 3113//3113 3115//3115 1622//1622
f 1620//1620 3119//3119 1622//1622
f 1633//1633 1636//1636 1639//1639 1635//1635
f 507//507 506//506 1258//1258 1069//1069
f 1065//1065 1066//1066 507//507 1069//1069
f 1252//1252 488//488 486//486 1251//1251
f 476//476 477//477 479//479
f 1224//1224 1225//1225 1229//1229 1238//1238
f 1112//1112 3125//3125 1247//1247 1113//1113
f 1277//1277 1275//1275 1004//1004 994//994
f 982//982 989//989 985//985 980//980
f 455//455 1243//1243 456//456
f 2515//2515 2138//2138 2135//2135
f 2124//2124 2126//2126 2384//2384 2385//2385
f 2110//2110 2396//2396 2109//2109
f 2143//2143 2144//2144 2148//2148 2152//2152
f 2361//2361 2358//2358 2354//2354 2351//2351
f 2439//2439 2491//2491 2284//2284 2285//2285
f 2175//2175 2380//2380 2173//2173
f 2265//2265 2374//2374 2245//2245 2244//2244
f 2450//2450 2492//2492 2497//2497 2498//2498
f 2452//2452 2450//2450 2498//2498
f 2986//2986 1926//1926 1922//1922 2988//2988
f 1938//1938 1935//1935 2976//2976 2974//2974
f 1956//1956 1951//1951 2962//2962 2960//2960
f 2989//2989 1956//1956 2960//2960
f 2711//2711 2767//2767 2760//2760 2761//2761
f 2710//2710 2711//2711 2761//2761
f 578//578 579//579 582//582
f 792//792 1021//1021 1019//1019 796//796
f 1271//1271 1287//1287 1291//1291 807//807
f 806//806 1008//1008 1271//1271 807//807
f 588//588 781//781 782//782 591//591
f 927//927 902//902 903//903 929//929
f 942//942 940//940 958//958 874//874
f 872//872 942//942 874//874
f 617//617 620//620 603//603 601//601
f 1553//1553 617//617 601//601
f 1472//1472 1550//1550 1496//1496 1471//1471
f 696//696 691//691 692//692
f 2728//2728 2730//2730 2030//2030 2027//2027
f 2746//2746 2734//2734 2733//2733 2737//2737
f 2743//2743 2746//2746 2737//2737
f 694//694 1319//1319 1320//1320 693//693
f 3003//3003 3001//3001 3064//3064 3063//3063
f 2092//2092 2093//2093 2673//2673 2096//2096
f 2631//2631 2086//2086 2082//2082 2079//2079
f 2392//2392 2364//2364 2363//2363 2371//2371
f 2409//2409 2408//2408 2477//2477 2478//2478
f 2075//2075 2483//2483 2481//2481 2068//2068
f 2493//2493 2497//2497 2492//2492 2273//2273
f 2272//2272 2493//2493 2273//2273
f 2460//2460 2455//2455 2454//2454 2475//2475
f 2468//2468 2467//2467 2048//2048 2049//2049
f 2054//2054 2472//2472 2468//2468 2049//2049
f 1634//1634 1635//1635 2668//2668 2669//2669
f 2654//2654 2647//2647 2650//2650
f 2662//2662 2689//2689 2949//2949 2661//2661
f 1286//1286 1291//1291 1287//1287 1285//1285
f 1282//1282 1283//1283 982//982 983//983
f 974//974 977//977 973//973
f 912//912 907//907 908//908 888//888
f 887//887 912//912 888//888
f 873//873 869//869 864//864 865//865
f 967//967 831//831 833//833 838//838
f 1304//1304 1303//1303 1305//1305 736//736
f 735//735 1304//1304 736//736
f 726//726 709//709 706//706
f 718//718 717//717 719//719 850//850
f 851//851 969//969 718//718 850//850
f 1984//1984 2898//2898 2828//2828 2827//2827
f 2829//2829 2834//2834 1984//1984 2827//2827
f 2258//2258 2260//2260 2203//2203 2209//2209
f 2263//2263 2258//2258 2209//2209
f 2002//2002 1997//1997 1998//1998 2922//2922
f 2927//2927 2002//2002 2922//2922
f 2830//2830 2831//2831 2843//2843 2839//2839
f 2835//2835 2830//2830 2839//2839
f 2865//2865 2836//2836 2837//2837 2864//2864
f 2872//2872 2871//2871 2861//2861 2860//2860
f 2916//2916 2872//2872 2860//2860
f 2815//2815 2846//2846 2814//2814
f 2847//2847 2848//2848 2881//2881 2850//2850
f 2877//2877 2798//2798 2794//2794
f 2893//2893 2896//2896 2951//2951 2892//2892
f 2820//2820 2822//2822 2900//2900 2902//2902
f 2918//2918 2786//2786 2788//2788 2917//2917
f 2811//2811 2812//2812 2904//2904 2905//2905
f 2804//2804 2806//2806 2907//2907 2909//2909
f 2914//2914 2799//2799 2796//2796 2911//2911
f 1403//1403 1412//1412 1416//1416 1401//1401
f 1349//1349 1442//1442 1439//1439 1441//1441
f 1536//1536 1346//1346 1349//1349 1441//1441
f 1513//1513 1511//1511 1379//1379 1377//1377
f 1368//1368 1372//1372 1383//1383 1385//1385
f 1367//1367 1368//1368 1385//1385
f 1362//1362 1534//1534 1529//1529 1526//1526
f 1533//1533 352//352 348//348
f 1532//1532 3127//3127 1517//1517 1518//1518
f 366//366 1530//1530 365//365
f 2179//2179 2174//2174 1954//1954 1957//1957
f 2508//2508 2179//2179 1957//1957
f 2350//2350 2353//2353 2365//2365 2349//2349
f 2448//2448 2452//2452 2500//2500 2029//2029
f 2031//2031 2448//2448 2029//2029
f 2504//2504 2505//2505 1962//1962 1971//1971
f 2248//2248 2249//2249 2261//2261 2259//2259
f 2010//2010 2012//2012 2016//2016 2226//2226
f 1978//1978 1977//1977 2887//2887 2884//2884
f 2898//2898 1985//1985 1978//1978 2884//2884
f 1991//1991 1989//1989 2868//2868 2866//2866
f 2923//2923 2927//2927 2922//2922
f 2961//2961 2963//2963 308//308 309//309
f 2952//2952 2953//2953 322//322 324//324
f 335//335 2897//2897 2888//2888 334//334
f 383//383 2925//2925 2921//2921 380//380
f 615//615 614//614 1551//1551 640//640
f 641//641 622//622 615//615 640//640
f 649//649 1294//1294 1296//1296 652//652
f 1306//1306 662//662 660//660
f 635//635 1499//1499 1500//1500 634//634
f 1469//1469 1494//1494 1491//1491 1468//1468
f 676//676 671//671 667//667 666//666
f 678//678 676//676 666//666
f 1396//1396 1399//1399 1416//1416 1415//1415
f 1507//1507 1394//1394 1396//1396 1415//1415
f 1390//1390 1424//1424 1427//1427 1389//1389
f 1354//1354 1503//1503 1434//1434 1436//1436
f 1442//1442 1350//1350 1354//1354 1436//1436
f 2457//2457 2444//2444 2445//2445 2455//2455
f 2042//2042 2040//2040 2747//2747 2697//2697
f 2695//2695 2946//2946 2042//2042 2697//2697
f 2727//2727 2724//2724 2728//2728 2027//2027
f 2026//2026 2727//2727 2027//2027
f 2735//2735 2736//2736 2750//2750 2740//2740
f 2699//2699 2744//2744 2745//2745 2702//2702
f 2224//2224 2220//2220 2221//2221 2000//2000
f 2005//2005 2224//2224 2000//2000
f 2717//2717 2719//2719 2751//2751 2756//2756
f 2712//2712 2711//2711 2708//2708
f 2940//2940 2700//2700 2703//2703 2939//2939
f 2942//2942 2940//2940 2939//2939
f 2759//2759 2769//2769 2935//2935 2768//2768
f 2707//2707 2710//2710 2764//2764 2765//2765
f 2936//2936 2707//2707 2765//2765
f 1316//1316 1549//1549 1312//1312 1313//1313
f 418//418 1311//1311 1308//1308 713//713
f 1307//1307 420//420 418//418 713//713
f 1322//1322 1323//1323 1324//1324 1331//1331
f 1547//1547 1548//1548 416//416 414//414
f 1542//1542 1539//1539 1338//1338 1540//1540
f 402//402 1545//1545 405//405
